No,ARTICULO,presentaciones
1,ABREXIL SUSP 120ML,{'SUSPENSION': 1}
2,ACETAMINOFEN GOTAS 100 MG FCO 30 ML SELEC,{'FRASCO': 1}
3,ACETAMINOFEN JBE 120 ML SELEC,{'JARABE': 1}
4,ACICLOVIR 400 MG BLIST X 10 CAJA X 50 SELEC,"{'BLISTER': 10, 'CAJA': 50}"
5,ACICLOVIR 400 MG BLISTER X 10 CAJA X 100 CAPLIN,"{'BLISTER': 10, 'CAJA': 100}"
6,ACICLOVIR 5% CREMA 10 GMS SELEC,{'CREMA': 1}
7,ACICLOVIR 5% CREMA 15 GMS CAPLIN,{'CREMA': 1}
8,ACIDO FOLICO 5 MG BLISTER X 20 CAJA X 100 SELEC,"{'BLISTER': 20, 'CAJA': 100}"
9,AGUA DESTILADA PARA INYE 10 ML PROMEGAL,"{'BOTE': 1}"
10,AGUA OXIGENADA 3% SOL LORALVA 120 ML,"{'BOTE':1}"
11,ALBENDAZOL 200MG/5ML SUSP SELECPHARMA,{'SUSPENSION': 1}
12,ALCOHOL 120 ML ENFERMERITA 50 %,"{'BOTE': 1}"
13,ALERMINE CORT CAJA X 10 TABS,{'CAJA': 1}
14,ALERMINE CORT JBE 60 ML,{'JARABE': 1}
15,AMOXI+ACIDO CLAV 250MG SUSP 60 ML SELEC LEVECILIN,{'SUSPENSION': 1}
16,AMOXI+CLAV 875/125 CAJA X 14 TABS LEVECILIN AC BID,{'CAJA': 1}
17,AMOXICILINA 250 MG/ 120 ML SELECT,"{'BOTE': 1}"
18,AMOXIPLUS 625 MGS (AMOX+CLAV) BALAXI CAJA X 14,{'CAJA': 1}
19,ANTIGRIP SOBRE X 4 TAB DISP X 100 ,"{'CAJA': 4, 'TABLETA': 1}"
20,ANTIGRIPITO INFANIL JBE 60 ML,{'JARABE': 1}
21,ANTIGRIPITO SOBRE X 4 TAB DISP X 100,"{'SOBRE': 4, 'TABLETA': 1}"
22,ATORVASTATINA 40 MG SELEC (CARTOR) CJ X 20 BLIST X 10,"{'BLISTER': 10, 'CAJA': 20}"
23,AZITROMICINA 500 MGS CAJA X 3 UMEDICA,{'CAJA': 1}
24,AZITROMICINA 500 MGS CAJA X 5 SELECT,{'CAJA': 1}
25,BABY OR NOT PRUEBA DE EMBARAZO DISMEV,"{'SUPOSITORIO': 1}"
26,BETAMETASONA .05%+ACIDO SALICI 3% SELEC TUBO,{'TUBO': 1}
27,BIFONEX  CREMA 1% 15G SELEC TUBO,"{'CREMA': 1}"
28,BIFONEX  SPRAY 1% 40 G SELEC,"{'SPRAY':1}"
29,BISALEX LAXANTE BLISTER X 10,"{'BLISTER': 10 , CAPSULA: '1'}"
30,BOSMAN  CAJA X 16 SOBRE X 3 CONDONES,"{'CAJA': 16, 'SOBRE': 1}"
31,BROMURO DE OTILONIO CAJA X 30 BLIST X 15,"{'CAJA': 30, 'BLISTER': 15}"
32,BRONCOMAT 15 ML SOL/PARA RAESPIRAR,"{'BOTE': 1}"
33,BRONCUROL NF BLIST X 10 TABS,"{'BLISTER': 10, 'TABLETA': 1}"
34,CALAMINA LOCION 100ML CAPLIN,"{'SPRAY': 1}"
35,CEFADROXILO 250MG/60ML SUS SELEC,"{'SUSPENSION': 1}"
36,CEFADROXILO 500MG BLIS X 10 CAJA 50 TAB SELECT,"{'BLIS': 10, 'CAJA': 50 }"
37,CEFIXIMA 400 MG CAJA X 5 CAPS SELEC,"{'CAJA':1}"
38,CIKRASEL 40G SPRAY,"{'SPRAY': 1}"
39,CIKRASEL CREMA TUBO 30GMS,"{'CREMA': 1}"
40,CIPROFIBRATO 100MG BLISTER X 10 CAJA X 30 SELEC,"{'BLISTER': 10, 'CAJA': 30}"
41,CIPROFLOXACINA 500 MGS BLIST X 10 CAJA X 100,"{'BLISTER': 10, 'CAJA': 100}"
42,CIRUELAX 75 MG BLISTER X 10  GARDEN,"{'BLISTER': 10, 'TABLETA': 1}"
43,CIRUELAX FORTE CAJA X 24 BLIST X 12,"{'CAJA': 24, 'BLISTER': 12}"
44,CLINDAMICINA 300 MG BLISTER X 10 MED PHARMA,"{'BLISTER': 10, 'TABLETA': 1}"
45,CLORA+DEXA+NAFA GOTAS SELEC,"{'FRASCO': 1}"
46,CLORANF+DEXAMETASONA COLIRIO 15 ML SELEC,"{'FRASCO': 1}"
47,CLORANFENICOL 0.5% GOTAS 15 ML SELEC,"{'FRASCO': 1}"
48,CLORFENIRAMINA 10 MG AMP SELEC,{'AMPOLLA': 1}
49,CLORFENIRAMINA 4 MG BLIS X 20 SELEC CAJA X 100,"{'BLISTER': 20, 'CAJA': 100}"
50,CLORFENIRAMINA MALEATO 2MG JBE. SELECT,{'JARABE': 1}
51,CLOROMILAN CAJA X 102,{'CAJA': 102}
52,CLOTRIMAZOL 1 % CREMA 20 GRS SELEC,{'CREMA': 1}
53,CLOTRIMAZOL 1 % GEL TOPICO TUBO 20 GRS BALAXI,"{'TUBO': 1}"
54,CLOTRIMAZOL OV VAG 100 MG CAJA X 6 CAPLIN,{'CAJA': 1}
55,CLOTRIPLEX TUBO 15 GMS ,{'TUBO': 1}
56,COFAL FORTE TARRO 60 GRS ROJO,"{'BOTE': 1}"
57,COFAL TARRO 60 GRS AZUL,"{'BOTE': 1}"
58,COLAGENO CAJA X 100 CAP GEL BLISTER X 10,"{'CAJA': 100, 'BLISTER': 10}"
59,COLCHICINA 0.5 MG BLISTER X 20 CAJA X 100  SELEC,"{'BLISTER': 20, 'CAJA': 100}"
60,COLCHICINA 0.5MG BLISTER X 10 CAPLIN,{'BLISTER': 1 }
61,COLECTOR DE HECES C/PALETA 60ML,"{'BOTE': 1}"
62,COLECTOR DE ORINA 120ML,"{'BOTE': 1}"
63,COLECTOR ORINA PEDIATRICO BOLSA OPERSON,{'BOLSA': 1}
64,CROSPOVIDONA 20%  SUSP 60 ML SELEC,{'SUSPENSION': 1}
65,CYCLOFEM AMPOLLA PANAL 1 ML,{'AMPOLLA': 1}
66,DENGUINA CAJA X 100 BLIST X 10 ,"{'CAJA': 100, 'BLISTER': 10}"
67,DEXA+NEOMICINA 1 % OFTALMICA SELEC,"{'FRASCO': 1}"
68,DEXAMETASONA AMPOLLA 8 MG CAPLIN,{'AMPOLLA': 1}
69,DEXANERVISEL KIT ,{'KIT': 1}
70,DEXASEL 0.5 MG BLISTR X 20 SELEC (DEXAMETASONA),"{'BLISTER': 20, 'TABLETA': 1}"
71,DICLOFENACO 1% GEL TUBO 20 GR SELECT,"{'TUBO': 1}"
72,DICLOFENACO 1% GEL TUBO 25 GR BALAXI,"{'TUBO': 1}"
73,DICLOFENACO ACIDO LIBRE 9MG FCO 120 ML SELE,{'FRASCO': 1}
74,DICLOFENACO AMPOLLA 75 MGS,{'AMPOLLA': 1}
75,DICLOFENACO POT 50 MGS BLIST X 10 CAJA X 100 SELEC,"{'BLISTER': 10, 'CAJA': 100}"
76,DOLOFOR 500 MGS (DIPIRONA MAGNESICA) BLIST X 10,"{'BLISTER': 10, 'TABLETA': 1}"
77,DOLONERVISEL BLIST X 10 CAJA X 100,"{'BLISTER': 10, 'CAJA': 100}"
78,DROPA GEL (KETOPROFENO 2.5%) 50G,{'GELATINA BLANDA': 1}
79,EFFCEE + ZINC  CAJA X 12 TAB. SOBRE X 4,"{'CAJA': 12, 'SOBRE': 4}"
80,ENALAPRIL 10 MGS BLISTER X 20  CAJA X 100 SELEC,"{'BLISTER': 20, 'CAJA': 100}"
81,ENALAPRIL 20 MG BLISTER X 10 CAJA X 100  CAPLIN,"{'BLISTER': 10, 'CAJA': 100}"
82,ESOMEPRAZOL 40 MG BLIS X 10  CAJA X 100 BALAXI,"{'BLIS': 10, 'CAJA': 100}"
83,EX -FLU ANTIGRIPAL GOTAS 30ML SELEC,"{'FRASCO': 1}"
84,EX -FLU TOS 120 ML SELEC,"{'JARABE': 1}"
85,EXFLU AMPOLLA PANAL SELEC ,{'AMPOLLA': 1}
86,EXFLU ANTIGRIPAL BLISTER X 10 CAJA X 70,"{'BLISTER': 10, 'CAJA': 70}"
87,EX-FLU KIT AMPOLLA SELEC,"{'KIT': 1}"
88,EX-FLU NIÑOS SINUS 120 ML,"{'FRASCO': 1}"
89,FAMOTIDINA 40 MG CAJA X 100 TAB CAPLIN ,"{'CAJA': 100, 'TABLETA': 1}"
90,FERROCITON B CAJA X 10 AMP BEBIBLES,"{'CAJA': 10, 'AMPOLLA': 1}"
91,FLUCONAZOL 150 MGS CAJA X 2 CAPS SELEC,"{'CAJA': 1}"
92,FLUCONAZOL 200 MG  X 2 CAP. CAPLIN,"{'CAJA': 1}"
93,FLUCONAZOL 200 MG X 4 CAPS HIPERFARMA,{'CAPSULA': 1}
94,FLUCONAZOL 200MG SELECT X2 TAB CAJA,"{'CAJA': 1}"
95,FLUFIN ALERGIAS CAJA X 50 BLIS X 10 GEL BLANDA,"{'CAJA': 50, 'BLISTER': 10}"
96,FLUFIN AM SOBRE 2 GEL CAPS CAPLIN,"{'CAJA': 1}"
97,FUROSEMIDA 20 MG AMPOLLA 2 ML CAPLIN,{'AMPOLLA': 1}
98,FUROSEMIDA 40 MG CAJA X 100 BLIST X 10 CAPLIN,"{'CAJA': 100, 'BLISTER': 10}"
99,FUROSEMIDA 40MG BLISTER X 10 SELEC,{'BLISTER': 10}
100,GENTAMICINA 80 MG/2ML AMPOLLA CAPLIN ,{'AMPOLLA': 1}
101,GLIBENCLAMIDA 5 MG   BLISTER X 20 CAJA X 100 SELEC,"{'BLISTER': 20, 'CAJA': 100}"
102,GLIMEPIRIDA 4 MG BLISTER X 10 CAJA X 100 CAPLIN,"{'BLISTER': 10, 'CAJA': 100}"
103,GOTERO PLASTICO,"{'FRASCO': 1}"
104,GUAYACOLATO CON JBE.TOLU 120ML MENTOL HIPERFARM,{'JARABE': 1}
105,HIDROCORTISONA 0.25 SELEC ,"{'JARABE': 1}"
106,HIDROCORTIZONA 1% CREMA 30 GRS SELEC,{'CREMA': 1}
107,HIERRO +ACIDO FOLICO X 30 TAB. SELEC,"{'CAJA': 30, 'TABLETA': 1}"
108,IBUPROFEN 100MG/5ML SUSP SELEC,{'SUSPENSION': 1}
109,IBUPROFENO+METOCARBA CAJA X 30 BLIST X 10 ,"{'CAJA': 30, 'BLISTER': 10}"
110,IRBERSARTAN 150 MGS CAJA X 30 BLIST X 10 SELEC,"{'CAJA': 30, 'BLISTER': 10}"
111,IRBERSARTAN 300 MG CAJA X 30 BLIST X 10  SELEC,"{'CAJA': 30, 'BLISTER': 10}"
112,IRBESARTAN 150/12.5MG HIDROCLO X 30 TABS CAPLIN,"{'CAJA': 1}"
113,KETOROLACO 60MG/2ML AMPOLLA VIJOSA,{'AMPOLLA': 1}
114,LAGRIMAS OCULARES GRS 15 ML GOTAS SELEC,"{'BOTE': 1}"
115,LANSOPRAZOL 30 MGS CAJA X 100 BLIST X 10 LOTUS,"{'CAJA': 100, 'BLISTER': 10}"
116,LEVOFLOXACINA 500 MG BLIST X 10 SELEC UMEDICA,{'BLISTER': 1}
117,"LIDOCAINA 1% 3,5 ML PROMEGAL","{'FRASCO': 1}"
118,LIDOCAINA 2% CAPLIN 3ML,"{'FRASCO': 1}"
119,LOPERAMIDA 2MG CAJA X 100 BLIST X 20 SELECT,"{'CAJA': 100, 'BLISTER': 20}"
120,LOSARTAN 100 MG BLIS X 10 CAJA X 100 BALAXI,"{'BLISTER': 10, 'CAJA': 100}"
121,LOSARTAN 50 MG BLIS X 10  CAJA X 100 BALAXI,"{'BLISTER': 10, 'CAJA': 100}"
122,LUBRICANTE VIVE SASHET,"{'BOTE': 1}"
123,LUBRICANTE VIVE SASHET 5 ML FRESA,"{'BOTE': 1}"
124,MEBENDAZOL 100MG SUSP 30 ML SELEC,{'SUSPENSION': 1}
125,MEBENDAZOL 100MGX BLIST X 6 TAB,"{'BLISTER': 1}"
126,MELOXICAM 15 MG/1.5 ML AMP SELEC,{'AMPOLLA': 1}
127,MELOXICAN 15MG CAJA X 30 TABS BLIST X 10 SELEC,"{'CAJA': 30, 'BLISTER': 10}"
128,MENOESTROGEN CAJA X 30 CAPS  BLIST X 10 FARMALINE,"{'CAJA': 30, 'BLISTER': 10, 'CAPSULA': 1}"
129,METFO+GLIB 850/5MG BLIST X 10 CAJA X 100 INFASA,"{'BLISTER': 10, 'CAJA': 100}"
130,METFORMINA 500 MG  BLIST X 10 CAJA X 30 SELEC,"{'BLISTER': 10, 'CAJA': 30}"
131,METOCARBAMOL AMP SELECT,{'AMPOLLA': 1}
132,METRIZOL V OVULOS CAJA X 10 (METRO+NISTA),"{'CAJA': 10, 'SUPOSITORIO': 1}"
133,METRONIDAZOL 125 MG SUSP 120 ML SELEC,{'SUSPENSION': 1}
134,METRONIDAZOL 500 MG BLIST X 10 CAJA X 100  CAPLIN,"{'BLISTER': 10, 'CAJA': 100}"
135,METRONIDAZOL 500 MGS X 10 OVULOS VAG CAPLIN,"{'CAJA': 1}"
136,METRONIDAZOL+ NIST CAJA 5 OV CAPLIN,{'CAJA': 1}
137,MICONAZOL 2% CREMA 15 GRS CAPLIN,{'CREMA': 1}
138,MIGRAPTAN (CLONIXATO + ERGOTAMINA) BLISTER  X 10,{'BLISTER': 1}
139,MUCOBROXOL 120 ML ,"{'FRASCO': 1}"
140,"NERVISEL 10,000 AMPOLLA SELEC PANAL",{'AMPOLLA': 1}
141,"NERVISEL 25,000  AMPOLLA PANAL SELECT ",{'AMPOLLA': 1}
142,"NERVISEL 25,000 KIT SELEC",{'KIT': 1}
143,NERVISEL TABS BLIST X 10 CAJA X 30,"{'BLISTER': 10, 'CAJA': 30}"
144,OLMERSARTAN MEDOXOMIL 40 MGS BLIST X 10 AJA X 30 CAP,"{'BLISTER': 10, 'CAJA': 30}"
145,PANTOPRAZOL 40 MG BLIST X 10 CAJA X 100 CAPLIN,"{'BLISTER': 10, 'CAJA': 100}"
146,PIROXICAM 20 MG BLIST X 10 CAJA X 100  ,"{'BLISTER': 10, 'CAJA': 100}"
147,PIROXICAM AMPOLLA 40 MGS,{'AMPOLLA': 1}
148,PREDNISONA 5MG BLIST X 20 CAJA X 100  SELEC,"{'BLISTER': 20, 'CAJA': 100}"
149,PREGABALINA 150MGS CAJA X 10 TABS  CAPLIN,{'CAJA': 1}
150,PRENATALES BLISTRER X 10 CAJA X 100  TABS CAPLIN,"{'BLISTER': 10, 'CAJA': 100}"
151,PROPANOLOL 40 MG CAJA X 100 BLIST X 10 CAPLIN,"{'CAJA': 100, 'BLISTER': 10}"
152,PROPOLDERMA SPRAY BUCAL 30 ML ,"{'SPRAY': 1}"
153,RECOVER 1 LT CEREZA ,"{'BOTE': 1}"
154,RECOVER 1 LT COCO ,"{'BOTE': 1}"
155,RECOVER 1 LT MANZANA ,"{'BOTE': 1}"
156,RECOVER 1 LT MELOCOTON ,"{'BOTE': 1}"
157,RECOVER 500ML CEREZA,"{'BOTE': 1}"
158,RECOVER 500ML COCO,"{'BOTE': 1}"
159,RECOVER 500ML MANZANA,"{'BOTE': 1}"
160,RECOVER 500ML MELOCOTON,"{'BOTE': 1}"
161,RECOVER DIABETICO LITRO CEREZA,"{'BOTE': 1}"
162,RECOVER DIABETICO LITRO COCO,"{'BOTE': 1}"
163,RECOVER DIABETICO LITRO MANZANA,"{'BOTE': 1}"
164,RECOVER DIABETICO LITRO PIÑA,"{'BOTE': 1}"
165,RESTALER (LORATAD + BETA) CAJA X 10 TAB,"{'CAJA': 1}"
166,SALBUTAMOL 2MG 120 ML SELEC,"{'BOTE': 1}"
167,SEXTRON (SILDENAFIL) 100 MG X 1TAB,"{'CAJA': 1}"
168,SILDENALFIN 100 MG X4 TBS UMEDICA,"{'CAJA': 1}"{
169,SIMETICONA 100MG/ML GTS. FCO 30ML SELECT,{'FRASCO': 1}
170,SIMETICONA 40MG MAST BLIST X 10 SELEC CAJA X 30,"{'BLISTER': 10, 'CAJA': 30}"
171,SOLUTO VITAL 15 ML,"{'FRASCO': 1}"
172,SUERO EN POLVO CEREZA  1LT CAPLIN X 50,"{'FRASCO': 1}"
173,SULFACETAMIDA 10% 15 ML GOT SLECT,"{'FRASCO': 1}"
174,TADALALFIL 20 MG X 4 TAB BALAXI DISP X 10 CAJITAS BLIST X 4,"{'BLISTER': 4, 'TABLETA': 1}"
175,TAPE-C B X 2 CAPLIN,"{'CAJA': 1}"
176,THIORELAX (TIOCOLCHICÓSICO) 8 MG X 10 TABS,"{'BLISTER': 1}"
177,TINIDAZOL 500 MG BLIST X 10 CAJA X 100 CAPLIN,"{'BLISTER': 10, 'CAJA': 100}"
178,TOALLITAS DE ALCOHOL X 200,"{'BOTE': 1}"
179,TOSIFLEM JARABE 240 ML,{'JARABE': 1}
180,TOSSADIOS FCO CON  100 CARAMELOS,"{'FRASCO': 100, 'VIAL': 1}"
181,TRAMADOL 50MG CAJA X 100 BLIST X 10 CAPLIN,"{'CAJA': 100, 'BLISTER': 10}"
182,TRAMADOL AMPOLLA  2ML BANDEJA X 10 AMP ,{'AMPOLLA': 1}
183,TRESBIOT 20 GRS CAPLIN,"{'CAJA': 1}"
184,TRILOX 180 ML,"{'BOTE' : 1}"
185,TRILOX 360 ML,"{'BOTE' : 1}"
186,TRIMETOPRIM 120 ML SELEC (SULFABAC),"{'BOTE' : 1}"
187,TRIMETOPRIM BLISTER X 10 TABS CAJA X 100  CAPLIN,"{'BLISTER': 10, 'CAJA': 100}"
188,UNIACT-V  JABON INTIMO FEMENINO 200 ML CAPLIN,"{'BOTE' : 1}"
189,UNICIL L-A 2.4 MEGA (PENI BENA) VIAL UNIPHARM,{'VIAL': 1}
190,UNIPEC 120 ML ,"{'BOTE' : 1}"
191,VALSARTAN 80 MG CAJA X 30 TAB CAPLIN,"{'CAJA': 1}"
192,"VENDA ELASTICA 2"" X 5 ","{'BOLSA': 1}"
193,VENDA ELASTICA 3 X 5,"{'BOLSA': 1}"
194,"VENDA ELASTICA 4"" X 5 ","{'BOLSA': 1}"
195,VENDA ELASTICA 6 X 5 ,"{'BOLSA': 1}"
196,VENOTROPA X 30CAPS FARMALIN,"{'CAJA': 1}"
197,VIRIMAN PLUS (TADALAFIL 20 MG SELEC) CAJA X 1 TAB,"{'CAJA': 1}"
198,"VITAMINA C 500 MG MASTICABLE BLIST, X 10 CAJA X 100 ","{'CAJA': 100, 'BLISTER': 1}"
199,VITAMINA E 1000 UI BLIST X 10 CAJA X 60 GELC KURANTIS,"{'BLISTER': 10, 'CAJA': 60}"
200,VITAMINA E 400 IU BLIS X 10 GEL CAPS CAJA X 60  KURANTIS,"{'BLIS': 10, 'CAJA': 60}"
201,ZIGNET PLUS CAJA X 10 TABS ,"{'CAJA': 10, 'TABLETA': 1}"
