id,medicamento,presentacion,Forma Farmaceutica,Descripcion de Uso,principio_activo,dosificacion,accion_farmacologica,No,EXISTENCIA,COSTO,PP,%,TOTAL COSTO,TOTAL PP
1,ACETAMINOFEN MK GOTAS FCO 30 ML,"{'FRASCO': [1, 31.0]}",Gotas,Analgésico y antipirético,Acetaminofen,Según indicación médica,Reduce la fiebre y alivia el dolor,1,4.0,18.0,31.0,0.4193548387096774,72.0,124.0
2,ACETAMINOFEN MK JBE NIÑOS 120 MG X 60 ML,"{'JARABE': [1, 32.0]}",Jarabe,Analgésico y antipirético para niños,Acetaminofen,Según indicación médica,Reduce la fiebre y alivia el dolor en niños,2,2.0,18.3,32.0,0.428125,36.6,64.0
3,ALGODÓN ROLLO LIBRA,"{'BOLSA': [1, 45.0]}",Rollo,Para uso en curaciones y limpieza de heridas,No aplica,Según necesidad,Absorbe líquidos y protege la piel,3,1.0,25.3,45.0,0.4377777777777777,25.3,45.0
4,ALKA  AD CAJA X 72,"{'CAJA': [72, 144.0], 'BOLSA': [1, 2.0]}",Tabletas efervescentes,Antiácido y analgésico,Aluminio hidróxido y magnesio hidróxido,Según indicación médica,Neutraliza el ácido estomacal y alivia el dolor,4,66.0,0.56,2.0,0.72,36.96,132.0
5,ANADENT CAJA  X 100 BLIST X 4,"{'CAJA': [100, 56.25], 'BLISTER': [4, 2.25]}",Tabletas,Analgésico y antiinflamatorio,Diclofenaco,Según indicación médica,Alivia el dolor y reduce la inflamación,5,99.0,1.3,2.25,0.4222222222222222,128.70000000000002,222.75
6,ARTRI AJO KING  X 100 TAB,"{'TABLETA': [1, 85.0]}",Tabletas,Suplemento alimenticio,Ajo,1 tableta al día,Ayuda a mantener la salud cardiovascular,6,1.0,50.3,85.0,0.4082352941176471,50.3,85.0
7,ARTRI KING CAJA X 100 TABS,"{'CAJA': [100, 8500.0], 'TABLETA': [1, 85.0]}",Tabletas,Suplemento alimenticio,Glucosamina y condroitina,Según indicación médica,Ayuda a mantener la salud de las articulaciones,7,1.0,50.3,85.0,0.4082352941176471,50.3,85.0
8,ARTRIBION FORTE FCO X 100 TABS,"{'FRASCO': [1, 40.0]}",Tabletas,Analgésico y antiinflamatorio,"Diclofenaco, paracetamol y vitaminas",Según indicación médica,Alivia el dolor y reduce la inflamación,8,1.0,20.3,40.0,0.4925,20.3,40.0
9,ARTRIBION VITAMINADO BLIST X 4 CAJA X 20 SOBRES,"{'BLISTER': [4, 5.0], 'CAJA': [20, 25.0]}",Sobres,Suplemento alimenticio,"Glucosamina, condroitina, vitaminas y minerales",Según indicación médica,Ayuda a mantener la salud de las articulaciones y aporta nutrientes esenciales,9,8.0,3.25,5.0,0.35,26.0,40.0
10,BARMICIL  TUBO 40 GRS,"{'TUBO': [1, 26.0]}",Crema,Antibiótico y antiinflamatorio tópico,Betametasona y gentamicina,Aplicar en la zona afectada según indicación médica,Combate infecciones y reduce la inflamación en la piel,10,2.0,13.0,26.0,0.5,26.0,52.0
11,BETA 2 PAN KIT AMPOLLA,"{'KIT': [1, 63.0]}",Ampolla,Broncodilatador,Salbutamol,2.5 mg/2.5 ml,Relajante de la musculatura lisa de las vías respiratorias,11,3.0,37.3,63.0,0.407936507936508,111.9,189.0
12,BISMUTO X 100 U,"{'BOLSA': [1, 0.75]}",Tableta,Antiácido y gastroprotector,Bismuto,100 mg,Protección de la mucosa gástrica,12,50.0,0.2,0.75,0.7333333333333334,10.0,37.5
13,BROMHEXINA 120 ML JBE SELEC (EXIFLEM),"{'JARABE': [1, 12.0]}",Jarabe,Mucolítico y expectorante,Bromhexina,4 mg/ml,Facilita la eliminación de secreciones bronquiales,13,4.0,7.0,12.0,0.4166666666666667,28.0,48.0
14,BRONCUROL JBE 120 ML,"{'JARABE': [1, 30.0]}",Jarabe,Antitusivo y broncodilatador,Ambroxol,15 mg/5 ml,Alivia la tos y facilita la respiración,14,3.0,12.3,30.0,0.59,36.900000000000006,90.0
15,BUSCAPINA COMPUESTA BLISTER X 12 CAJA X 24,"{'BLISTER': [12, 2.5], 'CAJA': [24, 5.0]}",Tableta,Analgésico y antiespasmódico,Butilhioscina y paracetamol,10 mg y 500 mg,Alivia el dolor abdominal y los espasmos intestinales,15,24.0,0.43,2.5,0.828,10.32,60.0
16,BUTAZOLIDINA BLIS X 10 CAJA X 100 SANDOZ,"{'BLIS': [10, 10.0], 'CAJA': [100, 100.0]}",Tableta,Antiinflamatorio no esteroideo,Fenilbutazona,100 mg,Reduce la inflamación y el dolor,16,9.0,2.5,10.0,0.75,22.5,90.0
17,CALCIO + MAGNESIO VESA FCO X 100 GELCAPS,"{'FRASCO': [1, 68.0]}",Cápsula,Suplemento dietético,Calcio y magnesio,500 mg y 250 mg,Fortalece los huesos y músculos,17,1.0,38.3,68.0,0.436764705882353,38.3,68.0
18,CANESTEN EXTRA,"{'BOLSA': [1, 45.0]}",Crema,Antifúngico,Clotrimazol,1%,Tratamiento de infecciones por hongos en la piel,18,2.0,15.0,45.0,0.6666666666666666,30.0,90.0
19,CARDIOASPIRINA 81 MG X 30 TAB FCO,"{'TABLETA': [1, 65.0], 'FRASCO': [1, 65.0]}",Tableta,Antiagregante plaquetario,Ácido acetilsalicílico,81 mg,Prevención de eventos cardiovasculares,19,3.0,32.3,65.0,0.5030769230769231,96.9,195.0
20,CEFTRIAXONA 1GR+LIDOC KIT PROMEGAL,"{'KIT': [1, 20.0]}",Kit,Antibiótico y anestésico local,Ceftriaxona y lidocaína,1 g y 20 mg,Tratamiento de infecciones bacterianas,20,10.0,11.3,20.0,0.4349999999999999,113.0,200.0
21,CENTRUM HOMBRE CAJA X 60,"{'CAJA': [1, 80.0]}",Tabletas recubiertas,Suplemento vitamínico y mineral para hombres,Vitaminas y minerales,Tomar 1 tableta al día,Suplemento nutricional,21,1.0,30.3,80.0,0.6212500000000001,30.3,80.0
22,CENTRUM KIDS,"{'CAJA': [1, 80.0]}",Tabletas masticables,Suplemento vitamínico y mineral para niños,Vitaminas y minerales,Según indicación del pediatra,Suplemento nutricional,22,1.0,30.3,80.0,0.6212500000000001,30.3,80.0
23,CENTRUM MUJER  CAJA X 60,"{'CAJA': [1, 80.0]}",Tabletas recubiertas,Suplemento vitamínico y mineral para mujeres,Vitaminas y minerales,Tomar 1 tableta al día,Suplemento nutricional,23,2.0,30.3,80.0,0.6212500000000001,60.6,160.0
24,CENTRUM SILVER CAJA X 60 CAPS,"{'CAJA': [1, 80.0]}",Cápsulas,Suplemento vitamínico y mineral para adultos mayores,Vitaminas y minerales,Tomar 1 cápsula al día,Suplemento nutricional,24,1.0,30.0,80.0,0.625,30.0,80.0
25,CITRATO DE POTASIO Y MAGNESIO CAJA X 60 CAPS,"{'CAJA': [1, 110.0]}",Cápsulas,Suplemento de citrato de potasio y magnesio,"Citrato de potasio, citrato de magnesio",Tomar 1 cápsula al día,Suplemento mineral,25,0.0,65.0,110.0,0.4090909090909091,0.0,0.0
26,COBALEX 10 ML  VIAL VIJOSA (CIANOCOBALAMINA),"{'VIAL': [1, 17.0]}",Solución inyectable,Suplemento de cianocobalamina (vitamina B12),Cianocobalamina,Según indicación médica,Suplemento vitamínico,26,9.0,8.66,17.0,0.4905882352941176,77.94,153.0
27,CODERPINA 10 MG BLIST X 10 TAB FRYSIA CAJA X 20,"{'BLISTER': [10, 2.8], 'CAJA': [20, 5.6]}",Tabletas,Analgésico y antipirético,Codeína fosfato,Tomar 1 tableta cada 4-6 horas según necesidad,"Analgésico, antipirético",27,52.0,1.75,2.8,0.3749999999999999,91.0,145.6
28,COLAGENO FCO X 100 TABS,"{'FRASCO': [1, 40.0]}",Tabletas,Suplemento de colágeno,Colágeno,Tomar 1 tableta al día,Suplemento nutricional,28,1.0,20.3,40.0,0.4925,20.3,40.0
29,COLAGENO+ACIDO HIALURONICO VESA FCO X 100 GELCAPS,"{'FRASCO': [1, 68.0]}",Cápsulas,Suplemento de colágeno y ácido hialurónico,"Colágeno, ácido hialurónico",Tomar 1 cápsula al día,Suplemento nutricional,29,1.0,40.3,68.0,0.4073529411764706,40.3,68.0
30,COLECTOR DE HECES GRANDE,"{'BOTE': [1, 4.0]}",Dispositivo,Para la recolección de muestras de heces,,Según indicación médica,Dispositivo médico,30,8.0,1.95,4.0,0.5125,15.6,32.0
31,COLITRAN BLIST X 10 CAJA X 100,"{'BLISTER': [10, 3.2], 'CAJA': [100, 32.0]}",Tabletas,Tratamiento de la colitis,No especificado,Según indicación médica,Antiinflamatorio,31,197.0,1.95,3.2,0.390625,384.15,630.4000000000001
32,COMPLEBEN INYECTADO CAJA X 7,"{'CAJA': [1, 68.0]}",Inyectable,Complemento vitamínico,Vitaminas del complejo B,Según indicación médica,Suplemento nutricional,32,1.0,20.3,68.0,0.7014705882352942,20.3,68.0
34,CONMEL (DIPIRONA) CAJA X 100 BLISTER X 4,"{'CAJA': [100, 28.25], 'BLISTER': [4, 1.13]}",Tabletas,Analgésico y antipirético,Dipirona,Según indicación médica,Analgésico y antipirético,34,89.0,0.6,1.13,0.4690265486725663,53.4,100.57
35,CRANBERRY X 100 VESA,"{'CAJA': [1, 68.0]}",Cápsulas,Suplemento dietético,Extracto de arándano rojo,Según indicación médica,Antioxidante y protector urinario,35,1.0,35.0,68.0,0.4852941176470588,35.0,68.0
36,CROMATONBIC FERRO CAJA X 10 AMP BEBIBLES,"{'CAJA': [10, 142.0]}",Ampollas bebibles,Suplemento de hierro y vitaminas,Hierro y vitaminas,Según indicación médica,Suplemento nutricional,36,1.0,85.3,142.0,0.3992957746478873,85.3,142.0
37,CURITAS CAJA X 100 CUREFAST,"{'CAJA': [100, 17.0]}",Curitas adhesivas,Cubrir heridas y cortaduras,No aplica,Según necesidad,Protección de heridas,37,1.0,10.0,17.0,0.4117647058823529,10.0,17.0
38,CYTOTTEC CAJA X 28 TAB BLIST X 14 TAB SUBLINGUAL,"{'CAJA': [28, 700.0], 'BLISTER': [14, 350.0]}",Tabletas sublinguales,Inducción del parto y tratamiento de úlceras gástricas,Misoprostol,Según indicación médica,Prostaglandina sintética,38,2.0,200.3,350.0,0.4277142857142856,400.6,700.0
39,DAYAMINERAL FCO 240 ML,"{'FRASCO': [1, 110.0]}",Solución oral,Suplemento mineral,Minerales,Según indicación médica,Suplemento nutricional,39,1.0,15.3,110.0,0.860909090909091,15.3,110.0
40,DEKA C ADULTO CAJA X 3 AMPOLLAS,"{'CAJA': [1, 29.0]}",Ampollas inyectables,Suplemento de vitamina C,Vitamina C,Según indicación médica,Suplemento nutricional,40,6.0,15.3,29.0,0.4724137931034483,91.8,174.0
41,DEKA C INFANTIL  CAJA X3 AMPOLLAS,"{'CAJA': [1, 29.0]}",Ampollas,Suplemento vitamínico,Vitamina C,Según indicación médica,Suplemento vitamínico,41,2.0,15.3,29.0,0.4724137931034483,30.6,58.0
42,DEKA C JBE  ADULTO 240 ML,"{'JARABE': [1, 20.0]}",Jarabe,Suplemento vitamínico,Vitamina C,Según indicación médica,Suplemento vitamínico,42,1.0,8.3,20.0,0.585,8.3,20.0
43,DEKA C JBE NIÑO  240 ML,"{'JARABE': [1, 20.0]}",Jarabe,Suplemento vitamínico para niños,Vitamina C,Según indicación médica,Suplemento vitamínico,43,1.0,10.3,20.0,0.485,10.3,20.0
44,DENGUINITA NIÑOS CAJA X 100 BLIST X 10,"{'CAJA': [100, 10.0], 'BLISTER': [10, 1.0]}",Tabletas,Antipirético y analgésico para niños,Paracetamol,Según peso y edad del niño,Antipirético y analgésico,44,131.0,0.55,1.0,0.4499999999999999,72.05000000000001,131.0
45,DEXKETOPROFENO+NEUROTROPA KIT,"{'KIT': [1, 20.0]}",Kit,Analgésico y antiinflamatorio,Dexketoprofeno + Neurotrofina,Según indicación médica,Analgésico y antiinflamatorio,45,4.0,9.3,20.0,0.5349999999999999,37.2,80.0
46,DIAZEPAN 10 MGS MK BLIS X 10 CAJA X 100,"{'BLIS': [10, 4.4], 'CAJA': [100, 44.0]}",Tabletas,Ansiolítico y sedante,Diazepam,Según indicación médica,Ansiolítico y sedante,46,25.0,1.596,4.4,0.6372727272727273,39.900000000000006,110.0
47,DIBETES FCO X 100 TABS,"{'FRASCO': [1, 40.0]}",Tabletas,Suplemento dietético,Vitaminas y minerales,Según indicación médica,Suplemento dietético,47,1.0,20.3,40.0,0.4925,20.3,40.0
48,DICLO+NEURO SHEKINAH BLIS X 10 GEL CAPS CAJA X 100,"{'BLISTER': [10, 10.0], 'CAJA': [100, 100.0]}",Cápsulas,Analgésico y antiinflamatorio,Diclofenaco + Neurotrofina,Según indicación médica,Analgésico y antiinflamatorio,48,13.0,5.8,10.0,0.42,75.39999999999999,130.0
49,DICO GRIP A.M CAJA X 24 SOBRES,"{'CAJA': [24, 96.0], 'SOBRE': [1, 4.0]}",Sobres,Alivio de síntomas gripales en la mañana,Paracetamol + Pseudoefedrina,Según indicación médica,Alivio de síntomas gripales,49,9.0,2.08,4.0,0.48,18.72,36.0
50,DICO GRIP P.M CAJA X 24 SOBRES,"{'CAJA': [24, 96.0], 'SOBRE': [1, 4.0]}",Sobres,Alivio de síntomas gripales en la noche,Paracetamol + Clorfenamina,Según indicación médica,Alivio de síntomas gripales,50,15.0,2.08,4.0,0.48,31.200000000000003,60.0
51,DIPIRONA+DEXAMETASONA X 3 DOSIS,"{'CAJA': [1, 40.0]}",Solución inyectable,Analgésico y antiinflamatorio,"Dipirona, Dexametasona",Según indicación médica,Alivio del dolor y reducción de la inflamación,51,2.0,20.3,40.0,0.4925,40.6,80.0
52,DOLO NEUROBION  CAJA X 120 BLIST X 5,"{'CAJA': [120, 96.0], 'BLISTER': [5, 4.0]}",Tabletas,Suplemento vitamínico,"Vitaminas B1, B6, B12",Según indicación médica,Mejora del funcionamiento del sistema nervioso,52,119.0,2.21,4.0,0.4475,262.99,476.0
53,DOLO NEUROBION FORTE DC,"{'CAJA': [1, 82.0]}",Tabletas,Analgésico y antiinflamatorio,"Diclofenaco, Vitaminas B1, B6, B12",Según indicación médica,Alivio del dolor y reducción de la inflamación,53,2.0,45.3,82.0,0.4475609756097561,90.6,164.0
54,DOLO NEUROBION KIT INYECTADO 2 AMP,"{'KIT': [1, 50.0]}",Solución inyectable,Suplemento vitamínico,"Vitaminas B1, B6, B12",Según indicación médica,Mejora del funcionamiento del sistema nervioso,54,1.0,9.3,50.0,0.8140000000000001,9.3,50.0
55,DOLO NEUROBION XR BLIS X 5 TAB CAJA X 60,"{'BLISTER': [5, 8.0], 'CAJA': [60, 96.0]}",Tabletas de liberación prolongada,Suplemento vitamínico,"Vitaminas B1, B6, B12",Según indicación médica,Mejora del funcionamiento del sistema nervioso,55,18.0,2.5,8.0,0.6875,45.0,144.0
56,DOLO TETRAVIT KIT,"{'KIT': [1, 49.0]}",Tabletas,Suplemento vitamínico,"Vitaminas A, D, E, K",Según indicación médica,Mejora del estado nutricional,56,2.0,9.3,49.0,0.8102040816326531,18.6,98.0
57,DOLOVITANERVO PIERSAN  BLIST X 10  CAJA X  150,"{'BLISTER': [10, 1.2], 'CAJA': [150, 18.0]}",Tabletas,Analgésico y neuroprotector,"Vitaminas B1, B6, B12, Ácido fólico",Según indicación médica,Alivio del dolor y protección del sistema nervioso,57,162.0,0.6,1.2,0.5,97.2,194.4
58,DOMINAL CAJA X 100 SOBRES,"{'CAJA': [100, 100.0], 'SOBRE': [1, 1.0]}",Sobres granulados,Antiespasmódico y analgésico,Metamizol sódico,Según indicación médica,Alivio del dolor y reducción de espasmos,58,96.0,0.55,1.0,0.4499999999999999,52.8,96.0
59,DORIVAL CAJA X 60 GRAGEAS BLIST X 12 TAB,"{'CAJA': [60, 10.0], 'BLISTER': [12, 2.0]}",Grageas,Analgésico y antiinflamatorio,Ibuprofeno,Según indicación médica,Alivio del dolor y reducción de la inflamación,59,41.0,0.66,2.0,0.6699999999999999,27.06,82.0
60,DULSITOS JBE 120 ML,"{'JARABE': [1, 29.0]}",Jarabe,Antitusivo y expectorante,"Dextrometorfano, Guaifenesina",Según indicación médica,Alivio de la tos y facilita la eliminación de mucosidad,60,3.0,16.3,29.0,0.4379310344827586,48.900000000000006,87.0
61,ENANTYUM 25 MG CAJA X 10 TABLETAS,"{'CAJA': [1, 12.0]}",Tabletas,Analgésico y antiinflamatorio,Dexketoprofeno,25 mg,Analgésico y antiinflamatorio no esteroideo,61,15.0,7.0,12.0,0.4166666666666667,105.0,180.0
62,ENTEROGERMINA AMP 2 BILLONES BEB 5 ML CJ X 20,"{'AMPOLLA': [1, 20.0]}",Ampollas para bebida,Restaurador de la flora intestinal,Bacillus clausii,2 billones de esporas,Restaurador de la flora intestinal,62,27.0,10.55,20.0,0.4725,284.85,540.0
63,ESPASMOFIN NF (COLICOS) CAJA X 110 SOBRES,"{'CAA': [110, 220.0], 'SOBRE': [1, 2.0]}",Sobres,Alivio de cólicos y espasmos intestinales,Hioscina-N-butilbromuro,Varía según la presentación,Antiespasmódico,63,28.0,1.18,2.0,0.41,33.04,56.0
64,EXPECTORANTE COMPUESTO LANCASCO 120 ML,"{'SOBRE': [1, 45.0]}",Jarabe,Ayuda a expulsar las flemas,Varios principios activos,Varía según la presentación,Expectorante,64,1.0,24.3,45.0,0.4599999999999999,24.3,45.0
65,FIBRA GUMMY 3MG VESA FCO X 40 GOMITAS,"{'FRASCO': [1, 55.0]}",Gomitas,Suplemento de fibra dietética,Fibra,3 mg por gomita,Suplemento dietético,65,1.0,25.3,55.0,0.54,25.3,55.0
66,FLAMYDOL AMPOLLA,"{'AMPOLLA': [1, 7.0]}",Ampolla,Analgésico y antiinflamatorio,Meloxicam,Varía según la presentación,Analgésico y antiinflamatorio no esteroideo,66,8.0,3.0,7.0,0.5714285714285714,24.0,56.0
67,FLAMYDOL RETARD CAJA X 48 BLIST X 4,"{'CAJA': [48, 120.0], 'BLISTER': [4, 10.0]}",Comprimidos de liberación prolongada,Analgésico y antiinflamatorio de liberación prolongada,Meloxicam,Varía según la presentación,Analgésico y antiinflamatorio no esteroideo,67,16.0,1.87,10.0,0.813,29.92,160.0
68,FLUDISIN (AMBROXOL) JBE 100 ML LEGSA,"{'JARABE': [1, 35.0]}",Jarabe,Mucolítico y expectorante,Ambroxol,Varía según la presentación,Mucolítico y expectorante,68,4.0,20.3,35.0,0.42,81.2,140.0
69,FLUDISIN COM (AMBR+CLEB) 100 ML LEGSA,"{'CAJA': [1, 39.0]}",Jarabe,Mucolítico y antitusivo,Ambroxol y clembuterol,Varía según la presentación,Mucolítico y antitusivo,69,3.0,22.0,39.0,0.4358974358974359,66.0,117.0
70,FLUDISIN L (AMB + LORATAD) 100 ML LEGSA,"{'CAJA': [1, 39.0]}",Jarabe,Mucolítico y antihistamínico,Ambroxol y loratadina,Varía según la presentación,Mucolítico y antihistamínico,70,6.0,25.45,39.0,0.3474358974358975,152.7,234.0
71,GASA POR UNIDAD BOLSA X 100,"{'BOLSA': [100, 0.5]}",Bolsa,Para curaciones y limpieza de heridas,No aplica,Según necesidad,Absorción de líquidos y protección de heridas,71,98.0,0.3,0.5,0.4,29.4,49.0
72,GENOGASTRIL  CAJA X 2 FCOS  60 CAPS,"{'CAJA': [1, 95.0]}",Cápsulas,Para problemas gastrointestinales,No especificado,Según indicación médica,Regulación del sistema digestivo,72,1.0,50.0,95.0,0.4736842105263157,50.0,95.0
73,GINCKO + NEURO CAJA X 60 BLIST X 10,"{'CAJA': [60, 56.04], 'BLISTER': [10, 9.34]}",Tabletas,Para mejorar la función cerebral y nerviosa,Ginkgo Biloba y vitaminas del complejo B,1 tableta al día,Estimulación cognitiva y nerviosa,73,0.0,5.833,9.34,0.3754817987152034,0.0,0.0
74,GINSENG ESENCIAL FCO 75 ML,"{'FRASCO': [1, 26.0]}",Frasco,Tónico energizante,Ginseng,Según indicación médica,Aumento de la vitalidad y resistencia,74,1.0,15.0,26.0,0.4230769230769231,15.0,26.0
76,GRANEODIN FRAMBUESA CAJA X 24 PASTILLAS,"{'CAJA': [24, 3.0]}",Pastillas,Para el alivio de la garganta irritada,No especificado,Chupar una pastilla cada 4 horas,Alivio del dolor de garganta,76,28.0,1.5,3.0,0.5,42.0,84.0
77,GRANEODIN MIEL LIMON CAJA X 24 PASTILLAS,"{'CAJA': [24, 3.0]}",Pastillas,Para el alivio de la garganta irritada con sabor a miel y limón,No especificado,Chupar una pastilla cada 4 horas,Alivio del dolor de garganta,77,32.0,1.22,3.0,0.5933333333333334,39.04,96.0
78,HEMOBEX 10 ML HIGADO CRUDO + COMPLEJO B,"{'JARABE': [1, 10.0]}",Gotas,Suplemento vitamínico para el hígado y complejo B,Hígado crudo y vitaminas del complejo B,Según indicación médica,Mejora la función hepática y aporta energía,78,4.0,5.3,10.0,0.47,21.2,40.0
79,HIDRAVIDA COCO,"{'BOTE': [1, 19.0]}",Bebida,Bebida hidratante sabor a coco,No aplica,Según necesidad,Hidratación y aporte de electrolitos,79,6.0,11.32,19.0,0.4042105263157894,67.92,114.0
80,HIDRAVIDA FRESA,"{'BOTE': [1, 19.0]}",Bebida,Bebida hidratante sabor a fresa,No aplica,Según necesidad,Hidratación y aporte de electrolitos,80,4.0,11.54,19.0,0.3926315789473684,46.16,76.0
81,HIDRAVIDA JAMAICA,"{'BOTE': [1, 19.0]}",Jarabe,Suplemento vitamínico,Vitaminas y minerales,Tomar 10 ml al día,Ayuda a mantener un adecuado balance de vitaminas y minerales en el organismo,81,4.0,11.58,19.0,0.3905263157894736,46.32,76.0
82,HIDRAVIDA LIMA LIMON,"{'BOTE': [1, 19.0]}",Jarabe,Suplemento vitamínico,Vitaminas y minerales,Tomar 10 ml al día,Ayuda a mantener un adecuado balance de vitaminas y minerales en el organismo,82,3.0,11.58,19.0,0.3905263157894736,34.74,57.0
83,HIDRAVIDA MARACUYA,"{'BOTE': [1, 19.0]}",Jarabe,Suplemento vitamínico,Vitaminas y minerales,Tomar 10 ml al día,Ayuda a mantener un adecuado balance de vitaminas y minerales en el organismo,83,4.0,11.58,19.0,0.3905263157894736,46.32,76.0
84,HIDRAVIDA MORA -AZUL,"{'BOTE': [1, 19.0]}",Jarabe,Suplemento vitamínico,Vitaminas y minerales,Tomar 10 ml al día,Ayuda a mantener un adecuado balance de vitaminas y minerales en el organismo,84,4.0,11.44,19.0,0.3978947368421053,45.76,76.0
85,HIDRAVIDA NARANJA-MANDARINA,"{'BOTE': [1, 19.0]}",Jarabe,Suplemento vitamínico,Vitaminas y minerales,Tomar 10 ml al día,Ayuda a mantener un adecuado balance de vitaminas y minerales en el organismo,85,4.0,11.58,19.0,0.3905263157894736,46.32,76.0
86,HIDRAVIDA UVA,"{'BOTE': [1, 19.0]}",Jarabe,Suplemento vitamínico,Vitaminas y minerales,Tomar 10 ml al día,Ayuda a mantener un adecuado balance de vitaminas y minerales en el organismo,86,4.0,11.36,19.0,0.4021052631578947,45.44,76.0
87,HIERRO KIDS 240 ML,"{'FRASCO': [1, 28.0]}",Jarabe,Suplemento de hierro para niños,Hierro,Según indicación médica,Ayuda a prevenir o tratar la deficiencia de hierro en niños,87,1.0,8.3,28.0,0.7035714285714285,8.3,28.0
88,HIGAVYT 5 10 ML EXTRTACTO DE HIGADO,"{'FRASCO': [1, 10.0]}",Gotas,Suplemento de extracto de hígado,Extracto de hígado,Tomar 10 gotas al día,Ayuda a mantener la salud del hígado,88,12.0,5.3,10.0,0.47,63.6,120.0
89,IBUPROFENO FORTE 800 MGS CAJA X 100 BLIST X 10,"{'CAJA': [100, 20.0], 'BLISTER': [10, 2.0]}",Tabletas,Analgésico y antiinflamatorio,Ibuprofeno,Según indicación médica,Alivia el dolor y reduce la inflamación,89,103.0,0.74,2.0,0.63,76.22,206.0
90,LANSOPRAZOL 30 MG BLIST X 10 CAJA X 50   INFASA,"{'BLISTER': [10, 19.0], 'CAJA': [50, 95.0]}",Cápsulas,Inhibidor de la bomba de protones,Lansoprazol,Tomar 1 cápsula al día,Reduce la producción de ácido en el estómago,90,7.0,11.4,19.0,0.3999999999999999,79.8,133.0
91,LECHE DE MAGNESIA PHILIPS 60 ML,"{'BOTE': [1, 23.0]}",Líquido,Laxante y antiácido,Hidróxido de magnesio,60 ml,Laxante y neutralizante de ácido estomacal,91,4.0,12.3,23.0,0.4652173913043478,49.2,92.0
92,LIMPIA COLON FCO X 100 TABS,"{'FRASCO': [1, 40.0]}",Tabletas,Suplemento dietético para limpieza del colon,No especificado,100 tabletas,Suplemento dietético,92,1.0,20.3,40.0,0.4925,20.3,40.0
93,LOFENAK (DICLO SOD 100 MGS) CAJA X 50 B BLIST X 10,"{'CAJA': [50, 35.0], 'BLISTER': [10, 7.0]}",Tabletas,Antiinflamatorio y analgésico,Diclofenaco sódico,100 mg,Antiinflamatorio y analgésico,93,12.0,3.8,7.0,0.4571428571428572,45.6,84.0
94,LOMBRINIÑOS CAJA X 40 SOBRES,"{'CAJA': [40, 70.0], 'SOBRE': [1, 1.75]}",Sobres,Antiparasitario para lombrices intestinales,No especificado,40 sobres,Antiparasitario,94,14.0,1.0,1.75,0.4285714285714285,14.0,24.5
95,LORATADINA 10MG GEL CAPS CAJA X 100 BLIST X 10,"{'CAJA': [100, 110.0], 'BLISTER': [10, 11.0]}",Cápsulas,Antihistamínico para alergias,Loratadina,10 mg,Antihistamínico,95,2.0,6.5,11.0,0.4090909090909091,13.0,22.0
97,MARIGUANOL BOTE,"{'BOTE': [1, 10.0]}",Crema,Analgésico tópico,Cannabis,No especificado,Analgésico tópico,97,2.0,5.3,10.0,0.47,10.6,20.0
98,MELATONINA 5MGS FCO X 100 BOLSA X 10 VESA,"{'FRASCO': [1, 13.0], 'BOLSA': [10, 130.0]}",Tabletas,Suplemento para regular el sueño,Melatonina,5 mg,Regulador del sueño,98,10.0,3.8,13.0,0.7076923076923076,38.0,130.0
99,MENOESTROGEN FRASCO X 30 TAB,"{'FRASCO': [1, 50.0]}",Tabletas,Terapia hormonal para menopausia,Estrógenos,30 tabletas,Terapia hormonal,99,1.0,26.0,50.0,0.48,26.0,50.0
100,MENTOL DAVIS MUESTRA,"{'DISPENSADOR': [1, 3.5]}",Crema,Analgésico tópico,Mentol,Muestra,Analgésico tópico,100,5.0,1.66,3.5,0.5257142857142857,8.299999999999999,17.5
101,MIGRADORIXINA BLIST X 10 CAJA X 100,"{'BLISTER': [10, 4.7], 'CAJA': [100, 47.0]}",Tableta,Tratamiento de la migraña,Sumatriptán,1 tableta cada vez que se presente la migraña,Agonista selectivo de los receptores de serotonina,101,163.0,0.8,4.7,0.8297872340425533,130.4,766.1
102,NAUSEOL BLISTER X 10 TAB BONIN CAJA X 500,"{'BLISTER': [10, 0.9], 'CAJA': [500, 45.0]}",Tableta,Tratamiento de las náuseas,Dimenhidrinato,1 tableta cada 4-6 horas según sea necesario,Antihistamínico y antiemético,102,220.0,0.2,0.9,0.7777777777777777,44.0,198.0
103,NEOBOL CREMA 30 GRS,"{'CREMA': [1, 77.0]}",Crema,Tratamiento de quemaduras y heridas leves,Dexpantenol,Aplicar una capa delgada sobre la zona afectada 2-3 veces al día,Cicatrizante y regenerador de la piel,103,1.0,40.0,77.0,0.4805194805194805,40.0,77.0
104,NEOBOL SPRAY 30 ML,"{'SPRAY': [1, 77.0]}",Spray,Tratamiento de quemaduras y heridas leves,Dexpantenol,Aplicar sobre la zona afectada 2-3 veces al día,Cicatrizante y regenerador de la piel,104,2.0,45.3,77.0,0.4116883116883117,90.6,154.0
105,NEOMELUBRINA AMPOLLA 2 ML,"{'AMPOLLA': [1, 8.0]}",Ampolla,Analgésico y antipirético,Dipirona,Según prescripción médica,Inhibidor de la síntesis de prostaglandinas,105,19.0,2.5,8.0,0.6875,47.5,152.0
106,NEOMELUBRINA CAJA X 100 BLIST X 4,"{'CAJA': [100, 31.25], 'BLISTER': [4, 1.25]}",Tableta,Analgésico y antipirético,Dipirona,Según prescripción médica,Inhibidor de la síntesis de prostaglandinas,106,123.0,0.25,1.25,0.8,30.75,153.75
107,NERVESSA PASTILLAS DISP  50,"{'DISPENSADOR': [1, 3.5]}",Tableta,Suplemento vitamínico para el sistema nervioso,Complejo B,1 tableta al día,Suplemento vitamínico,107,48.0,2.06,3.5,0.4114285714285714,98.88,168.0
108,NERVOTIAMIN D SOBRE X 4 TAB CAJA X 100  ANCALMO,"{'SOBRE': [4, 1.75], 'CAJA': [100, 43.75]}",Tableta efervescente,Suplemento vitamínico para el sistema nervioso,Tiamina (vitamina B1),1 tableta al día disuelta en agua,Suplemento vitamínico,108,174.0,0.93,1.75,0.4685714285714285,161.82000000000002,304.5
109,NEUMONIL AMPOLLA 1 ML,"{'AMPOLLA': [1, 10.0]}",Ampolla,Broncodilatador para el tratamiento del asma,Salbutamol,Según prescripción médica,Agonista de los receptores beta-2 adrenérgicos,109,15.0,4.0,10.0,0.6,60.0,150.0
110,NEURO NERVIOL CAJA X 10 AMPOLLAS,"{'CAJA': [1, 55.0]}",Ampolla,Suplemento vitamínico para el sistema nervioso,Complejo B,Según prescripción médica,Suplemento vitamínico,110,1.0,30.0,55.0,0.4545454545454545,30.0,55.0
121,OVARICON CAJA X 30 TAB BLISTER X 10,"{'CAJA': [30, 150.0], 'BLISTER': [10, 50.0]}",Tabletas,Tratamiento para regular el ciclo menstrual y aliviar los síntomas del síndrome de ovario poliquístico,Clomifeno,"1 tableta diaria durante 5 días, comenzando en el quinto día del ciclo menstrual",Estimula la ovulación,121,1.0,25.0,50.0,0.5,25.0,50.0
122,PANADOL EXTRAFUERTE X 50 SOBRE,"{'CAJA': [50, 100.0], 'SOBRE': [1, 2.0]}",Sobres de polvo,Alivio del dolor y la fiebre intensos,Paracetamol,1 sobre cada 4-6 horas según sea necesario,Analgésico y antipirético,122,17.0,0.8,2.0,0.6,13.6,34.0
123,PANADOL MULTISINTOMAS X 24 SOBRES,"{'CAJA': [24, 72.0], 'SOBRE': [1, 3.0]}",Sobres de polvo,"Alivio de múltiples síntomas como dolor de cabeza, fiebre, congestión nasal y dolor de garganta","Paracetamol, clorfenamina, fenilefrina",1 sobre cada 6 horas según sea necesario,Alivio de síntomas múltiples,123,32.0,1.67,3.0,0.4433333333333333,53.44,96.0
124,PANADOL SINUS X 26 SOBRES,"{'CAJA': [26, 78.0], 'SOBRE': [1, 3.0]}",Sobres de polvo,Alivio de la congestión nasal y el dolor de cabeza asociados con sinusitis,"Paracetamol, clorfenamina, fenilefrina",1 sobre cada 6 horas según sea necesario,Descongestionante y analgésico,124,31.0,1.66,3.0,0.4466666666666667,51.46,93.0
125,PANADOL ULTRA X 52 SOBRES,"{'CAJA': [52, 130.0], 'SOBRE': [1, 2.5]}",Sobres de polvo,Alivio del dolor y la fiebre intensos,"Paracetamol, cafeína",1 sobre cada 4-6 horas según sea necesario,"Analgésico, antipirético y estimulante",125,25.0,1.33,2.5,0.4679999999999999,33.25,62.5
126,PARACETAMOL 750 MG  ECOMED CAJA X 60 TAB  BLIST X5,"{'CAJA': [60, 144.0], 'BLISTER': [5, 12.0]}",Tabletas,Alivio del dolor y la fiebre,Paracetamol,1 tableta cada 4-6 horas según sea necesario,Analgésico y antipirético,126,6.0,4.09,12.0,0.6591666666666667,24.54,72.0
127,PEPTO BISMOL 118 ML (4 ONZ),"{'BOTE': [1, 43.0]}",Suspensión oral,"Alivio de la acidez estomacal, indigestión y malestar gastrointestinal",Bismuto subsalicilato,Según indicación médica,Protector gástrico y antidiarreico,127,6.0,28.0,43.0,0.3488372093023256,168.0,258.0
128,PEPTOBISMOL TIRA  X 24 TAB,"{'CAJA': [1, 2.0], 'TABLETA': [1, 2.0]}",Tabletas masticables,"Alivio de la acidez estomacal, indigestión y malestar gastrointestinal",Bismuto subsalicilato,Según indicación médica,Protector gástrico y antidiarreico,128,24.0,0.96,2.0,0.52,23.04,48.0
129,PILDORA DE WITT BLIST X 20 CAJA X 100,"{'BLISTER': [20, 0.65], 'CAJA': [100, 3.25]}",Tabletas,Suplemento vitamínico y mineral,Vitaminas y minerales varios,1 tableta diaria,Suplemento nutricional,129,17.0,0.25,0.65,0.6153846153846154,4.25,11.05
130,PIOFIN FCO 60 ML,"{'FRASCO': [1, 10.0]}",Frascos de solución,Antitusivo para el alivio de la tos,Dextrometorfano,Según indicación médica,Antitusivo,130,2.0,5.0,10.0,0.5,10.0,20.0
131,POMADA DE LA CAMPANA 19 GRS,"{'CREMA': [1, 13.0]}",Pomada,"Para el alivio de irritaciones de la piel, quemaduras leves y picaduras de insectos.",Óxido de Zinc,Aplicar una capa delgada sobre la zona afectada 2-3 veces al día.,Protector y cicatrizante de la piel.,131,4.0,5.98,13.0,0.5399999999999999,23.92,52.0
132,POMADA DE LA CAMPANA 35 GRS,"{'CREMA': [1, 22.0]}",Pomada,"Para el alivio de irritaciones de la piel, quemaduras leves y picaduras de insectos.",Óxido de Zinc,Aplicar una capa delgada sobre la zona afectada 2-3 veces al día.,Protector y cicatrizante de la piel.,132,2.0,7.6,22.0,0.6545454545454545,15.2,44.0
133,PROMETEST PRUEBA DE EMBARAZO,"{'CREMA': [1, 15.0]}",Prueba de embarazo,Para determinar si existe un embarazo mediante la detección de la hormona hCG en la orina.,No aplica,Seguir las instrucciones del fabricante incluidas en el empaque.,Detecta la presencia de la hormona hCG en la orina.,133,3.0,4.5,15.0,0.7,13.5,45.0
134,PULMO GRIP JBE 120 ML,"{'JARABE': [1, 25.0]}",Jarabe,Para aliviar la tos y los síntomas del resfriado común.,"Paracetamol, Fenilefrina, Dextrometorfano",Tomar 10 ml cada 6 horas.,"Analgésico, descongestionante y antitusivo.",134,2.0,13.5,25.0,0.46,27.0,50.0
135,PULMO GRIP KIT,"{'KIT': [1, 19.0]}",Kit,Para aliviar la tos y los síntomas del resfriado común.,"Paracetamol, Fenilefrina, Dextrometorfano",Seguir las instrucciones del fabricante incluidas en el empaque.,"Analgésico, descongestionante y antitusivo.",135,3.0,9.0,19.0,0.5263157894736842,27.0,57.0
136,PULMOGRIP JBE 240 ML,"{'JARABE': [1, 35.0]}",Jarabe,Para aliviar la tos y los síntomas del resfriado común.,"Paracetamol, Fenilefrina, Dextrometorfano",Tomar 10 ml cada 6 horas.,"Analgésico, descongestionante y antitusivo.",136,2.0,10.0,35.0,0.7142857142857143,20.0,70.0
137,QG5 DUO CAJA X 2 FCOS,"{'CAJA': [1, 45.0]}",Cápsulas,Suplemento dietético para el alivio de la acidez estomacal y la indigestión.,"Simeticona, Aluminio y Magnesio",Tomar 1 cápsula después de las comidas principales.,Antiflatulento y antiácido.,137,2.0,12.5,45.0,0.7222222222222222,25.0,90.0
138,RABANO YODADO 240 ML DRAGON,"{'JARABE': [1, 18.0]}",Jarabe,Suplemento dietético para el tratamiento de problemas de la tiroides.,Yodo,Seguir las indicaciones del médico.,Suplemento de yodo para la tiroides.,138,1.0,10.3,18.0,0.4277777777777777,10.3,18.0
139,REUMETAMEX FORTE (NAPROXENO 86 MG),"{'JARABE': [1, 20.0]}",Tabletas,Antiinflamatorio no esteroideo para el alivio del dolor y la inflamación.,Naproxeno,Tomar 1 tableta cada 8 horas.,Antiinflamatorio y analgésico.,139,4.0,9.5,20.0,0.525,38.0,80.0
140,SAL ANDREWS DISP X 50 SOBRES,"{'CAJA': [50, 100.0], 'SOBRE': [1, 2.0]}",Sobres,Sales de rehidratación oral para el tratamiento de la deshidratación causada por diarrea o vómito.,"Cloruro de Sodio, Citrato de Sodio, Glucosa",Seguir las instrucciones del médico o del fabricante.,Rehidratante y repositor de electrolitos.,140,51.0,0.8,2.0,0.6,40.8,102.0
141,SAL DE UVAS PICOT CAJA X 50,"{'CAJA': [50, 100.0], 'SOBRE': [1, 2.0]}",Tabletas efervescentes,Alivio de la acidez estomacal y malestar digestivo,Bicarbonato de sodio,1 tableta disuelta en agua después de las comidas,Neutraliza el ácido estomacal,141,56.0,0.96,2.0,0.52,53.76,112.0
142,SALBUTAMOL 100MCG X DOSIS SPRAY PROMEGAL,"{'SPRAY': [1, 25.0]}",Spray inhalador,Alivio de los síntomas de asma y enfermedad pulmonar obstructiva crónica (EPOC),Salbutamol,1-2 inhalaciones según necesidad,Broncodilatador,142,7.0,11.86,25.0,0.5256000000000001,83.02,175.0
143,SALUPRIM TAB CAJA X 50 BLIST X 5 (TRIMETROPRIM),"{'CAJA': [50, 80.0], 'BLISTER': [5, 8.0]}",Tabletas,Tratamiento de infecciones bacterianas,Trimetoprim,Según indicación médica,Antibiótico,143,11.0,4.5,8.0,0.4375,49.5,88.0
144,SANA SANA POMADA LATITA DE PLASTICO,"{'FRASCO': [1, 8.0]}",Pomada,Cicatrizante y antiséptico tópico,"Vaselina, óxido de zinc",Aplicar en la zona afectada según necesidad,Promueve la cicatrización y previene infecciones,144,14.0,3.0,8.0,0.625,42.0,112.0
145,SANIRENAL CAJA X 100 BLIST X 10,"{'CAJA': [100, 10.0], 'BLISTER': [10, 1.0]}",Tabletas,Suplemento para la salud renal,"Extracto de arándano, vitamina C",1 tableta al día,Apoyo a la función renal,145,94.0,0.6,1.0,0.4,56.4,94.0
146,SERAFON GUAYACOL+EUCALI) X 1000,"{'CAJA': [1000, 250.0], 'SOBRE': [1, 0.25]}",Jarabe,Expectorante y descongestionante,"Guayacol, eucalipto",Según indicación médica,Facilita la expulsión de mucosidad,146,712.0,0.125,0.25,0.5,89.0,178.0
147,SERTAL COMPUESTO BLIS X 10 CAJA X 200,"{'BLIS': [10, 3.3], 'CAJA': [200, 66.0]}",Tabletas,Alivio del dolor y la inflamación,"Dipirona, cafeína, meclofenamato",Según indicación médica,Analgésico y antiinflamatorio,147,141.0,1.75,3.3,0.4696969696969696,246.75,465.3
148,SERTAL COMPUESTO X 3 DOSIS,"{'CAJA': [1, 20.0]}",Ampollas,Analgésico y antiespasmódico,"Dipirona, cafeína, meclofenamato",Según indicación médica,Alivio del dolor y espasmos musculares,148,2.0,10.0,20.0,0.5,20.0,40.0
149,SHAMPOO MEDICASP 130.ML,"{'BOTE': [1, 70.0]}",Shampoo,Tratamiento para la caspa,Piritiona de zinc,Aplicar en el cuero cabelludo y masajear,Antifúngico y queratolítico,149,1.0,42.0,70.0,0.4,42.0,70.0
150,SIXTYNINE (SILDEN X 100 MGS) CAJA X 30 SOB Y CART X 4,"{'CAJA': [1, 15.0]}",Tabletas,Tratamiento de la disfunción eréctil,Sildenafil,Según indicación médica,Vasodilatador,150,10.0,5.3333,15.0,0.6444466666666666,53.333000000000006,150.0
151,SUCRADEL CAJA X 30 SOBRES,"{'CAJA': [30, 150.0], 'SOBRE': [1, 5.0]}",Sobres,Suplemento dietético,Sucralosa,1 sobre al día,Edulcorante sin calorías,151,21.0,2.5,5.0,0.5,52.5,105.0
152,SUCRASSYL CAJA X 30 PAHIL,"{'CAJA': [1, 5.0], 'SOBRE': [1, 5.0]}",Pastillas,Suplemento dietético,Sucralosa,1 pastilla al día,Edulcorante sin calorías,152,21.0,3.12,5.0,0.376,65.52,105.0
153,SUKROL BEBIBLE CAJA X 10 VIAL,"{'CAJA': [10, 55.0], 'VIAL': [1, 5.5]}",Solución,Suplemento vitamínico,Vitaminas y minerales,1 vial al día,Aporte de nutrientes esenciales,153,12.0,2.53,5.5,0.54,30.36,66.0
154,SUKROL NIÑO JARABE 240 ML,"{'JARABE': [1, 25.0]}",Jarabe,Suplemento vitamínico para niños,Vitaminas y minerales,Según indicación pediátrica,Aporte de nutrientes esenciales,154,2.0,12.0,25.0,0.52,24.0,50.0
155,SUKROL TAB  CAJA X 100,"{'CAJA': [100, 80.0]}",Tabletas,Suplemento vitamínico,Vitaminas y minerales,1 tableta al día,Aporte de nutrientes esenciales,155,1.0,20.0,80.0,0.75,20.0,80.0
156,TE ANTIGRIPAL CAJA X 20 SOBRES,"{'CAJA': [20, 20.0], 'SOBRE': [1, 1.0]}",Sobres,Tratamiento para la gripe,"Paracetamol, fenilefrina, clorfenamina",1 sobre cada 6 horas,"Analgésico, descongestionante, antihistamínico",156,22.0,0.5,1.0,0.5,11.0,22.0
157,TE CHUPA GRASA CAJA X 30,"{'CAJA': [1, 57.0]}",Cápsulas,Suplemento dietético,"Extracto de té verde, L-carnitina",2 cápsulas al día,Quemador de grasa,157,1.0,35.0,57.0,0.3859649122807017,35.0,57.0
158,TE CHUPA PANZA CAJA X 30,"{'CAJA': [1, 57.0]}",Cápsulas,Suplemento dietético,"Fibra, L-carnitina",2 cápsulas al día,Reductor de abdomen,158,1.0,35.0,57.0,0.3859649122807017,35.0,57.0
159,TE DE ALCACHOFA GN+V X 30 SOBRES,"{'CAJA': [1, 57.0]}",Sobres,Infusión para la digestión,"Alcachofa, boldo, diente de león",1 sobre después de las comidas,Digestivo y depurativo,159,1.0,35.72,57.0,0.3733333333333333,35.72,57.0
160,TE DE PIÑALIN CAJA X 30 SOBRES,"{'CAJA': [1, 57.0]}",Sobres,Infusión para la digestión,"Piña, linaza, tamarindo",1 sobre después de las comidas,Digestivo y laxante suave,160,1.0,35.0,57.0,0.3859649122807017,35.0,57.0
161,TE GINKO BILOBA CAJA X 20 SOBRES,"{'CAJA': [20, 30.0], 'SOBRE': [1, 1.5]}",Sobres,Suplemento dietético para mejorar la memoria y la circulación sanguínea,Ginkgo Biloba,1 sobre al día,Mejora la circulación sanguínea y la función cognitiva,161,14.0,0.75,1.5,0.5,10.5,21.0
162,TE LIMON + JENGIBRE CAJA X 20 SOBRES,"{'CAJA': [20, 30.0], 'SOBRE': [1, 1.5]}",Sobres,Infusión para mejorar la digestión y aliviar malestares estomacales,"Limón, Jengibre",1 sobre después de las comidas,Digestivo y antiinflamatorio,162,11.0,0.75,1.5,0.5,8.25,16.5
163,TE MANZANILLA + TILO  CAJA X 20 SOBRES,"{'CAJA': [20, 30.0], 'SOBRE': [1, 1.5]}",Sobres,Infusión para calmar los nervios y conciliar el sueño,"Manzanilla, Tilo",1 sobre antes de dormir,Sedante y relajante,163,16.0,0.75,1.5,0.5,12.0,24.0
164,TE MANZANILLA CAJA X 20 SOBRES,"{'CAJA': [20, 30.0], 'SOBRE': [1, 1.5]}",Sobres,Infusión para calmar el malestar estomacal y aliviar la ansiedad,Manzanilla,1 sobre después de las comidas,Digestivo y ansiolítico,164,14.0,0.7,1.5,0.5333333333333333,9.8,21.0
165,TE PARA LA DIABETES CAJA X 20 SOB VIDA,"{'CAJA': [20, 40.0], 'SOBRE': [1, 2.0]}",Sobres,Infusión para ayudar a controlar los niveles de azúcar en sangre en personas con diabetes,Hierbas especiales para la diabetes,1 sobre antes de cada comida,Regulador de la glucosa,165,16.0,0.75,2.0,0.625,12.0,32.0
166,TE PARA LA NOCHE CAJA X 20 SOBRES,"{'CAJA': [20, 30.0], 'SOBRE': [1, 1.5]}",Sobres,Infusión para promover el sueño y mejorar la calidad del descanso nocturno,Hierbas relajantes,1 sobre antes de dormir,Sedante y relajante,166,13.0,0.5,1.5,0.6666666666666666,6.5,19.5
167,TE PARA LA PRESION CAJA X 20 SOB VIDA,"{'CAJA': [20, 23.0], 'SOBRE': [1, 1.15]}",Sobres,Infusión para ayudar a controlar la presión arterial alta,Hierbas especiales para la presión arterial,1 sobre al día,Regulador de la presión arterial,167,23.0,0.6,1.15,0.4782608695652173,13.8,26.45
168,TE PARA LOS NERVIOS CAJA X 20 SOB VIDA,"{'CAJA': [20, 30.0], 'SOBRE': [1, 1.5]}",Sobres,Infusión para calmar los nervios y reducir la ansiedad,Hierbas relajantes,1 sobre cada 8 horas,Ansiolítico y relajante,168,11.0,0.76,1.5,0.4933333333333333,8.36,16.5
169,TE PERICON CAJA X 20 SOBRES,"{'CAJA': [20, 20.0], 'SOBRE': [1, 1.0]}",Sobres,Infusión para aliviar los cólicos menstruales y regular el ciclo menstrual,Pericón,1 sobre cada 6 horas durante el periodo menstrual,Antiespasmódico y regulador hormonal,169,20.0,0.6,1.0,0.4,12.0,20.0
170,TE RENAL CAJA X 20 SOBRES,"{'CAJA': [20, 30.0], 'SOBRE': [1, 1.5]}",Sobres,Infusión para mejorar la función renal y prevenir la formación de cálculos renales,Hierbas diuréticas y depurativas,1 sobre al día,Diurético y protector renal,170,17.0,0.6,1.5,0.6,10.2,25.5
171,TE TILO CAJA X 20 SOBRES,"{'CAJA': [20, 30.0], 'SOBRE': [1, 1.5]}",Sobres,Infusión para calmar los nervios y conciliar el sueño,Tilo,1 sobre en agua caliente antes de dormir,Sedante y relajante,171,7.0,0.5,1.5,0.6666666666666666,3.5,10.5
172,TE VERDE PIÑA CAJA X 20 SOBRES,"{'CAJA': [20, 30.0], 'SOBRE': [1, 1.5]}",Sobres,Infusión antioxidante con sabor a piña,Té verde,1 sobre en agua caliente al día,Antioxidante y estimulante,172,9.0,0.75,1.5,0.5,6.75,13.5
173,TERABIOL LANCASCO AMPIC+SULBACTAN) FCO X 70 ML,"{'FRASCO': [1, 50.0]}",Solución inyectable,Antibiótico de amplio espectro,Ampicilina + Sulbactam,Según indicación médica,Antibacteriano,173,1.0,25.3,50.0,0.494,25.3,50.0
174,TERRAMICINA UNGÜENTO 5 GRS,"{'CREMA': [1, 33.0]}",Ungüento,Antibiótico tópico para infecciones oculares,Clorhidrato de oxitetraciclina,Aplicar en el ojo afectado según indicación médica,Antibacteriano,174,1.0,15.0,33.0,0.5454545454545454,15.0,33.0
175,TIAMINA 300 ANCALMO CAJA X 100,"{'CAJA': [100, 100.0], 'SOBRE': [1, 1.0]}",Tabletas,Suplemento de vitamina B1 para el sistema nervioso,Tiamina,1 tableta al día,Suplemento vitamínico,175,54.0,0.4,1.0,0.6,21.6,54.0
176,TRAMADOL CAPSULA  CAJA X 100 BLIST X 10 MILAN,"{'CAJA': [100, 100.0], 'BLISTER': [10, 10.0]}",Cápsulas,Analgésico opioide para el alivio del dolor moderado a severo,Tramadol,Según indicación médica,Analgésico,176,18.0,5.5,10.0,0.45,99.0,180.0
177,TRES TOROS  CAJA X 10 AMPOLLAS VIAL BEBIBLE,"{'CAJA': [10, 40.0]}",Ampollas bebibles,Suplemento energizante y revitalizante,Vitaminas y minerales,1 ampolla al día,Suplemento nutricional,177,1.0,20.0,40.0,0.5,20.0,40.0
178,TRIAXOBIL S 1.5 FCO I.M /I.V.,"{'FRASCO': [1, 70.0]}",Solución inyectable,Antibiótico para infecciones graves,Ceftriaxona,Según indicación médica,Antibacteriano,178,0.0,36.0,70.0,0.4857142857142857,0.0,0.0
179,TRIPLE FORTE DX CAJA X 3 INYEC,"{'CAJA': [3, 30.0]}",Inyección,Combinación de vitaminas y minerales para fortalecer el sistema inmunológico,Vitaminas y minerales,Según indicación médica,Suplemento nutricional,179,1.0,15.3,30.0,0.49,15.3,30.0
180,TUSILEXIL FCO X 120 ML,"{'FRASCO': [1, 50.0]}",Jarabe,Expectorante para aliviar la tos y la congestión,Guaifenesina,Según indicación médica,Expectorante,180,2.0,25.3,50.0,0.494,50.6,100.0
181,UNESIA 20 GRS,"{'CREMA': [1, 58.0]}",Crema,Tratamiento tópico para hongos en la piel,Clotrimazol,Aplicar una capa delgada sobre la zona afectada 2 veces al día,Antifúngico,181,2.0,30.0,58.0,0.4827586206896552,60.0,116.0
182,UNIPULMIN ANTGRIPAL INYECTABLE,"{'JERINGA PRELLENADA': [1, 16.0]}",Inyectable,Tratamiento para gripa y tos,"Paracetamol, Fenilefrina, Clorfenamina",Según indicación médica,"Analgésico, Descongestionante, Antihistamínico",182,4.0,9.3,16.0,0.4187499999999999,37.2,64.0
183,UNIPULMIN GRIPE Y TOS INYECTABLE,"{'JERINGA PRELLENADA': [1, 16.0]}",Inyectable,Tratamiento para gripa y tos,"Paracetamol, Fenilefrina, Dextrometorfano",Según indicación médica,"Analgésico, Descongestionante, Antitusivo",183,1.0,9.3,16.0,0.4187499999999999,9.3,16.0
184,UROFIN DISPENS X 100,"{'DISPENSADOR': [100, 3.0]}",Tabletas,Suplemento vitamínico,Complejo B,Tomar 1 tableta al día,Suplemento vitamínico,184,94.0,1.85,3.0,0.3833333333333333,173.9,282.0
185,VARIFIN  FCO 100 TABS,"{'FRASCO': [1, 40.0]}",Tabletas,Antiinflamatorio y analgésico,Ibuprofeno,Según indicación médica,"Antiinflamatorio, Analgésico",185,1.0,20.3,40.0,0.4925,20.3,40.0
186,VICK PASTI MENTOL 5 X 24 SOBRES,"{'CAJA': [24, 96.0], 'SOBRE': [1, 4.0]}",Sobres,Alivio de la congestión nasal,Mentol,Disolver un sobre en agua caliente y inhalar los vapores,Descongestionante,186,16.0,2.29,4.0,0.4275,36.64,64.0
187,VICK VAPORUB 12G  CAJA X 12 LATITAS,"{'CAJA': [12, 10.0]}",Pomada,Alivio de la congestión nasal y muscular,"Mentol, Alcanfor, Eucalipto",Aplicar en pecho y espalda frotando suavemente,"Descongestionante, Analgésico",187,31.0,5.95,10.0,0.4049999999999999,184.45,310.0
188,VITAL FUERTE 10 AMP BEB 10 ML,"{'AMPOLLA': [1, 5.8]}",Ampollas bebibles,Suplemento vitamínico,Complejo B,Tomar 1 ampolla al día,Suplemento vitamínico,188,6.0,3.18,5.8,0.4517241379310344,19.08,34.8
189,VITALFUERTE X 100 TAB,"{'CAJA': [1, 80.0]}",Tabletas,Suplemento vitamínico,Complejo B,Tomar 1 tableta al día,Suplemento vitamínico,189,1.0,20.3,80.0,0.7462500000000001,20.3,80.0
190,VITAMINA E 1000 X 100 VESA,"{'CAJA': [100, 100.0], 'SOBRE': [1, 1.0]}",Cápsulas,Suplemento vitamínico,Vitamina E,Tomar 1 cápsula al día,Antioxidante,190,198.0,0.4,1.0,0.6,79.2,198.0
191,VIVE AMOR 16 CAJAS X 3 UND,"{'CAJA': [16, 128.0], 'SACHET': [1, 8.0]}",Tabletas,Suplemento vitamínico y mineral,Vitaminas y minerales,1 tableta al día,Suplemento vitamínico y mineral,191,5.0,4.7,8.0,0.4125,23.5,40.0
192,VIVE ORIGINAL 16 CAJAS X 3 UND,"{'CAJA': [16, 128.0], 'SACHET': [1, 8.0]}",Tabletas,Suplemento vitamínico y mineral,Vitaminas y minerales,1 tableta al día,Suplemento vitamínico y mineral,192,4.0,5.0,8.0,0.375,20.0,32.0
193,WINASORB GOTAS 15 ML,"{'BOTE': [1, 27.0]}",Gotas,Antidiarreico,Racecadotrilo,Según indicación médica,Inhibidor de la encefalinasa,193,1.0,15.0,27.0,0.4444444444444444,15.0,27.0
194,WINASORB JBE 60 ML,"{'JARABE': [1, 32.0]}",Jarabe,Antidiarreico,Racecadotrilo,Según indicación médica,Inhibidor de la encefalinasa,194,1.0,15.0,32.0,0.53125,15.0,32.0
195,YODOCLORINA DISP X 100 CAPS,"{'DISPENSADOR': [100, 90.0], 'SOBRE': [1, 0.9]}",Cápsulas,Antiséptico y desinfectante,Yodo,Según indicación médica,Antiséptico,195,124.0,0.4,0.9,0.5555555555555556,49.6,111.6
196,ZANAHORIA CON VIT A 40 ML,"{'BOTE': [1, 19.0]}",Jarabe,Suplemento vitamínico,Zanahoria y vitamina A,Según indicación médica,Suplemento vitamínico,196,2.0,12.0,19.0,0.3684210526315789,24.0,38.0
197,ZARZAPARRILLA FCO 240 ML (HIGSA),"{'FRASCO': [1, 20.0]}",Frascos,Depurativo y diurético,Extracto de zarzaparrilla,Según indicación médica,Depurativo y diurético,197,1.0,10.3,20.0,0.485,10.3,20.0
198,ZORRIFLEM JB 180 ML,"{'JARABE': [1, 18.0]}",Jarabe,Mucolítico y expectorante,Ambroxol,Según indicación médica,Mucolítico y expectorante,198,1.0,9.3,18.0,0.4833333333333333,9.3,18.0
199,ZORRITONE CARAMELO BARRA CAJA X 16 CEREZA,"{'CAJA': [1, 4.5]}",Caramelos,Suplemento energético,Vitaminas y minerales,Según indicación médica,Suplemento energético,199,18.0,2.19,4.5,0.5133333333333333,39.42,81.0
200,ZORRITONE CARAMELO BARRA CAJA X 16 MIEL LIMON,"{'CAJA': [1, 4.5]}",Caramelos,Suplemento energético,Vitaminas y minerales,Según indicación médica,Suplemento energético,200,17.0,2.18,4.5,0.5155555555555555,37.06,76.5
201,ZORRITONE CARAMELO BARRA CAJA X 16 TRADICIONAL,"{'CAJA': [1, 4.5]}",Caramelo en barra,Alivio de la tos y la irritación de garganta,"Miel de abeja, extracto de eucalipto, extracto de menta",Chupar un caramelo cada 2-3 horas según sea necesario,Expectorante y calmante de la garganta,201,27.0,2.19,4.5,0.5133333333333333,59.13,121.5
202,ZORRITONE CARAMELO X 500,"{'VIAL': [1, 0.5]}",Caramelo,Alivio de la tos y la irritación de garganta,"Miel de abeja, extracto de eucalipto, extracto de menta",Chupar un caramelo cada 2-3 horas según sea necesario,Expectorante y calmante de la garganta,202,298.0,0.27,0.5,0.4599999999999999,80.46000000000001,149.0
