No,ARTICULO  ESTUARDO,EXISTENCIA,COSTO,PP,%,TOTAL COSTO,TOTAL PP
1,AGUAPURA 500 ML MEMBERS,4.0,1.76,3.0,0.41333333333333333,7.04,12.0
2,ALGODÓN ZUUM 25 GRS,3.0,4.5,8.0,0.4375,13.5,24.0
3,ALGODÓN ZUUM 50 GRS,4.0,6.2,12.0,0.48333333333333334,24.8,48.0
4,APROVEL (IRBERSARTAN 150 MGS) BLIST X 14,1.0,25.0,85.0,0.7058823529411765,25.0,85.0
5,BETAMETASONA 8 MGS AMP 2 ML ERISPAN MEXICO,1.0,14.0,65.0,0.7846153846153846,14.0,65.0
6,BRONCOTOS ( CARB+CLORFE+DEXTRO) FCO 120 ML GEBEQUIMIC,3.0,32.5,55.0,0.4090909090909091,97.5,165.0
7,"BUDENA 0,5 MG AMPOLLA CAJA X 5",5.0,25.0,38.0,0.34210526315789475,125.0,190.0
8,"CALLOSOL LIQUIDO (CALLOS, VERRUGAS Y MEZQUIINOS)",2.0,10.2,30.0,0.66,20.4,60.0
9,CEREBREX CAPSULA BLIST X 10 CAJA X 60,1.0,11.0,20.0,0.45,11.0,20.0
10,CETAMIN CC BLISTER X 10 LAPRIN,49.0,4.42,7.0,0.3685714285714286,216.57999999999998,343.0
11,CITRATO DE MAGNESIO FCO DE 60 CAPSULAS,1.0,65.0,110.0,0.4090909090909091,65.0,110.0
12,CLEVIUM DEXKETOPROFENO 25 MG X 10 TAB,89.0,2.1,4.5,0.5333333333333333,186.9,400.5
13,CLEVIUM DEXKETOPROFENO 50 MG AMPOLLA,11.0,8.0,17.0,0.5294117647058824,88.0,187.0
14,CLORURO DE MAGNESIO 100 GRAMOS QUIMICA U,1.0,15.0,25.0,0.4,15.0,25.0
15,CLORURO DE MAGNESIO CAJA X 100 TAB ,1.0,25.0,50.0,0.5,25.0,50.0
16,COFAL FORTE TARRO 60 GRS ROJO,0.0,30.0,47.0,0.3617021276595745,0.0,0.0
17,COFAL TARRO 60 GRS AZUL,1.0,30.0,45.0,0.3333333333333333,30.0,45.0
18,DEZZZCANSAR 50 MG BISTER X 10 CAJA 100,95.0,1.804,3.0,0.39866666666666667,171.38,285.0
19,DIOSMINA CAJA X 30 BLISTER X 10 (DIOSMIL),7.0,21.25,45.0,0.5277777777777778,148.75,315.0
20,DOLGENAL 20 MG ,3.0,5.0,10.0,0.5,15.0,30.0
21,DOLO TETRAVIT BLIST X 10,119.0,2.66,4.3,0.38139534883720927,316.54,511.7
22,DOLODIROL (ACETA+ TRAMA) CJ X 100 BLIST X 5,44.0,3.4,7.0,0.5142857142857143,149.6,308.0
23,DOLOFIN DISP X 100,100.0,0.65,1.5,0.5666666666666667,65.0,150.0
24,DONOFLAT PLUS BLIST X 10 CAJA X 120,29.0,3.373,5.2,0.3513461538461538,97.81700000000001,150.8
25,DORIXINA RELAX BLIST X 10 TABS,11.0,8.0,12.0,0.3333333333333333,88.0,132.0
26,ENERGIWOMAN BLISTER X 10,5.0,4.5,8.0,0.4375,22.5,40.0
27,ENTEROGERMINA 4 BILLONES CAJA X 10 AMP,5.0,17.0,30.0,0.43333333333333335,85.0,150.0
28,EQUIPO  PARA SUERO NIPRO  ,4.0,3.58,7.0,0.48857142857142855,14.32,28.0
29,ESIDEP (ESCITALOPRAM) 10 MGS BLISTER X 10,2.0,86.0,132.0,0.3484848484848485,172.0,264.0
30,FENOFIBRATO 250 MGS BLIST X 10,2.0,15.0,30.0,0.5,30.0,60.0
31,FIBRA GEL OSO 12 GRS CAJA X 30 SASHETS,1.0,1.781,3.0,0.4063333333333334,1.781,3.0
32,FIBRA PSLLYUM PLANTAGO 400 G,3.0,23.0,35.0,0.34285714285714286,69.0,105.0
33,GRIPETIN DIA CAJA X 120 CARTERITA X 4 GEL CAPS,35.0,2.8,5.0,0.44000000000000006,98.0,175.0
34,GRIPETIN NOCHE CAJA X 120 CARTERITA X 4 GEL CAPS,40.0,3.13,5.0,0.374,125.19999999999999,200.0
35,HIERRO SACAROSA 100MG/5ML CAJA X 10 VITALIS,3.0,35.2,59.0,0.40338983050847455,105.60000000000001,177.0
36,INSULINA SEMGLEE X 10 ML,1.0,40.0,95.0,0.5789473684210527,40.0,95.0
37,JERINGA INSULINA 1 CC 30X 1/2 CAJA X 100,56.0,0.3,1.0,0.7,16.8,56.0
38,KISAT CAJA X 30 TABS BLIST X 15,64.0,2.066,3.5,0.40971428571428575,132.224,224.0
39,LEVOFLOXACINA 750MG CAJA X 10 TABS  PROMEGAL ,2.0,14.0,28.0,0.5,28.0,56.0
40,LEVONORGESTREL DISPENSADOR X 11 TAB,2.0,20.0,90.0,0.7777777777777778,40.0,180.0
41,LEVONORGESTREL+ETINILESTRADIOL CAJA X 21 DIBA,1.0,16.4,60.0,0.7266666666666667,16.4,60.0
42,LISTERINE 250 ML,1.0,23.0,37.0,0.3783783783783784,23.0,37.0
43,LISTERINE 500 ML,2.0,35.0,57.0,0.38596491228070173,70.0,114.0
44,MEMBRANA BIO FILM UNIDAD 10 X 10,1.0,115.0,168.0,0.31547619047619047,115.0,168.0
45,MICROGINON GENERICO X 28 TABS QUIFA,1.0,17.0,60.0,0.7166666666666667,17.0,60.0
46,MICROPORE NEXCARE  BLANCO 2 X 10 YD,2.0,16.6,26.0,0.3615384615384615,33.2,52.0
47,MICROPORE NEXCARE BLANCO 1 X 10,3.0,9.6,17.0,0.43529411764705883,28.799999999999997,51.0
48,MICROPORE NEXCARE BLANCO 1/2 X 10 YD,4.0,8.2,15.0,0.45333333333333337,32.8,60.0
49,MICROPORE NEXCARE PIEL 1 X 10 YDS,2.0,9.1,17.0,0.4647058823529412,18.2,34.0
50,MICROPORE NEXCARE PIEL 1/2 X 10 YD,1.0,8.8,15.0,0.4133333333333333,8.8,15.0
51,MUÑEQUERA ,2.0,4.34,10.0,0.5660000000000001,8.68,20.0
52,NEXT DIA CAJA X 40 BLIST X  10,17.0,1.75,3.0,0.4166666666666667,29.75,51.0
53,NEXT NOCHE CAJA X 40 BLISTER X 10,32.0,1.75,3.0,0.4166666666666667,56.0,96.0
54,NOMAGEST KIT,2.0,20.86,35.0,0.404,41.72,70.0
55,NORFLOXACINA 400 MGS BLISTER X 10 BACTERIOTAL CAJA X 20,2.12,21.5,35.0,0.38571428571428573,45.580000000000005,74.2
56,PASTILLA BOTANICAL SLIMING (MEIZY TANG) X 30,1.0,62.0,100.0,0.38,62.0,100.0
57,PASTILLA BURN 7 X 30,1.0,62.0,100.0,0.38,62.0,100.0
58,PASTILLA FRUTA PLANTA X 30,1.0,62.0,100.0,0.38,62.0,100.0
59,PASTILLA LIPO PRO X 30,0.0,62.0,100.0,0.38,0.0,0.0
60,PASTILLA RAPIDLY SLIMMING X 30,1.0,62.0,100.0,0.38,62.0,100.0
61,PASTILLA TOMATO X 30,1.0,62.0,100.0,0.38,62.0,100.0
62,PEDIALYTE CEREZA 500 ML,4.0,15.78,23.0,0.3139130434782609,63.12,92.0
63,PEDIALYTE CLASICO COCO 500 ML,5.0,15.78,23.0,0.3139130434782609,78.89999999999999,115.0
64,PEDIALYTE FRESA 500 ML  60,4.0,15.78,23.0,0.3139130434782609,63.12,92.0
65,PEDIALYTE MANZANA 500 ML 60,3.0,15.78,23.0,0.3139130434782609,47.339999999999996,69.0
66,PEDIALYTE UVA 500 ML  60,4.0,15.8,23.0,0.31304347826086953,63.2,92.0
67,PENICILINA POMADA,9.0,6.5,12.0,0.4583333333333333,58.5,108.0
68,PIOJIN BURBUJAS CARTON X 12 BURBUJAS,26.0,2.67,5.0,0.466,69.42,130.0
69,PLAN B CARTERITA X 2 DISPENSADOR X 12,5.0,15.38,80.0,0.8077500000000001,76.9,400.0
70,PRINCIPAL FORTE BLIST X 5 CAJA X 60,8.0,12.6,20.0,0.37,100.8,160.0
71,PROGESTIN DEPOT 250 KIT,1.0,39.0,61.0,0.36065573770491804,39.0,61.0
72,PROPANOLOL 40 MG BLISTER X 20 TABS CAJA X 100 INFASA,4.0,5.05,9.0,0.4388888888888889,20.2,36.0
73,PRUEBA DE GLUCOSA,43.0,2.83,5.0,0.434,121.69,215.0
74,PRUEBA DE OXIGENO,5.0,2.5,5.0,0.5,12.5,25.0
75,RANITIDINA 50 MGS/2ML X 10 AMPOLLAS VITALIS,4.0,5.6,12.0,0.5333333333333333,22.4,48.0
76,RODILLERA ,2.0,7.0,15.0,0.5333333333333333,14.0,30.0
77,ROSUVASTATINA 20 MG BLIST X 10 SUVAATIN),4.0,15.0,35.0,0.5714285714285714,60.0,140.0
78,SITAGLIPTINA PHARMADEL BLIST X 10 TAB ,3.0,10.0,30.0,0.6666666666666666,30.0,90.0
79,SOLUCION SALINA 500 ML,2.0,9.64,19.0,0.49263157894736836,19.28,38.0
80,SPASMO CIBALGINA BLIST X 10 TAB CAJA X 100,20.0,0.79,2.0,0.605,15.8,40.0
81,SUEROX ALOE VERA/LYCHE 630 ML,1.0,11.0,20.0,0.45,11.0,20.0
82,SUEROX COCO 630 ML,2.0,11.0,20.0,0.45,22.0,40.0
83,SUEROX FRESA MENTA 630 ML,1.0,10.41,20.0,0.4795,10.41,20.0
84,SUEROX FRESA/KIGUI 630 ML,1.0,10.85,20.0,0.4575,10.85,20.0
85,SUEROX FRUTOS ROJOS 630 ML,2.0,11.0,20.0,0.45,22.0,40.0
86,SUEROX LIMA LIMON 630 ML,2.0,10.85,20.0,0.4575,21.7,40.0
87,SUEROX MANZANA 630 ML,0.0,11.7,20.0,0.41500000000000004,0.0,0.0
88,SUEROX MORA AZUL/ HIERBABUENA 630 ML,1.0,10.85,20.0,0.4575,10.85,20.0
89,SUEROX NARANAJA/ MANDARINA 630 ML,2.0,11.7,20.0,0.41500000000000004,23.4,40.0
90,SUEROX UVA 630 ML,0.0,10.5,20.0,0.475,0.0,0.0
91,SULFADIAZINA DE PLATA GF CREMA 1% X 15G,2.0,22.5,48.0,0.53125,45.0,96.0
92,TE DIGESTIVO CAJA X 20 SOBRES ,14.0,0.7,1.5,0.5333333333333333,9.799999999999999,21.0
93,TE MORINGA CAJA X 20 SOBRES,10.0,0.85,1.5,0.43333333333333335,8.5,15.0
94,TIAZIL HIDRO/AMILORIDA 50/5 BLIST X 10 INFASA,4.0,4.0,18.0,0.7777777777777778,16.0,72.0
95,TOBILLERA ,2.0,4.0,12.0,0.6666666666666666,8.0,24.0
96,TOMA DE PRESION,9.0,1.5,3.0,0.5,13.5,27.0
97,TROPIUM -750 BROMURO DE IPATROPIUM 750 MCG/ML ,2.0,90.0,150.0,0.4,180.0,300.0
98,URIKEM 300 CAJA X 30 BLIST X 10,5.0,3.95,6.2,0.3629032258064516,19.75,31.0
99,URIN BLIST X 5 TAB CAJA X 100,32.0,3.5,5.6,0.37499999999999994,112.0,179.2
100,VIGORLAX MULTIVITAMINICO CAJA X 30 TABLETAS,1.0,86.67,140.0,0.3809285714285714,86.67,140.0
101,"VIVE COOR SAB (UV,NAR, FRE,CHO,MAN, MEN) ",8.0,9.31,15.0,0.3793333333333333,74.48,120.0
102,VIVE RETARDANTE TEXT 8 CAJAS X 3 UND,2.0,9.69,17.0,0.43000000000000005,19.38,34.0
103,VIVE SENSITIVO 8 CAJAS X 3 UND,1.0,8.46,15.0,0.43599999999999994,8.46,15.0
104,WINASORB ADULTO CAJA X 100 BLIST X 4,39.0,0.45,0.875,0.4857142857142857,17.55,34.125
105,WINASORB NIÑOS CAJA X 100 BLIST X 4,47.0,0.45,0.88,0.48863636363636365,21.150000000000002,41.36
106,YES NOT (PRUEBA DE EMB) CASSETT,5.0,5.5,12.0,0.5416666666666666,27.5,60.0
107,,,,,,0.0,0.0
108,,,,,,0.0,0.0
109,,,,,,0.0,0.0
110,,,,,,0.0,0.0
111,,,,,,0.0,0.0
112,,,,,,0.0,0.0
113,,,,,,0.0,0.0
114,,,,,,5628.281999999998,10417.885000000002
115,,,,,,,4789.603000000004
116,,,,,,,
117,,,,,,,0.45974811586036923
118,,,,,,,
119,,,,,,,
120,,,,,,,
121,,,,,,,
122,,,,,,,
123,,,,,,,
124,,,,,,,
125,,,,,,,
126,,,,,,,
127,,,,,,,
128,,,,,,,
129,,,,,,,
130,,,,,,,
131,,,,,,,
132,,,,,,,
133,,,,,,,
133,,,,,,,
134,,,,,,,
134,,,,,,,
