No,ARTICULO,EXIST,LUNES AM,LUNES PM,MARTES AM,MARTES PM,MIERCO AM,MIERCO PM,JUEVES AM,JUEVES PM,VIERNES AM,VIERNES PM,SABADO,NVA EXIST,PEDIDO,PP,OBSERVACIONES,FECHA DE VENCIMIENTO,BODEGA,COMPRAS,FECHA DE COMPRA,SEM 31 MAR,SEM 7 ABRIL,SEM 17 MAR, SEM 24 MAR,TOTAL,PROMEDIO,1 MES,2 MESES,2 MESES.1
1,ACEITE COCO 120 ML ,3.0,,,,,,,,,,,,3.0,7.0,29.0,,2026-05-01,2.0,,2024-11-01,1.0,1.0,2.0,1.0,5.0,1.25,5.0,10.0,20.0
2,AFLAC GOTAS PEDIATRICAS 15 ML  (DICLOFENACO),3.0,,,,,,,,,,,,3.0,-3.0,29.0,,2026-10-01,0.0,,2024-09-01,,,,,0.0,0.0,0.0,0.0,
3,AGUA FLORIDA 4 ROSAS VESA  FCO 70 ML,2.0,,,,,,,,,,,,2.0,12.0,4.0,,,3.0,,2024-10-01,1.0,3.0,1.0,2.0,7.0,1.75,7.0,14.0,0.0
4,AGUA OXIGENADA 480 ML LA ENFERMERITA,3.0,,,,,,,,,,,,3.0,13.0,10.0,,2026-11-01,3.0,,2025-01-01,1.0,5.0,1.0,1.0,8.0,2.0,8.0,16.0,0.0
5,ALCANFOR PURO POLVO LATA 3 GRS DISFAVIL,2.0,,,,,,,,,,,,2.0,6.0,5.0,,2026-04-01,10.0,,2024-12-01,1.0,1.0,1.0,1.0,4.0,1.0,4.0,8.0,58.0
6,ALCOHOL GEL 60 GRS (FQUIMICA),1.0,,,,,,,,,,,,1.0,1.0,15.0,,,2.0,,2024-01-01,,,,1.0,1.0,0.25,1.0,2.0,16.0
7,ALFER NICOL UNGÜENTO TUBO 5 GRS,2.0,,,,,,,,,,,,2.0,2.0,53.0,,2027-03-01,0.0,,2024-10-01,,1.0,1.0,,2.0,0.5,2.0,4.0,4.0
8,AMOXI+CLAVU SUSP 312.5MG/5ML 60 ML BALAXI,2.0,,,,,,,,,,,,2.0,4.0,20.0,,2026-10-01,0.0,,2024-09-01,1.0,1.0,1.0,,3.0,0.75,3.0,6.0,
9,AMOXICILINA + ACIDO CLAVULANICO IV 1.2 VIAL 20ML ,3.0,,,,,,,,,,,,3.0,-3.0,59.0,,2025-12-01,0.0,,2024-09-01,,,,,0.0,0.0,0.0,0.0,0.0
10,AMOXIPLUS 1 G (AMOXI+CLAV) BALAXI CJ X 14 BLIST X 7,9.0,,1.0,2.0,1.0,,,,,,,,5.0,33.0,30.0,GENE,2026-10-01,21.0,,2025-02-01,3.0,7.0,4.0,5.0,19.0,4.75,19.0,38.0,4.0
11,AMPICILINA+SULBACTAM 1.5 G POLVO P/SOL INYEC,6.0,,,,,,,,,,,,6.0,16.0,22.0,,2025-10-01,0.0,,2024-12-01,4.0,3.0,1.0,3.0,11.0,2.75,11.0,22.0,0.0
12,ANESTEVIL GOTAS 5 ML (ANESTESICO LOCAL),1.0,,,,,,,,,,,,1.0,4.0,20.0,,2026-10-01,0.0,,2025-01-01,1.0,1.0,1.0,2.0,5.0,1.25,5.0,10.0,4.0
13,ARNICA + MANZANILLA GEL 120 ML ,0.0,,,,,,,,,,,,0.0,12.0,24.0,,,0.0,,2024-11-01,1.0,1.0,2.0,2.0,6.0,1.5,6.0,12.0,0.0
14,ARNICA GEL 120 ML,2.0,,,,,,,,,,,,2.0,4.0,17.0,,2026-02-01,0.0,,2024-10-01,2.0,2.0,1.0,2.0,7.0,1.75,7.0,14.0,0.0
15,ARNIDOL POMADA ARNICA 12 GRS,3.0,,,,,,,,,,,,3.0,5.0,15.0,,2025-09-01,0.0,,2024-01-01,1.0,1.0,1.0,1.0,4.0,1.0,4.0,8.0,0.0
16,ARTROSIL (GLUCOSAMINA + CONDROITINA ),0.0,,,,,,,,,,,,0.0,0.0,16.0,,,0.0,,,,,,,0.0,0.0,0.0,0.0,0.0
17,BAJA LENGUAS  DE MADERA CAJA X 100,84.0,,,,,,,,,,,,84.0,-52.0,0.25,,,0.0,,2024-10-01,8.0,,4.0,4.0,16.0,4.0,16.0,32.0,0.0
18,BALSAMICO DEL DEPORTISTA LATA 12 GRS,2.0,,,,,,,,,,,,2.0,4.0,9.0,,2026-04-01,4.0,,2024-10-01,1.0,,1.0,1.0,3.0,0.75,3.0,6.0,
19,BISMUTO BEBIBLE CAJA X 10 UNIDOSIS HIPER,5.0,,,,,,,,,,,,5.0,7.0,5.0,,2026-09-01,1.0,,2024-10-01,1.0,1.0,3.0,1.0,6.0,1.5,6.0,12.0,
20,CARDIOVITAL CAJA X 60 BLISTER X 10,4.0,,,,,,,,,,,,4.0,10.0,20.0,,2025-09-01,0.0,,2024-03-01,2.0,2.0,1.0,2.0,7.0,1.75,7.0,14.0,
21,CEFIXIMA 400 MG CAJA X 10 TAB ,2.0,,,,,,,,,,,,2.0,3.0,80.0,,2027-10-01,2.0,,2025-01-01,1.0,1.0,1.0,1.0,4.0,1.0,4.0,8.0,
22,CEFTRIAXONA 1G VITALIS VIAL INY,7.0,,,,,,,,,,,,7.0,25.0,17.0,,2027-05-01,0.0,,2025-01-01,3.0,4.0,9.0,3.0,19.0,4.75,19.0,38.0,
23,CERENERVOL CJ X 10 AMP BEBIBLES,2.0,1.0,,,,,,,,,,,1.0,7.0,88.0,,2025-06-01,1.0,,2024-06-01,,1.0,2.0,1.0,4.0,1.0,4.0,8.0,
24,CIRUELA SEN CAJA X 15 H & V,35.0,,1.0,1.0,,,,,,,,,33.0,2.0,2.333,,2027-11-01,2.0,2.0,2025-03-01,15.0,2.0,15.0,2.0,34.0,8.5,34.0,68.0,
25,COLIVERIO PLUS CJ X30 CAPS  BLIST X 5,20.0,,,,,,,,,,,,20.0,2.0,7.0,,2026-09-01,0.0,,2025-01-01,2.0,2.0,3.0,4.0,11.0,2.75,11.0,22.0,
26,DIPRONOVA 1 ML AMP,6.0,,,,,1.0,,,,,,,5.0,9.0,57.0,SOLER,2026-09-01,0.0,6.0,2025-03-01,1.0,2.0,3.0,1.0,7.0,1.75,7.0,14.0,
27,ESENCIA DE CLAVO 15 ML DISFAVIL ,2.0,,,,,,,,,,,,2.0,-2.0,25.0,,2025-07-01,0.0,,2024-02-01,,,,,0.0,0.0,0.0,0.0,
28,ESOMEPRAZOL 40 MG IV AMPOLLA LOTUS BALAXI,4.0,,,,,,,,,,,,4.0,14.0,30.0,,2025-10-01,6.0,,2024-09-01,1.0,6.0,1.0,1.0,9.0,2.25,9.0,18.0,
29,FERULA TIPO BASBALL TALLA M,1.0,,,,,,,,,,,,1.0,9.0,32.0,,,4.0,,2024-12-01,1.0,2.0,1.0,1.0,5.0,1.25,5.0,10.0,
30,FERULA TIPO RANITA TALLA M,1.0,,,,,,,,,,,,1.0,7.0,32.0,,,4.0,3.0,2025-03-01,1.0,1.0,1.0,1.0,4.0,1.0,4.0,8.0,
31,FUROSEMIDA 10 MG ML AMP BALAXI,4.0,,,,,,,,,,,,4.0,4.0,4.0,,2025-12-01,0.0,,2023-11-01,,,,4.0,4.0,1.0,4.0,8.0,
32,GLIMEPIRIDA 4 MG BLISTER X 10 WASHINGTON,14.0,,,,,,,,,,,,14.0,-6.0,7.0,ROSADEL,2027-05-01,1.0,,2025-02-01,1.0,1.0,1.0,1.0,4.0,1.0,4.0,8.0,
33,GLORANTA JENGIBRE- MENTA CAJA X 25 SOB X 4,38.0,,2.0,,,,1.0,,,,1.0,,34.0,-18.0,12.0,,2025-12-01,0.0,,2024-10-01,2.0,2.0,3.0,1.0,8.0,2.0,8.0,16.0,
34,GLORANTA MIEL MENTA  CAJA X 25 SOB X 4,21.0,,,,,,,,,,3.0,,18.0,-4.0,12.0,,2026-06-01,0.0,,2024-12-01,1.0,1.0,2.0,3.0,7.0,1.75,7.0,14.0,
35,JERINGA 20 CC X 21 X 1 1/2,0.0,,,,,,,,,,,,0.0,10.0,3.0,,2028-05-01,0.0,,2023-06-01,1.0,1.0,2.0,1.0,5.0,1.25,5.0,10.0,
36,JERINGA 60 ML SIN AGUJA  ALFA,0.0,,,,,,,,,,,,0.0,12.0,6.0,,,0.0,,2024-07-01,1.0,,4.0,1.0,6.0,1.5,6.0,12.0,
37,KURAX (LEVAMISOL HCI) ,0.0,,,,,,,,,,,,0.0,0.0,21.0,,,,,,,,,,0.0,0.0,0.0,0.0,
38,LIDOCAINA 2 % C/PRESERVANTE VIAL 50 ML LOTUS,1.0,,,,,,,,,,,,1.0,3.0,18.0,,2025-10-01,0.0,,2024-12-01,,,1.0,1.0,2.0,0.5,2.0,4.0,
39,MANTECA DE CACAO MENTOLADA LATA ,2.0,,,,,,,,,,,,2.0,4.0,16.0,,2026-05-01,0.0,,2024-02-01,,1.0,1.0,1.0,3.0,0.75,3.0,6.0,
40,MASCARILLA NEBULIZAR  (NEONATO) OPERSON,1.0,,,,,,,,,,,,1.0,1.0,29.0,,2028-06-01,0.0,,2024-06-01,1.0,1.0,1.0,1.0,4.0,1.0,4.0,8.0,
41,MASCARILLA NEBULIZAR  (NIÑO) OPERSON,1.0,,,,,,,,,,,,1.0,7.0,29.0,,2028-08-01,4.0,,2024-06-01,1.0,1.0,1.0,1.0,4.0,1.0,4.0,8.0,
42,MASCARILLA NEBULIZAR (ADULTO) OPERSON,1.0,,,,,,,,,,,,1.0,4.0,29.0,,2029-06-01,2.0,3.0,2025-03-01,1.0,3.0,1.0,2.0,7.0,1.75,7.0,14.0,
43,METOCLOPRAMIDA 10 MG CJX100 TAB BLIST X 10,7.8,,,,,,,,,,1.0,,6.8,-4.4,18.0,,2025-09-01,0.0,,2024-02-01,,0.2,,1.0,1.2,0.3,1.2,2.4,
44,MINISEC 1GM SOBRE BEBIBLE 5ML(SUCRALFATO),9.0,,,,,,,,,,,,9.0,3.0,6.0,,2026-01-01,0.0,,2025-01-01,4.0,1.0,,1.0,6.0,1.5,6.0,12.0,
45,NEUTRAGEL BLISTER X 10 TAB (BONIN),114.0,,,,,,,,10.0,,6.0,,98.0,-60.0,1.2,ROSADEL,2029-07-01,5.0,,2025-01-01,10.0,2.0,2.0,5.0,19.0,4.75,19.0,38.0,
46,OMEPRAZOL 40 MG VIAL IV (VITALIS),5.0,,,,,,,,,,,,5.0,3.0,30.0,,2027-04-01,3.0,,2024-07-01,1.0,,3.0,,4.0,1.0,4.0,8.0,
47,OXIDO ZINC SOBRE 28 GRS BOLSA X  16,11.0,,,,,,,,,,,,11.0,7.0,6.0,,2026-10-01,1.0,2.0,2025-03-01,1.0,4.0,1.0,3.0,9.0,2.25,9.0,18.0,
48,POSTAVIT 25 MG CJ X 25 TAB ,13.0,,,,,,,,,,,,13.0,1.0,3.0,,2025-08-01,0.0,,2023-04-01,,3.0,1.0,3.0,7.0,1.75,7.0,14.0,
49,PREGABALINA 75 MG CAJA X 100  BLIST X 10 CAPS,81.0,,,,,20.0,,5.0,10.0,,70.0,,-24.0,328.0,2.0,,2027-10-01,5.0,2.0,2025-03-01,23.0,20.0,57.0,52.0,152.0,38.0,152.0,304.0,
50,PROTECTOR LABIAL JALOMA BOTE CON 60 ,27.0,,,1.0,,,,,,,,,26.0,-12.0,4.0,,2026-05-01,0.0,,2024-11-01,1.0,3.0,2.0,1.0,7.0,1.75,7.0,14.0,
51,RHELAX FLEB  POMADA 60 GRS,2.0,,,,,,,,,,,,2.0,6.0,27.0,,2026-06-01,2.0,,2024-12-01,1.0,1.0,1.0,1.0,4.0,1.0,4.0,8.0,
52,SECNIDAZOL 500 MG 12 BLIST X 4 CAJA X 48,13.0,1.0,2.0,,,,,,,,,,10.0,2.0,10.0,,2027-08-01,1.0,2.0,2025-03-01,3.0,6.0,6.0,7.0,22.0,5.5,22.0,44.0,
53,SUCRALFATO QADIRA  200 ML  SUSP,4.0,,,,,,1.0,,1.0,,,,2.0,4.0,52.0,GENESIS,2027-02-01,3.0,3.0,2025-03-01,1.0,1.0,1.0,1.0,4.0,1.0,4.0,8.0,
54,SUERO EN POLVO NARANJA 1 LT PROMEGAL X 25,23.0,,2.0,,,,,,,,,,21.0,15.0,4.0,OLAM,2027-03-01,0.0,,2025-02-01,6.0,1.0,4.0,7.0,18.0,4.5,18.0,36.0,
55,TRINOGEL FRAMBUESA SUSP 360 ML ,0.0,,,,,,,,,,,,0.0,0.0,30.0,,,0.0,,,,,,,0.0,0.0,0.0,0.0,
56,TYLENOL ROJO EXTRA F CJ X 20 TAB 10 SOB,9.0,,,,,,,,,,,,9.0,1.0,5.0,,2027-04-01,0.0,1.0,2025-03-01,4.0,2.0,6.0,5.0,17.0,4.25,17.0,34.0,
57,UNICIL 1.2 MEGAS (UNIPHARM),0.0,,,,,,,,,,,,0.0,4.0,37.0,,2026-01-01,0.0,,2024-03-01,,1.0,1.0,2.0,4.0,1.0,4.0,8.0,
58,UNICIL 4 MEGAS (UNHIPHARM),2.0,,,,,,,,,,,,2.0,6.0,40.0,,2026-04-01,2.0,,2024-10-01,,1.0,2.0,1.0,4.0,1.0,4.0,8.0,
59,VISINA ESTERI J&J GOTAS 15 ML (TETRIZOLIN),0.0,,,,,,,,,,,,0.0,2.0,66.0,,2026-09-01,0.0,,2024-10-01,1.0,,1.0,,2.0,0.5,2.0,4.0,
60,VISTA CLARA 15 ML (ANTIALERGICO),6.0,,,,,,,,,1.0,,,5.0,5.0,40.0,,2027-01-01,0.0,4.0,2025-03-01,2.0,1.0,1.0,1.0,5.0,1.25,5.0,10.0,
61,VITAMINA D 2000 BLIST X 15 CAJA X 30 H&V,2.0,,,,,,,,,,,,2.0,6.0,25.0,,2026-09-01,2.0,2.0,2025-03-01,1.0,1.0,1.0,1.0,4.0,1.0,4.0,8.0,
62,ZINC 30 MG CAJA X 30  BLIST X 10 CAPS (FORAL SALUD),4.0,,1.0,,,,,,,,,,3.0,1.0,10.0,,2026-07-01,0.0,,2024-12-01,1.0,1.0,1.0,1.0,4.0,1.0,4.0,8.0,
63,ZORRITONE CARAMELO BARRA CAJA X 12 JENGIBRE,13.0,,,,,,,,,,,,13.0,1.0,5.0,,2027-08-01,0.0,,2025-01-01,1.0,3.0,2.0,1.0,7.0,1.75,7.0,14.0,
64,,0.0,,,,,,,,,,,,,,,,,,,,,,,,,,,,
65,,,,,,,,,,,,,,,,,,,,,,,,,,,,,,
66,,,,,,,,,,,,,,,,,,,,,,,,,,,,,,
67,,,,,,,,,,,,,,,,,,,,,,,,,,,,,,
68,,,,,,,,,,,,,,,,,,,,,,,,,,,,,,
69,,,,,,,,,,,,,,,,,,,,,,,,,,,,,,
70,,,,,,,,,,,,,,,,,,,,,,,,,,,,,,
71,,,,,,,,,,,,,,,,,,,,,,,,,,,,,,
72,,,,,,,,,,,,,,,,,,,,,,,,,,,,,,
