No,ARTICULO TIENDA,EXISTENCIA,LUNES AM,LUNES PM,MARTES AM,MARTES PM,MIERCO AM,MIERCO PM,JUEVES AM,JUEVES PM,VIERNES AM,VIERNES PM,SABADO,NVA EXIST,PEDIDO,PP,OBSERVACIONES,FECHA DE VENCIMIENTO,BODEGA,COMPRAS,FECHA DE COMPRA,SEM 31 MAR,SEM 7 ABRIL,SEM 17 MAR, SEM 24 MAR,TOTAL,PROMEDIO,1 MES,2 MESES
1,ACEITE DE COCO  SAN LUCAS 450 ML,2,,,,,,,,,,,,2,6,65.0,NOE,2027-12-01,1.0,,2025-02-01,1.0,1.0,1.0,1.0,4,1.0,4,8
2,ACETONA 100 ML DAROSA,3,,,,,,,,,,,,3,5,9.0,ESQUINITA,2026-03-01,1.0,,2022-06-01,1.0,1.0,1.0,1.0,4,1.0,4,8
3,ACETONA 60 ML DAROSA,4,,,,,,,1.0,,,,,3,9,5.0,ESQUINITA,2026-12-01,2.0,,2025-01-01,2.0,1.0,1.0,2.0,6,1.5,6,12
4,ALMENDRA ENTERA BOLSITA,4,,,,,1.0,,,,,,,3,5,10.0,PRICES,,0.0,,2023-06-01,1.0,1.0,1.0,1.0,4,1.0,4,8
5,ALMENDRA RAYADA BOLSITA,6,,,1.0,,,,,,,,,5,5,10.0,PRICES,,18.0,,2024-04-01,1.0,1.0,1.0,2.0,5,1.25,5,10
6,ARANDANOS BOLSA,3,,,,,3.0,,,,,,,0,16,10.0,PRICES,,2.0,,2023-08-01,1.0,1.0,5.0,1.0,8,2.0,8,16
7,BATERIA RAYOVAC DOBLE A X 6,6,,,,,,,,,,,,6,6,5.5,WILLY,,2.0,,2023-07-01,4.0,2.0,,,6,1.5,6,12
8,BATERIA RAYOVAC TRIPLE A X 6,6,,,,,,,,,,,,6,2,5.5,WILLY,,2.0,,2024-09-01,1.0,1.0,1.0,1.0,4,1.0,4,8
9,BLOQUADOR SOLAR RADICAL F60 120 GRS,1,,,,,,,,,,,,1,5,80.0,ESQUINITA,2025-11-01,2.0,,2024-03-01,1.0,1.0,1.0,,3,0.75,3,6
10,BLOQUEADOR INSIGNIS SOLAR 70 GRS,3,,,,,,,,,,,,3,5,30.0,WILLY,2026-01-01,6.0,,2024-10-01,1.0,1.0,1.0,1.0,4,1.0,4,8
11,CHICLE TRIDENT,8,,,,,,,,,,,,8,0,10.0,SILOE,,42.0,,2023-11-01,1.0,1.0,1.0,1.0,4,1.0,4,8
12,CHICLES BUBA BUBA METRO,2,,,,,,,,,,,,2,6,14.0,NOE,,0.0,,2024-06-01,1.0,1.0,1.0,1.0,4,1.0,4,8
13,CHISPITAS DE CHOCOLATES ,4,,,2.0,,,,,,,,,2,16,12.0,PRICES,,2.0,,2023-01-01,2.0,2.0,1.0,4.0,9,2.25,9,18
14,CHOCOLATE HERSHEYS BLANCO PEQ,19,,,,,,,,,,1.0,,18,0,1.5,PRICES,,50.0,,2023-02-01,2.0,2.0,3.0,2.0,9,2.25,9,18
15,CHOCOLATES KISSES ,4,,,,,,,,,,,,4,8,5.0,PRICES,,20.0,,2022-12-01,3.0,1.0,1.0,1.0,6,1.5,6,12
16,CORTA UÑAS CORONA MEDIANA CAJA X 12,8,,2.0,,,,,,,,,,6,6,6.0,ESQUINITA,,0.0,,2024-12-01,1.0,3.0,1.0,1.0,6,1.5,6,12
17,CREMA BABY HERER 8 ONZ,1,,,,,,,,,,,,1,1,14.0,ESQUINITA,2026-04-01,1.0,,2024-01-01,,1.0,,,1,0.25,1,2
18,CREMA DIABETEX  TX 400 ML,1,,,,,,,,,,,,1,7,98.0,NOE,2025-07-01,2.0,,2025-02-01,1.0,1.0,1.0,1.0,4,1.0,4,8
19,CREMA GOICOCHEA ARNICA Y MANZANAILLA 400 ML,0,,,,,,,,,,,,0,2,68.0,NOE,2026-10-01,,,2025-02-01,1.0,,,,1,0.25,1,2
20,CREMA GOICOCHEA DOBLE MENTOL,0,,,,,,,,,,,,0,2,73.0,NOE,2026-07-01,0.0,,2025-02-01,,1.0,,,1,0.25,1,2
21,CREMA GOICOCHEA GINKO BILOBA 400 ML,1,,,,,,,,,,,,1,-1,68.0,NOE,2026-07-01,,,2025-02-01,,,,,0,0.0,0,0
22,CREMA GOICOCHEA SERUM PIEL DESHIDRATADA 400 ML,1,,,,,,,,,,,,1,-1,68.0,NOE,2026-08-01,,,2025-02-01,,,,,0,0.0,0,0
23,CREMA GOICOCHEA SERUM PIEL SECA 400 ML,0,,,,,,,,,,,,0,2,68.0,NOE,2026-08-01,,,2025-02-01,,,1.0,,1,0.25,1,2
24,CREMA LUBRIDERM 400 ML AZUL,1,,,,,,,,,,,,1,7,58.0,H Y D,,2.0,,2022-06-01,1.0,1.0,1.0,1.0,4,1.0,4,8
25,CREMA LUBRIDERM 400 ML DORADA,1,,,,,,,,1.0,,,,0,10,63.0,H Y D,,4.0,3.0,2025-03-01,1.0,1.0,1.0,2.0,5,1.25,5,10
26,CREMA LUBRIDERM 400 ML MORADA,1,,,,,,,,,,,,1,7,69.0,H Y D,2025-12-01,0.0,,2024-08-01,1.0,1.0,1.0,1.0,4,1.0,4,8
27,CREMA LUBRIDERM 400 ML PIEL SENSIBLE,1,,,,,,,,,,,,1,1,58.0,NOE,2026-03-01,0.0,,2025-02-01,,,,1.0,1,0.25,1,2
28,CREMA LUBRIDERM 400 ML ROSADA,1,,,,,,,,,,,,1,7,58.0,H Y D,,0.0,,2021-10-01,1.0,1.0,1.0,1.0,4,1.0,4,8
29,CREMA LUBRIDERM 750 ML DORADA ,1,,,,,,,,,,,,1,7,121.0,NOE,2027-11-01,1.0,,2025-02-01,1.0,1.0,1.0,1.0,4,1.0,4,8
30,CREMA LUBRIDERM MORADA LT,1,,,,,,,,,,,,1,5,137.0,NOE,,1.0,,2024-03-01,1.0,1.0,,1.0,3,0.75,3,6
31,CREMA NIVEA 400 ML  MILK,1,,,,,,,,,,,,1,9,45.0,ESQUINITA,,2.0,,2025-01-01,1.0,1.0,1.0,2.0,5,1.25,5,10
32,CREMA NIVEA 400 ML EXPRESS HYDRATATION,1,,,,,,,,,,,,1,3,41.0,WILLY,,0.0,,2023-02-01,,1.0,,1.0,2,0.5,2,4
33,CREMA NIVEA 400 ML SOFT MILK,1,,,,,,,,,,,,1,7,45.0,ESQUINITA,,6.0,,2025-01-01,1.0,1.0,1.0,1.0,4,1.0,4,8
34,CREMA NIVEA LATITA 20 ML ,12,,,,1.0,,,1.0,,,,,10,-2,8.0,ESQUINITA,,10.0,,2025-01-01,1.0,1.0,1.0,1.0,4,1.0,4,8
35,CREMA NIVEA LITRO AZUL,1,,,,,,,,,,,,1,1,98.0,ESQUINITA,,3.0,,2024-09-01,1.0,,,,1,0.25,1,2
36,CREMA NIVEA LITRO AZUL,1,,,,,,,,,,,,1,7,88.0,ESQUINITA,,4.0,,2024-08-01,1.0,1.0,1.0,1.0,4,1.0,4,8
37,CREMA NIVEA TARRO 400 ML,2,,,,,,,,,,,,2,6,65.0,ESQUINITA,,3.0,,2024-12-01,1.0,1.0,1.0,1.0,4,1.0,4,8
38,DESODORANTE DEGREE H 76 GRS,3,,,,,,,,,,,,3,5,35.0,PRICES,,8.0,,2023-06-01,1.0,1.0,1.0,1.0,4,1.0,4,8
39,DESODORANTE DEGREE M 74 GRS,3,,,,,,,,,,,,3,5,30.0,PRICES,,4.0,,2023-01-01,1.0,1.0,1.0,1.0,4,1.0,4,8
40,DESODORANTE DOVE BARRA M 50 GRS,3,,,,,,,,,,,,3,5,33.0,ESQUINITA,2027-02-01,5.0,,2024-04-01,1.0,1.0,1.0,1.0,4,1.0,4,8
41,DESODORANTE DOVE SPRAY 169 ML GRANADA,1,,,,,,,,,,,,1,7,33.0,ESQUINITA,2027-05-01,4.0,,2024-10-01,1.0,1.0,1.0,1.0,4,1.0,4,8
42,DESODORANTE DOVE SPRAY 169 ML ORIGINAL,1,,,,,,,,,,,,1,5,33.0,ESQUINITA,,3.0,,2024-12-01,1.0,2.0,,,3,0.75,3,6
43,DESODORANTE DOVE SPRAY 169 ML TONO UNIFOR,1,,,,,,,,,,,,1,7,33.0,ESQUINITA,2025-07-01,0.0,,2024-08-01,1.0,1.0,1.0,1.0,4,1.0,4,8
44,DESODORANTE NIVEA ROLL-ON  EFECTO SATIN,1,,,,,,,,,,,,1,7,16.0,ESQUINITA,2025-07-01,3.0,,2024-04-01,1.0,1.0,1.0,1.0,4,1.0,4,8
45,DESODORANTE NIVEA ROLL-ON BEAUTY TOUCH,1,,,,,,,,,,,,1,9,16.0,ESQUINITA,2025-07-01,3.0,,2024-04-01,1.0,1.0,2.0,1.0,5,1.25,5,10
46,DESODORANTE NIVEA ROLL-ON PEARL & BEAUTY,1,,,,,,,,,,,,1,3,16.0,ESQUINITA,2025-07-01,2.0,,2024-04-01,1.0,1.0,,,2,0.5,2,4
47,DESODORANTE OLD SPICE 85 GRS,4,,1.0,,,,,,,,,,3,7,38.0,PRICES,,7.0,,2024-12-01,2.0,1.0,1.0,1.0,5,1.25,5,10
48,DESODORANTE SECRET 73 GRS MUJER,2,,,,,,,,,,,,2,8,32.0,PRICES,2025-08-01,1.0,,2024-02-01,1.0,1.0,2.0,1.0,5,1.25,5,10
49,DULCES   MENTA,3,,,,,,,,,1.0,,,2,6,5.0,PRICES,,12.0,,2023-01-01,1.0,1.0,1.0,1.0,4,1.0,4,8
50,DULCES JOLLY RANCHER,3,,,,,,,,,,,,3,11,5.0,PRICES,,13.0,,2023-01-01,1.0,3.0,2.0,1.0,7,1.75,7,14
51,GATITO (TAMARINDO TAJIN) CAJA X 50,1,,1.0,,,,,,,,,,0,20,1.5,SILOE,2025-04-01,0.0,,2024-09-01,3.0,1.0,2.0,4.0,10,2.5,10,20
52,GOMITAS  BOLITAS AZUCAR,3,,,,,,,,,,,,3,9,5.0,SILOE,,2.0,,2024-05-01,1.0,1.0,2.0,2.0,6,1.5,6,12
53,GOMITAS  FRESITAS ,4,,,,,,,,,3.0,,,1,13,5.0,SILOE,,9.0,,2025-01-01,4.0,1.0,1.0,1.0,7,1.75,7,14
54,GOMITAS  HUEVITOS ,3,,,,,,1.0,,,,1.0,,1,7,5.0,SILOE,,2.0,,2024-07-01,1.0,1.0,1.0,1.0,4,1.0,4,8
55,GOMITAS  MANGITOS ,3,,,,,,,,,,,,3,7,5.0,SILOE,,10.0,,2024-07-01,1.0,1.0,1.0,2.0,5,1.25,5,10
56,GOMITAS CULEBRITAS ,4,,,,,,,,,,,,4,6,5.0,SILOE,,2.0,,2024-03-01,1.0,2.0,1.0,1.0,5,1.25,5,10
57,GOMITAS DONITAS ,3,,,,,,,,,,,,3,7,5.0,SILOE,,6.0,,2024-03-01,1.0,2.0,1.0,1.0,5,1.25,5,10
58,GOMITAS MORITAS,4,,,,,,,,,,,,4,4,5.0,SILOE,,7.0,,2023-03-01,1.0,1.0,1.0,1.0,4,1.0,4,8
59,GOMITAS OSITOS ,3,,,,1.0,,,,,,,,2,8,5.0,SILOE,,5.0,,2023-03-01,1.0,2.0,1.0,1.0,5,1.25,5,10
60,GOMITAS TENYS,4,,,,,,,,,,,,4,4,5.0,SILOE,,3.0,,2024-07-01,1.0,1.0,1.0,1.0,4,1.0,4,8
61,GOMITAS UNICORNIO,4,,,,,,,,,,,,4,6,5.0,SILOE,,12.0,,2024-07-01,1.0,,3.0,1.0,5,1.25,5,10
62,GOTAS PAPILLON BOLSA X 11,2,,,,,,,,,,,,2,6,14.0,EL CISNE,,5.0,,2023-01-01,1.0,1.0,1.0,1.0,4,1.0,4,8
63,HALLS CAJA X 12 SABORES NEGRO ,4,,,,,,,,,,,,4,4,5.0,SILOE,,0.0,,2023-11-01,1.0,1.0,1.0,1.0,4,1.0,4,8
64,HALLS CAJA X 18 SABORES,9,,,,,,,,,,,,9,-1,4.0,SILOE,2025-06-01,25.0,,2023-11-01,1.0,1.0,1.0,1.0,4,1.0,4,8
65,HILO DENTAL ORAL B,1,,,,,,,,,1.0,,,0,8,25.0,PRICES,,6.0,,2024-05-01,1.0,1.0,1.0,1.0,4,1.0,4,8
66,HISOPOS X 100 ,8,,,,,,,,,,,,8,2,5.0,ESQUINITA,,20.0,20.0,2025-03-01,1.0,1.0,2.0,1.0,5,1.25,5,10
67,JABON DOVE 135 GRS,2,,,,,,,,,,,,2,6,15.0,ESQUINITA,,12.0,12.0,2025-03-01,1.0,1.0,1.0,1.0,4,1.0,4,8
68,LASAR MIMO TUBO 120 GRS,2,,,,,,,,,,,,2,6,25.0,ESQUINITA,2026-06-01,3.0,,2024-09-01,1.0,1.0,1.0,1.0,4,1.0,4,8
69,LIMA PARA UÑAS,13,,,,,,,,,,,,13,7,0.5,EL CISNE,,24.0,,2021-07-01,2.0,4.0,2.0,2.0,10,2.5,10,20
70,LIMONCHO 120 GRAMOS CAJA X 10 ,14,1.0,,,1.0,,,,1.0,,,,11,5,3.0,SILOE,2025-12-01,1.0,2.0,2025-03-01,1.0,3.0,3.0,1.0,8,2.0,8,16
71,LUCAS,17,,,,,,,,,,,,17,-3,5.0,SILOE,2025-04-01,27.0,,2023-11-01,1.0,2.0,2.0,2.0,7,1.75,7,14
72,MAMON LATEX UNIDAD,16,,,,,,,,,,,,16,4,2.0,ESQUINITA,,129.0,,2024-09-01,1.0,5.0,1.0,3.0,10,2.5,10,20
73,MAMON SILICON UNIDAD,22,,,,,,,,,,,,22,-6,2.0,ESQUINITA,,65.0,,2024-09-01,2.0,3.0,1.0,2.0,8,2.0,8,16
74,NUEZ DE NOGAL,4,,,1.0,,1.0,,,,,,,2,8,12.0,PRICES,,3.0,,2023-01-01,1.0,1.0,1.0,2.0,5,1.25,5,10
75,PACHA EVENFLO  Y BABY FARLIN 2 ONZ,1,,,,,,,,,,,,1,7,13.0,ESQUINITA,,4.0,,2020-05-01,1.0,1.0,1.0,1.0,4,1.0,4,8
76,PACHA EVENFLO 8 ONZ,2,,,,,,,,,,,,2,0,17.0,ESQUINITA,,0.0,,2025-01-01,,,,1.0,1,0.25,1,2
77,PACHA FIRTS ESSENTIAL 4 ONZ,2,,,,,,,,,,,,2,2,18.0,ESQUINITA,,4.0,,,,,1.0,1.0,2,0.5,2,4
78,PACHA FIRTS ESSENTIAL 5 ONZ,2,,,,,,,,,,,,2,2,16.0,ESQUINITA,,0.0,,,1.0,,,1.0,2,0.5,2,4
79,PACHA MUM LOVE 3 ONZ,1,,,,,,,,,,,,1,3,13.0,ESQUINITA,,1.0,,2021-07-01,1.0,,,1.0,2,0.5,2,4
80,PASTA DENTAL COLGATE  SENSITIVE 100 GR ORIG,1,,,,,,,,,,,,1,7,53.0,WILLY,2026-09-01,1.0,,2024-09-01,1.0,1.0,1.0,1.0,4,1.0,4,8
81,PASTA DENTAL COLGATE  SENSITIVE 100 GR PRO,1,,,,,,,,,,,,1,1,53.0,WILLY,,2.0,,2022-08-01,,,,1.0,1,0.25,1,2
82,PASTA DENTAL SENSODYNE 113 GR,1,,,,,,,,,,,,1,7,60.0,WILLY,2025-07-01,2.0,,2024-09-01,1.0,1.0,1.0,1.0,4,1.0,4,8
83,PEINE FINO,14,,,,,,,,,,,,14,0,1.0,ESQUINITA,,0.0,,2024-09-01,1.0,4.0,1.0,1.0,7,1.75,7,14
84,PICAFRESAS BOLSA X 100,129,1.0,5.0,,10.0,2.0,1.0,,,,,,110,-12,1.0,SILOE,,0.0,,2025-01-01,5.0,13.0,19.0,12.0,49,12.25,49,98
85,PROTECTOR DE LABIOS CAJA X 13 PRICESMART,3,,,,,,,,,,,,3,11,13.0,PRICES,2027-05-01,0.0,,2024-12-01,,4.0,1.0,2.0,7,1.75,7,14
86,PROTECTORES  SENSATION  X 12,1,,,,,,,,,,,,1,9,4.0,ESQUINITA,,0.0,,2021-07-01,1.0,2.0,1.0,1.0,5,1.25,5,10
87,PROTECTORES KOTEX X 20,2,,,,,,,,,,,,2,6,12.0,PRICES,,7.0,,2025-02-01,1.0,1.0,1.0,1.0,4,1.0,4,8
88,PROTECTORES KOTEX X 20 EXTRA LARGO,1,,,,,,,,,,,,1,9,12.0,PRICES,,0.0,,2023-02-01,2.0,1.0,1.0,1.0,5,1.25,5,10
89,PROTECTORES PANTI KOTEX X 44,1,,,,,,,,,,,,1,7,18.0,H Y D,,4.0,,2023-09-01,1.0,1.0,1.0,1.0,4,1.0,4,8
90,RELLENITOS MIX BOLSA X 80,38,,,,,,,3.0,,,,,35,191,1.0,SILOE,2025-09-01,2.0,2.0,2025-03-01,23.0,22.0,44.0,24.0,113,28.25,113,226
91,REPELENTE OFF CREMA FAMILIAR 200 ML,1,,,,,,,,,,,,1,7,65.0,H Y D,2026-08-01,2.0,,2024-10-01,1.0,1.0,1.0,1.0,4,1.0,4,8
92,REPELENTE OFF LIQUIDO 177 ML,1,,,,,,,,,,,,1,9,50.0,ESQUINITA,2026-09-01,1.0,,2024-10-01,1.0,1.0,1.0,2.0,5,1.25,5,10
93,REPELENTE OFF SPRAY 170 GRS,1,,,,,,,,,,,,1,7,65.0,ESQUINITA,2026-05-01,3.0,,2024-10-01,1.0,1.0,1.0,1.0,4,1.0,4,8
94,RING POP,4,,,,,,,,1.0,,,,3,7,5.0,PRICES,,33.0,,2023-02-01,2.0,1.0,1.0,1.0,5,1.25,5,10
95,SHAMPOO JOHNSON 200 ML,1,,,,,,,,,,,,1,5,35.0,ESQUINITA,,0.0,,,,1.0,1.0,1.0,3,0.75,3,6
96,SHAMPOO JOHNSON 400 ML,2,,,,,,,,,,,,2,6,55.0,ESQUINITA,,3.0,,2023-05-01,1.0,1.0,1.0,1.0,4,1.0,4,8
97,SHAMPOO JOHNSON 400 ML MANZANILLA,0,,,,,,,,,,,,0,6,72.0,ESQUINITA,,0.0,,2023-01-01,1.0,1.0,,1.0,3,0.75,3,6
98,SHAMPOO TIO NACHO 415 ML ACLARANTE,1,,,,,,,,,,,,1,3,61.0,BENDICION,2026-10-01,1.0,,2025-01-01,1.0,,,1.0,2,0.5,2,4
99,SHAMPOO TIO NACHO 415 ML ANTI EDAD,1,,,,,,,,,,,,1,7,61.0,BENDICION,2026-07-01,1.0,,2024-03-01,,1.0,2.0,1.0,4,1.0,4,8
100,SHAMPOO TIO NACHO 415 ML ENGROSADOR,1,,,,,,,,,,,,1,5,61.0,BENDICION,2027-03-01,1.0,,2024-12-01,1.0,1.0,,1.0,3,0.75,3,6
101,SHAMPOO TIO NACHO 415 ML HERBOLARIA,3,1.0,,,,,,,1.0,,,,1,3,61.0,BENDICION,2027-02-01,0.0,,2025-01-01,1.0,1.0,,,2,0.5,2,4
102,SHAMPOO TIO NACHO ALOE 415 ML,1,,,,,,,,,,,,1,-1,61.0,BENDICION,2027-03-01,,,2025-01-01,,,,,0,0.0,0,0
103,SHAMPOO TIO NACHO COCO 415 ML,1,,,,,,,,,,,,1,-1,61.0,BENDICION,2027-05-01,,,2025-01-01,,,,,0,0.0,0,0
104,SHAMPOO TIO NACHO FRUTOS ROJOS 415 ML,1,,,,,,,,,,,,1,-1,0.0,BENDICION,2026-07-01,1.0,,2025-01-01,,,,,0,0.0,0,0
105,SHAMPOO TIO NACHO GINSENG 415 ML,1,,,,,,,,,,,,1,-1,61.0,BENDICION,2026-03-01,,,2025-01-01,,,,,0,0.0,0,0
106,SHAMPOO TIO NACHO PURIF CEL MADRES 415 ML,1,,,,,,,,,,,,1,-1,61.0,BENDICION,2026-09-01,,,2025-01-01,,,,,0,0.0,0,0
107,SPLENDA BOLSA DE 100,5,,,,,,,,,,,,5,3,30.0,PRICES,2027-05-01,5.0,,2024-11-01,1.0,1.0,1.0,1.0,4,1.0,4,8
108,SPLENDA BOLSA DE 50,3,,,,1.0,,,,,,,,2,6,16.0,PRICES,2027-05-01,4.0,,2024-11-01,1.0,1.0,1.0,1.0,4,1.0,4,8
109,STEVIA BOLSA X 100,2,,,,,,,,,,,,2,6,22.0,PRICES,,2.0,,2024-07-01,1.0,1.0,1.0,1.0,4,1.0,4,8
110,STEVIA BOLSA X 50,2,,,,,,,,,,,,2,6,12.0,PRICES,,7.0,,2024-07-01,1.0,1.0,1.0,1.0,4,1.0,4,8
111,SWEETENER BOLSA X 100,4,,,,,,,,,,,,4,10,15.0,PRICES,,0.0,,2024-12-01,1.0,1.0,1.0,4.0,7,1.75,7,14
112,SWEETENER BOLSA X 50,5,,,,,,,,,1.0,,,4,4,8.0,PRICES,,0.0,,2024-12-01,1.0,1.0,1.0,1.0,4,1.0,4,8
113,TINTES,23,,,,,,,,,,,,23,-11,41.0,H Y D,,102.0,,2024-10-01,2.0,1.0,1.0,2.0,6,1.5,6,12
114,TOALLA HUMEDA FAMILY CHOICE,3,,,,,,,,,,,,3,11,13.0,ESQUINITA,,24.0,12.0,2025-03-01,1.0,2.0,2.0,2.0,7,1.75,7,14
115,TOALLA SABA BUENAS NOCHES 8,4,,,,,,1.0,,,,,,3,9,14.0,ESQUINITA,2026-04-01,20.0,24.0,2025-03-01,3.0,1.0,1.0,1.0,6,1.5,6,12
116,TOALLA SABA BUENAS NOCHES X 11,0,,,,,,,,,,,,0,2,14.0,ESQUINITA,,5.0,,2024-08-01,1.0,,,,1,0.25,1,2
117,TOALLA SABA INVISIBLE BUENOS DIAS ,2,,,,,,,,,,,,2,2,15.0,WILLY,,2.0,,2024-02-01,,,,2.0,2,0.5,2,4
118,TOALLAS FACIAL SWISSPERS X 100,1,,,,,,,,,,,,1,5,28.0,PRICES,,2.0,,2025-01-01,1.0,,1.0,1.0,3,0.75,3,6
119,VASELINA BLANCA BEBE JALOMA 60 GRS,1,,,,,,,,,,,,1,3,12.0,ESQUINITA,2026-07-01,2.0,,2025-01-01,,1.0,1.0,,2,0.5,2,4
