No,ARTICULO   ,EXISTENCIA,LUNES AM,LUNES PM,MARTES AM,MARTES PM,MIERCO AM,MIERCO PM,JUEVES AM,JUEVES PM,VIERNES AM,VIERNES PM,SABADO,NVA EXIST,PEDIDO,PP,OBSERVACIONES,FECHA DE VENCIMIENTO,BODEGA,COMPRAS,FECHA DE COMPRA,SEM 31 MAR,SEM 7 ABRIL,SEM 17 MAR, SEM 24 MAR,TOTAL,PROMEDIO,1 MES,2 MESES
1.0,ACEITE DE BEBE BABY CHIC MEDIANO 115 ML ,3.0,,,,,,,,,,,,3.0,2.0,10.0,,,0.0,,2024-08-01,1.0,1.0,1.0,1.0,4.0,1.0,4.0,8.0
2.0,AMOXICILINA+CLAVUL 400/57 100 ML PHARM INTER,3.0,,,,,,,,,,,,3.0,11.0,45.0,,2027-02-01,6.0,6.0,2025-03-01,1.0,1.0,3.0,2.0,7.0,1.75,7.0,14.0
3.0,ARCO CORT 40MG KIT,2.0,,,,,,,,,,,,2.0,8.0,44.0,,2029-04-01,2.0,,2025-02-01,1.0,1.0,2.0,1.0,5.0,1.25,5.0,10.0
4.0,AVAMIGRAN BLISTER X 10,8.0,,3.0,2.0,,,,,,,,,3.0,11.0,6.0,,2026-04-01,0.0,,2024-08-01,3.0,1.0,2.0,1.0,7.0,1.75,7.0,14.0
5.0,BACTID SPRAY TOPICO 30 ML ,2.0,,,,,,,,,,,,2.0,4.0,44.0,,2026-06-01,0.0,,2024-11-01,,1.0,1.0,1.0,3.0,0.75,3.0,6.0
6.0,BIFONAZOL GOTAS TOPICAS 15 ML ,2.0,,,,,,,,,,,,2.0,8.0,44.0,,2028-10-01,0.0,,2024-08-01,1.0,1.0,1.0,2.0,5.0,1.25,5.0,10.0
7.0,BINOTAL (AMPICILINA) 1000MG BLISTER X 6,8.0,,,,,,,,,,,,8.0,10.0,5.0,,2025-12-01,2.0,,2024-08-01,3.0,1.0,3.0,2.0,9.0,2.25,9.0,18.0
8.0,BROMHEXINA CAPLIN JARABE 120 ML,3.0,,,,,,,,,,,,3.0,5.0,8.0,,2026-05-01,4.0,,2025-01-01,1.0,1.0,1.0,1.0,4.0,1.0,4.0,8.0
9.0,BUDESONIDA SPRAY 200 MCG PORFONSA Y CAPLIN,3.0,,,,,,,,,,,,3.0,5.0,109.0,,2026-10-01,3.0,,2024-12-01,1.0,1.0,2.0,,4.0,1.0,4.0,8.0
10.0,CANDERSARTAN 32  BLS X 10 CAJA X 30 TABS CAPLIN,5.0,,,,1.0,,,,,,,,4.0,10.0,38.0,ROSADEL,2027-02-01,7.0,4.0,2025-03-01,1.0,1.0,1.0,4.0,7.0,1.75,7.0,14.0
11.0,CEFTRIAXONA+SULBACTAM CAPLIN IM.IV,1.0,,,,,,,,,,,,1.0,-1.0,60.0,,,,,,,,,,0.0,0.0,0.0,0.0
12.0,CLARITROMICINA 500 MGS BLIST X 10 BALAXI,4.0,,,,,,,,,,,,4.0,4.0,30.0,,2026-07-01,0.0,,2024-04-01,1.0,1.0,1.0,1.0,4.0,1.0,4.0,8.0
13.0,CON-KA ELIXIR 240 ML GLUCONATO DE POTASIO ,2.0,,,,,,,,,,,,2.0,0.0,92.0,,2027-07-01,0.0,,2024-06-01,,,1.0,,1.0,0.25,1.0,2.0
14.0,CUERPO AMARILLO AMPOLLA KIT PIERSAN,2.0,,,,,,,,,,,,2.0,4.0,45.0,,2027-11-01,2.0,,2025-02-01,1.0,1.0,0.0,1.0,3.0,0.75,3.0,6.0
15.0,CYCLONOR NORDIC ANTICONCEP. MENSUAL VIJOSA,2.0,,,,,,,,,,,,2.0,6.0,56.0,,2029-12-01,0.0,2.0,2025-03-01,1.0,1.0,1.0,1.0,4.0,1.0,4.0,8.0
16.0,DEAREXIN 400 MG (NIFUROXAZIDA) BLIS X 4 CAJA X 8 TAB,4.0,,,,,,,,,,,,4.0,18.0,30.0,,2028-01-01,9.0,6.0,2025-03-01,1.0,4.0,4.0,2.0,11.0,2.75,11.0,22.0
17.0,DEAREXIN SUSPENSIÓN 120 ML ,2.0,,,,,,,,,,,,2.0,6.0,51.0,SOLER,2029-05-01,3.0,,2025-02-01,1.0,1.0,1.0,1.0,4.0,1.0,4.0,8.0
18.0,DELRECT (CREMA RECTAL P/HEM 30 GRS CAPLIN),1.0,,,,,,,,,,,,1.0,7.0,35.0,,2026-03-01,2.0,2.0,2025-03-01,1.0,1.0,1.0,1.0,4.0,1.0,4.0,8.0
19.0,DEXAVITANERVO KIT AMPOLLA,4.0,,,,,,,,,,,,4.0,8.0,19.0,,2026-10-01,3.0,,2025-01-01,2.0,1.0,2.0,1.0,6.0,1.5,6.0,12.0
20.0,DOLO MENALGIL KIT AMPOLLA MENARINI ,2.0,,,,,,,,,,,,2.0,14.0,57.0,,2025-06-01,0.0,,2025-01-01,1.0,2.0,2.0,3.0,8.0,2.0,8.0,16.0
21.0,ENANTYUM 25 MG SOLUCION ORAL 10 ML,6.0,,,,,,,,,,,,6.0,22.0,25.0,,2027-04-01,6.0,6.0,2025-03-01,4.0,5.0,4.0,1.0,14.0,3.5,14.0,28.0
22.0,ENZIFLAT (ENZIMAS) BLIST X 10 CAJA X 120 TABS,82.0,,,,,,,,,,,,82.0,-10.0,1.5,,2026-05-01,,,2025-01-01,2.0,12.0,2.0,20.0,36.0,9.0,36.0,72.0
23.0,EQUILIV GOTAS 10 ML ,1.0,,,,,,,,,,,,1.0,3.0,138.0,,2026-11-01,1.0,,2025-01-01,,1.0,,1.0,2.0,0.5,2.0,4.0
24.0,FARLABORIN PHARLAND ,8.0,,,,,,,,,,,,8.0,16.0,5.0,,2027-04-01,0.0,,2025-03-01,1.0,3.0,6.0,2.0,12.0,3.0,12.0,24.0
25.0,FEMITAB (KETO +CLINDA) OVULOS CAJA X 7,3.0,,,,,,,,,,,,3.0,5.0,90.0,,2025-12-01,4.0,,2024-11-01,1.0,1.0,1.0,1.0,4.0,1.0,4.0,8.0
26.0,GARGADIN FRAMBUESA CAJA X 56 PASTI,38.0,,,,,,,,,,,,38.0,50.0,2.0,,2026-04-01,1.0,1.0,2025-03-01,11.0,23.0,7.0,3.0,44.0,11.0,44.0,88.0
27.0,GARGADIN MIEL LIMON CAJA X 56 PASTI ,56.0,,,,,,,,8.0,,,,48.0,0.0,2.0,,2026-04-01,1.0,,2024-12-01,8.0,2.0,5.0,9.0,24.0,6.0,24.0,48.0
28.0,GARGADIN SABOR NARANJA BLISTSER X 8 PASTILLAS ,35.0,,,,,,,,,,,,35.0,-17.0,2.0,,2026-04-01,1.0,,2024-12-01,3.0,1.0,3.0,2.0,9.0,2.25,9.0,18.0
29.0,GLICITOS C (AMBROXOL+CLEMBUTEROL) 120 ML SELEC,3.0,,,,,,,,,,,,3.0,5.0,23.0,,2027-05-01,3.0,2.0,2025-03-01,1.0,1.0,1.0,1.0,4.0,1.0,4.0,8.0
30.0,GLICITOS S (AMBROXOL+SALBUTAMOL) 120ML SELEC,1.0,,,,,,,,,,,,1.0,7.0,33.0,SOLER,2026-06-01,0.0,,2024-01-01,1.0,1.0,1.0,1.0,4.0,1.0,4.0,8.0
31.0,GUANTES LATEX GRANDE X 100,70.0,,,,,,,,,,,,70.0,-30.0,1.15,,2029-03-01,2.0,1.0,2025-03-01,10.0,2.0,6.0,2.0,20.0,5.0,20.0,40.0
32.0,GUANTES LATEX MEDIANO X 100 ,89.0,,,,,,2.0,,,,4.0,,83.0,45.0,1.15,,2026-05-01,2.0,2.0,2025-03-01,14.0,42.0,2.0,6.0,64.0,16.0,64.0,128.0
33.0,GUANTES LATEX PEQUEÑO X 100,44.0,,,,,,,,,,,,44.0,-16.0,1.15,,2026-06-01,2.0,1.0,2025-03-01,4.0,6.0,2.0,2.0,14.0,3.5,14.0,28.0
34.0,HIERRO SACAROSA 100/MG AMP 5ML IV CAPLIN CJ X 10,0.0,,,,,,,,,,,,0.0,18.0,45.0,ESTUAR,2025-12-01,0.0,,2024-07-01,2.0,4.0,1.0,2.0,9.0,2.25,9.0,18.0
35.0,HIGO MIEL  120 ML ,2.0,,1.0,,,,1.0,,,,,,0.0,3.0,58.0,,2026-12-01,0.0,,2025-02-01,1.0,1.0,1.0,1.0,4.0,1.0,4.0,8.0
36.0,HISTAPRIN CAJA X20 TAB BLIS X10,10.0,,,,,,,,,,,,10.0,1.0,4.5,,2027-05-01,0.0,,2024-07-01,1.0,4.0,6.0,2.0,13.0,3.25,13.0,26.0
37.0,JABON PARA BEBE JOHNSON ANTES DE DORMIR 75 GRS,2.0,,,,,,,,,,,,2.0,2.0,14.0,,2025-09-01,3.0,,2024-05-01,1.0,,1.0,,2.0,0.5,2.0,4.0
38.0,JABON PARA BEBE JOHNSON ORIGINAL CREMOSO 75 GRS,1.0,,,,,,,1.0,,,,,0.0,2.0,14.0,,2026-11-01,2.0,,2024-05-01,,1.0,,,1.0,0.25,1.0,2.0
39.0,KOACT 1 GR AMOX+CLAV CAJA X 15 TAB BLISTER X 5,24.0,,,,,,,,,,5.0,,19.0,43.0,6.0,,2025-08-01,0.0,,2024-12-01,1.0,1.0,17.0,12.0,31.0,7.75,31.0,62.0
40.0,KOACT 62.5 AMOXI 500 ACIDOCLAV X 15 TAB BLISTER X 5,0.0,,,,,,,,,,,,0.0,38.0,4.0,ROSADEL,2026-05-01,0.0,,2025-01-01,3.0,2.0,9.0,5.0,19.0,4.75,19.0,38.0
41.0,KOREOFIN CAPLIN,3.0,,,,,,,,,,,,3.0,7.0,18.0,,2026-10-01,4.0,,2024-12-01,1.0,1.0,1.0,2.0,5.0,1.25,5.0,10.0
42.0,LEVOTIROXINA MERCK BLISTER X 25 CAJA X 100,8.0,,,,,,1.0,,,,,,7.0,4.0,50.0,,2026-05-01,5.0,,2025-01-01,1.0,2.0,3.0,1.0,7.0,1.75,7.0,14.0
43.0,LOSART50/12.5MG HIDRO CJ X 30  BLIST X 10 TABS CAPLIN,4.0,,,,,,,,,,3.0,,1.0,15.0,17.0,,2027-01-01,4.0,4.0,2025-03-01,1.0,3.0,1.0,3.0,8.0,2.0,8.0,16.0
44.0,LOSARTAN 50 MG BLIS X 10 CAJA X 100 CAPLIN,17.0,,,,,,,,,,,,17.0,31.0,10.0,ROSADEL,2027-01-01,5.0,3.0,2025-03-01,3.0,6.0,4.0,11.0,24.0,6.0,24.0,48.0
45.0,LUSIA FX CAJA X 28 TAB ,2.0,,,,,,,,,,,,2.0,8.0,19.0,,2028-05-01,4.0,6.0,2025-03-01,1.0,2.0,1.0,1.0,5.0,1.25,5.0,10.0
46.0,MASCARILLA QUIRURGICA CELESTE CAJA X 50 ,71.0,5.0,,,,,,,,2.0,1.0,,63.0,29.0,1.0,,,6.0,5.0,2025-03-01,5.0,21.0,14.0,6.0,46.0,11.5,46.0,92.0
47.0,MASCARILLA QUIRURGICA NEGRA CAJA X 50,67.0,1.0,,,,,,,,,1.0,,65.0,63.0,1.0,,,1.0,,2024-08-01,54.0,2.0,6.0,2.0,64.0,16.0,64.0,128.0
48.0,MASCARILLA QUIRURGICA NIÑO CAJA X 50,48.0,,,,,,,,,,4.0,,44.0,-26.0,1.0,TERMINAL,,0.0,,2024-04-01,2.0,1.0,1.0,5.0,9.0,2.25,9.0,18.0
49.0,MAVIFEM CREMA VAGINAL CAJA X 6 (CLINDA+KETO),1.0,,,,,,,,,,,,1.0,1.0,85.0,,2026-01-01,2.0,,2024-12-01,1.0,,,,1.0,0.25,1.0,2.0
50.0,MESI 3 ( ANTICONCEPTIVO 3 MESES) PIERSAN,2.0,,,,,,,,,,,,2.0,6.0,53.0,,2026-11-01,3.0,3.0,2025-03-01,1.0,1.0,1.0,1.0,4.0,1.0,4.0,8.0
51.0,METAFE SPRAY 60 ML VESA ,0.0,,,,,,,,,,,,0.0,4.0,14.0,,2026-11-01,4.0,,2024-12-01,,1.0,1.0,,2.0,0.5,2.0,4.0
52.0,METFORMINA 1000 MG C SEVEN CAJA X 100,13.0,,,,,,,,,,,,13.0,7.0,9.0,,2026-06-01,2.0,,2024-07-01,1.0,6.0,2.0,1.0,10.0,2.5,10.0,20.0
53.0,MICROPORE BLANCO 1 X 10 YDS,3.0,,,,,,,,,,,,3.0,5.0,15.0,,2028-06-01,7.0,,2024-12-01,1.0,1.0,1.0,1.0,4.0,1.0,4.0,8.0
54.0,MICROPORE BLANCO 1/2 PULGADA ,5.0,,,,,,,,,,,,5.0,7.0,9.0,,2028-06-01,7.0,,2025-01-01,1.0,1.0,3.0,1.0,6.0,1.5,6.0,12.0
55.0,MICROPORE PIEL 1 PULGADA ,2.0,,,,,,,,,,,,2.0,10.0,15.0,,2027-02-01,7.0,,2024-11-01,1.0,1.0,1.0,3.0,6.0,1.5,6.0,12.0
56.0,MICROPORE PIEL 1/2 PULGADA,4.0,,,,,,,,,,,,4.0,6.0,9.0,,2028-06-01,9.0,12.0,2025-03-01,1.0,2.0,1.0,1.0,5.0,1.25,5.0,10.0
57.0,MIGRADOLOSINA PIERSAN BLIST X 10,140.0,,,,,,,,2.0,,,,138.0,-88.0,1.4,,2029-10-01,0.0,,2025-01-01,3.0,10.0,5.0,7.0,25.0,6.25,25.0,50.0
58.0,PARACETAMOL 500 MGS BLIST X 10 CAJA X 100 ,13.0,,,,,,,,,,,,13.0,-3.0,5.0,,2026-03-01,0.0,,2025-02-01,1.0,2.0,1.0,1.0,5.0,1.25,5.0,10.0
59.0,PEDIAFLORA GRANU DISP X 50 SOBRES PAHIL,23.0,,,,,,,,,,,,23.0,-5.0,18.0,,2026-02-01,1.0,,2024-06-01,2.0,2.0,1.0,4.0,9.0,2.25,9.0,18.0
60.0,PREBALIX CAJA X 30 BLIST X 10 (PREGABALINA 75 MGS),6.0,,,,,,,,,,,,6.0,148.0,4.0,,2025-08-01,0.0,,2025-01-01,5.0,16.0,41.0,15.0,77.0,19.25,77.0,154.0
61.0,RELAFLEX KIT AMPOLLA VIJOSA,3.0,,,,,,,,,,,,3.0,9.0,45.0,,2027-04-01,4.0,,2024-10-01,1.0,3.0,1.0,1.0,6.0,1.5,6.0,12.0
62.0,ROYALINE 5MG CAJA  X 30 TAB BLIST X 10,18.0,,,,,,,,,,,,18.0,-3.0,3.3,,2027-01-01,1.0,,2024-11-01,1.0,5.0,1.0,0.5,7.5,1.875,7.5,15.0
63.0,SALBUTAMOL INHALADOR CAPLIN,5.0,,,,,,,,,,,,5.0,7.0,33.0,,2027-01-01,4.0,,2025-01-01,1.0,3.0,1.0,1.0,6.0,1.5,6.0,12.0
64.0,SANTEMICINA 7.5 GRS SOBRE CAJA X 50,48.0,,1.0,,,,,2.0,,,,,45.0,31.0,2.0,,2026-08-01,1.0,,2025-02-01,7.0,15.0,9.0,7.0,38.0,9.5,38.0,76.0
65.0,SARPIOL FCO 30 ML,2.0,,,,,,,,,,,,2.0,34.0,25.0,,2026-08-01,2.0,,2025-01-01,1.0,2.0,14.0,1.0,18.0,4.5,18.0,36.0
66.0,SELLO DE HEPARINA ESTERIL OPERSON,11.0,,,,,,,,,,,,11.0,1.0,5.0,,2028-08-01,0.0,,2024-12-01,1.0,2.0,2.0,1.0,6.0,1.5,6.0,12.0
67.0,SENOSIAIN ADULTO SUPOSITORIO CAJA X 20,9.0,,,,,,2.0,,,,,,7.0,1.0,3.5,,2026-05-01,0.0,,2024-07-01,3.0,1.0,2.0,1.0,7.0,1.75,7.0,14.0
68.0,SENOSIAIN NIÑO SUPOSITORIO CAJA X 20,21.0,,,,,,,,,,,,21.0,1.0,3.5,,2027-01-01,0.0,,2024-11-01,3.0,2.0,4.0,2.0,11.0,2.75,11.0,22.0
69.0,SOLUCION SALINA 100 ML BOLSA,6.0,,,,,3.0,,,,,,,3.0,10.0,14.0,,2027-10-01,15.0,15.0,2025-03-01,4.0,7.0,3.0,5.0,19.0,4.75,19.0,38.0
70.0,SPASMO-UROLONG BLIST X 10TAB,27.0,,,,,,,,,,,,27.0,19.0,6.8,,2025-08-01,0.0,2.0,2025-03-01,3.0,10.0,4.0,6.0,23.0,5.75,23.0,46.0
71.0,SUERO ORAL ANCALMO COCO X 54,41.0,,,,,,,,,,2.0,,39.0,21.0,2.0,,2025-10-01,0.0,,2025-01-01,13.0,4.0,10.0,3.0,30.0,7.5,30.0,60.0
72.0,SUERO ORAL ANCALMO NARANJA X 54,35.0,,,,,,,,,,,,35.0,5.0,2.0,OLAM ,2025-07-01,1.0,,2024-07-01,2.0,7.0,2.0,9.0,20.0,5.0,20.0,40.0
73.0,SUERO ORAL VIT ANCALMO X 54,30.0,,6.0,,,,,,,,18.0,,6.0,26.0,2.0,OLAM ,2027-09-01,0.0,,2024-11-01,1.0,2.0,5.0,8.0,16.0,4.0,16.0,32.0
74.0,TERMOMETRO DIGITAL MICROLIFE,1.0,,,1.0,,,,,,,,,0.0,1.0,55.0,,,0.0,,2024-06-01,,,1.0,,1.0,0.25,1.0,2.0
75.0,VIROGRIP 3 DOBLE TERAPIA INYECTADO,2.0,,,,,,,,,,,,2.0,6.0,29.0,,2026-10-01,10.0,,2024-12-01,1.0,1.0,1.0,1.0,4.0,1.0,4.0,8.0
76.0,,,,,,,,,,,,,,,,,,,,,,,,,,0.0,0.0,0.0,0.0
77.0,,,,,,,,,,,,,,,,,,,,,,,,,,,,,
78.0,,,,,,,,,,,,,,,,,,,,,,,,,,,,,
79.0,,,,,,,,,,,,,,,,,,,,,,,,,,,,,
80.0,,,,,,,,,,,,,,,,,,,,,,,,,,,,,
81.0,,,,,,,,,,,,,,,,,,,,,,,,,,,,,
82.0,,,,,,,,,,,,,,,,,,,,,,,,,,,,,
,,,,,,,,,,,,,,,,,,,,,,,,,,,,,
,,,,,,,,,,,,,,,,,,,,,,,,,,,,,
,,,,,,,,,,,,,,,,,,,,,,,,,,,,,
,,,,,,,,,,,,,,,,,,,,,,,,,,,,,
,,,,,,,,,,,,,,,,,,,,,,,,,,,,,
,,,,,,,,,,,,,,,,,,,,,,,,,,,,,
,,,,,,,,,,,,,,,,,,,,,,,,,,,,,
,,,,,,,,,,,,,,,,,,,,,,,,,,,,,
,,,,,,,,,,,,,,,,,,,,,,,,,,,,,
,,,,,,,,,,,,,,,,,,,,,,,,,,,,,
,,,,,,,,,,,,,,,,,,,,,,,,,,,,,
,,,,,,,,,,,,,,,,,,,,,,,,,,,,,
,,,,,,,,,,,,,,,,,,,,,,,,,,,,,
,,,,,,,,,,,,,,,,,,,,,,,,,,,,,
,,,,,,,,,,,,,,,,,,,,,,,,,,,,,
,,,,,,,,,,,,,,,,,,,,,,,,,,,,,
,,,,,,,,,,,,,,,,,,,,,,,,,,,,,
,,,,,,,,,,,,,,,,,,,,,,,,,,,,,
,,,,,,,,,,,,,,,,,,,,,,,,,,,,,
,,,,,,,,,,,,,,,,,,,,,,,,,,,,,
,,,,,,,,,,,,,,,,,,,,,,,,,,,,,
,,,,,,,,,,,,,,,,,,,,,,,,,,,,,
,,,,,,,,,,,,,,,,,,,,,,,,,,,,,
,,,,,,,,,,,,,,,,,,,,,,,,,,,,,
,,,,,,,,,,,,,,,,,,,,,,,,,,,,,
,,,,,,,,,,,,,,,,,,,,,,,,,,,,,
,,,,,,,,,,,,,,,,,,,,,,,,,,,,,
,,,,,,,,,,,,,,,,,,,,,,,,,,,,,
,,,,,,,,,,,,,,,,,,,,,,,,,,,,,
,,,,,,,,,,,,,,,,,,,,,,,,,,,,,
,,,,,,,,,,,,,,,,,,,,,,,,,,,,,
,,,,,,,,,,,,,,,,,,,,,,,,,,,,,
,,,,,,,,,,,,,,,,,,,,,,,,,,,,,
,,,,,,,,,,,,,,,,,,,,,,,,,,,,,
,,,,,,,,,,,,,,,,,,,,,,,,,,,,,
,,,,,,,,,,,,,,,,,,,,,,,,,,,,,
,,,,,,,,,,,,,,,,,,,,,,,,,,,,,
,,,,,,,,,,,,,,,,,,,,,,,,,,,,,
,,,,,,,,,,,,,,,,,,,,,,,,,,,,,
,,,,,,,,,,,,,,,,,,,,,,,,,,,,,
,,,,,,,,,,,,,,,,,,,,,,,,,,,,,
,,,,,,,,,,,,,,,,,,,,,,,,,,,,,
,,,,,,,,,,,,,,,,,,,,,,,,,,,,,
,,,,,,,,,,,,,,,,,,,,,,,,,,,,,
,,,,,,,,,,,,,,,,,,,,,,,,,,,,,
,,,,,,,,,,,,,,,,,,,,,,,,,,,,,
,,,,,,,,,,,,,,,,,,,,,,,,,,,,,
,,,,,,,,,,,,,,,,,,,,,,,,,,,,,
,,,,,,,,,,,,,,,,,,,,,,,,,,,,,
,,,,,,,,,,,,,,,,,,,,,,,,,,,,,
,,,,,,,,,,,,,,,,,,,,,,,,,,,,,
,,,,,,,,,,,,,,,,,,,,,,,,,,,,,
,,,,,,,,,,,,,,,,,,,,,,,,,,,,,
,,,,,,,,,,,,,,,,,,,,,,,,,,,,,
,,,,,,,,,,,,,,,,,,,,,,,,,,,,,
,,,,,,,,,,,,,,,,,,,,,,,,,,,,,
,,,,,,,,,,,,,,,,,,,,,,,,,,,,,
,,,,,,,,,,,,,,,,,,,,,,,,,,,,,
,,,,,,,,,,,,,,,,,,,,,,,,,,,,,
,,,,,,,,,,,,,,,,,,,,,,,,,,,,,
,,,,,,,,,,,,,,,,,,,,,,,,,,,,,
,,,,,,,,,,,,,,,,,,,,,,,,,,,,,
,,,,,,,,,,,,,,,,,,,,,,,,,,,,,
,,,,,,,,,,,,,,,,,,,,,,,,,,,,,
,,,,,,,,,,,,,,,,,,,,,,,,,,,,,
,,,,,,,,,,,,,,,,,,,,,,,,,,,,,
,,,,,,,,,,,,,,,,,,,,,,,,,,,,,
,,,,,,,,,,,,,,,,,,,,,,,,,,,,,
,,,,,,,,,,,,,,,,,,,,,,,,,,,,,
,,,,,,,,,,,,,,,,,,,,,,,,,,,,,
,,,,,,,,,,,,,,,,,,,,,,,,,,,,,
,,,,,,,,,,,,,,,,,,,,,,,,,,,,,
,,,,,,,,,,,,,,,,,,,,,,,,,,,,,
,,,,,,,,,,,,,,,,,,,,,,,,,,,,,
,,,,,,,,,,,,,,,,,,,,,,,,,,,,,
,,,,,,,,,,,,,,,,,,,,,,,,,,,,,
,,,,,,,,,,,,,,,,,,,,,,,,,,,,,
,,,,,,,,,,,,,,,,,,,,,,,,,,,,,
,,,,,,,,,,,,,,,,,,,,,,,,,,,,,
,,,,,,,,,,,,,,,,,,,,,,,,,,,,,
,,,,,,,,,,,,,,,,,,,,,,,,,,,,,
,,,,,,,,,,,,,,,,,,,,,,,,,,,,,
,,,,,,,,,,,,,,,,,,,,,,,,,,,,,
,,,,,,,,,,,,,,,,,,,,,,,,,,,,,
,,,,,,,,,,,,,,,,,,,,,,,,,,,,,
,,,,,,,,,,,,,,,,,,,,,,,,,,,,,
,,,,,,,,,,,,,,,,,,,,,,,,,,,,,
,,,,,,,,,,,,,,,,,,,,,,,,,,,,,
,,,,,,,,,,,,,,,,,,,,,,,,,,,,,
,,,,,,,,,,,,,,,,,,,,,,,,,,,,,
,,,,,,,,,,,,,,,,,,,,,,,,,,,,,
,,,,,,,,,,,,,,,,,,,,,,,,,,,,,
,,,,,,,,,,,,,,,,,,,,,,,,,,,,,
,,,,,,,,,,,,,,,,,,,,,,,,,,,,,
,,,,,,,,,,,,,,,,,,,,,,,,,,,,,
,,,,,,,,,,,,,,,,,,,,,,,,,,,,,
,,,,,,,,,,,,,,,,,,,,,,,,,,,,,
,,,,,,,,,,,,,,,,,,,,,,,,,,,,,
,,,,,,,,,,,,,,,,,,,,,,,,,,,,,
,,,,,,,,,,,,,,,,,,,,,,,,,,,,,
,,,,,,,,,,,,,,,,,,,,,,,,,,,,,
,,,,,,,,,,,,,,,,,,,,,,,,,,,,,
,,,,,,,,,,,,,,,,,,,,,,,,,,,,,
,,,,,,,,,,,,,,,,,,,,,,,,,,,,,
,,,,,,,,,,,,,,,,,,,,,,,,,,,,,
,,,,,,,,,,,,,,,,,,,,,,,,,,,,,
,,,,,,,,,,,,,,,,,,,,,,,,,,,,,
,,,,,,,,,,,,,,,,,,,,,,,,,,,,,
,,,,,,,,,,,,,,,,,,,,,,,,,,,,,
,,,,,,,,,,,,,,,,,,,,,,,,,,,,,
,,,,,,,,,,,,,,,,,,,,,,,,,,,,,
,,,,,,,,,,,,,,,,,,,,,,,,,,,,,
,,,,,,,,,,,,,,,,,,,,,,,,,,,,,
,,,,,,,,,,,,,,,,,,,,,,,,,,,,,
,,,,,,,,,,,,,,0.0,,,,,,,,,,,,,,,
,,,,,,,,,,,,,,0.0,,,,,,,,,,,,,,,
,,,,,,,,,,,,,,0.0,,,,,,,,,,,,,,,
,,,,,,,,,,,,,,0.0,,,,,,,,,,,,,,,
,,,,,,,,,,,,,,0.0,,,,,,,,,,,,,,,
,,,,,,,,,,,,,,0.0,,,,,,,,,,,,,,,
,,,,,,,,,,,,,,0.0,,,,,,,,,,,,,,,
,,,,,,,,,,,,,,0.0,,,,,,,,,,,,,,,
,,,,,,,,,,,,,,0.0,,,,,,,,,,,,,,,
,,,,,,,,,,,,,,0.0,,,,,,,,,,,,,,,
,,,,,,,,,,,,,,0.0,,,,,,,,,,,,,,,
,,,,,,,,,,,,,,0.0,,,,,,,,,,,,,,,
,,,,,,,,,,,,,,0.0,,,,,,,,,,,,,,,
,,,,,,,,,,,,,,0.0,,,,,,,,,,,,,,,
,,,,,,,,,,,,,,0.0,,,,,,,,,,,,,,,
1.0,,,,,,,,,,,,,,0.0,,,,,,,,,,,,,,,
2.0,,,,,,,,,,,,,,,,,,,,,,,,,,,,,
3.0,,,,,,,,,,,,,,,,,,,,,,,,,,,,,
4.0,,,,,,,,,,,,,,0.0,,,,,,,,,,,,,,,
5.0,,,,,,,,,,,,,,0.0,,,,,,,,,,,,,,,
6.0,,,,,,,,,,,,,,0.0,,,,,,,,,,,,,,,
7.0,,,,,,,,,,,,,,0.0,,,,,,,,,,,,,,,
8.0,,,,,,,,,,,,,,0.0,,,,,,,,,,,,,,,
9.0,,,,,,,,,,,,,,0.0,,,,,,,,,,,,,,,
10.0,,,,,,,,,,,,,,0.0,,,,,,,,,,,,,,,
11.0,,,,,,,,,,,,,,0.0,,,,,,,,,,,,,,,
12.0,,,,,,,,,,,,,,0.0,,,,,,,,,,,,,,,
13.0,,,,,,,,,,,,,,0.0,,,,,,,,,,,,,,,
14.0,,,,,,,,,,,,,,0.0,,,,,,,,,,,,,,,
15.0,,,,,,,,,,,,,,0.0,,,,,,,,,,,,,,,
16.0,,,,,,,,,,,,,,0.0,,,,,,,,,,,,,,,
,,,,,,,,,,,,,,0.0,,,,,,,,,,,,,,,
,,,,,,,,,,,,,,0.0,,,,,,,,,,,,,,,
1.0,,,,,,,,,,,,,,0.0,,,,,,,,,,,,,,,
2.0,,,,,,,,,,,,,,0.0,,,,,,,,,,,,,,,
3.0,,,,,,,,,,,,,,0.0,,,,,,,,,,,,,,,
4.0,,,,,,,,,,,,,,0.0,,,,,,,,,,,,,,,
5.0,,,,,,,,,,,,,,0.0,,,,,,,,,,,,,,,
6.0,,,,,,,,,,,,,,0.0,,,,,,,,,,,,,,,
7.0,,,,,,,,,,,,,,0.0,,,,,,,,,,,,,,,
8.0,,,,,,,,,,,,,,0.0,,,,,,,,,,,,,,,
9.0,,,,,,,,,,,,,,0.0,,,,,,,,,,,,,,,
10.0,,,,,,,,,,,,,,0.0,,,,,,,,,,,,,,,
11.0,,,,,,,,,,,,,,0.0,,,,,,,,,,,,,,,
12.0,,,,,,,,,,,,,,0.0,,,,,,,,,,,,,,,
13.0,,,,,,,,,,,,,,0.0,,,,,,,,,,,,,,,
14.0,,,,,,,,,,,,,,0.0,,,,,,,,,,,,,,,
15.0,,,,,,,,,,,,,,0.0,,,,,,,,,,,,,,,
16.0,,,,,,,,,,,,,,0.0,,,,,,,,,,,,,,,
17.0,,,,,,,,,,,,,,0.0,,,,,,,,,,,,,,,
18.0,,,,,,,,,,,,,,0.0,,,,,,,,,,,,,,,
19.0,,,,,,,,,,,,,,0.0,,,,,,,,,,,,,,,
20.0,,,,,,,,,,,,,,0.0,,,,,,,,,,,,,,,
21.0,,,,,,,,,,,,,,0.0,,,,,,,,,,,,,,,
22.0,,,,,,,,,,,,,,0.0,,,,,,,,,,,,,,,
23.0,,,,,,,,,,,,,,0.0,,,,,,,,,,,,,,,
24.0,,,,,,,,,,,,,,0.0,,,,,,,,,,,,,,,
25.0,,,,,,,,,,,,,,0.0,,,,,,,,,,,,,,,
26.0,,,,,,,,,,,,,,0.0,,,,,,,,,,,,,,,
27.0,,,,,,,,,,,,,,0.0,,,,,,,,,,,,,,,
28.0,,,,,,,,,,,,,,0.0,,,,,,,,,,,,,,,
29.0,,,,,,,,,,,,,,0.0,,,,,,,,,,,,,,,
30.0,,,,,,,,,,,,,,0.0,,,,,,,,,,,,,,,
31.0,,,,,,,,,,,,,,0.0,,,,,,,,,,,,,,,
32.0,,,,,,,,,,,,,,0.0,,,,,,,,,,,,,,,
33.0,,,,,,,,,,,,,,0.0,,,,,,,,,,,,,,,
34.0,,,,,,,,,,,,,,0.0,,,,,,,,,,,,,,,
35.0,,,,,,,,,,,,,,0.0,,,,,,,,,,,,,,,
36.0,,,,,,,,,,,,,,0.0,,,,,,,,,,,,,,,
37.0,,,,,,,,,,,,,,0.0,,,,,,,,,,,,,,,
38.0,,,,,,,,,,,,,,0.0,,,,,,,,,,,,,,,
39.0,,,,,,,,,,,,,,0.0,,,,,,,,,,,,,,,
40.0,,,,,,,,,,,,,,0.0,,,,,,,,,,,,,,,
41.0,,,,,,,,,,,,,,0.0,,,,,,,,,,,,,,,
42.0,,,,,,,,,,,,,,0.0,,,,,,,,,,,,,,,
43.0,,,,,,,,,,,,,,0.0,,,,,,,,,,,,,,,
44.0,,,,,,,,,,,,,,0.0,,,,,,,,,,,,,,,
45.0,,,,,,,,,,,,,,0.0,,,,,,,,,,,,,,,
46.0,,,,,,,,,,,,,,0.0,,,,,,,,,,,,,,,
47.0,,,,,,,,,,,,,,0.0,,,,,,,,,,,,,,,
48.0,,,,,,,,,,,,,,0.0,,,,,,,,,,,,,,,
49.0,,,,,,,,,,,,,,0.0,,,,,,,,,,,,,,,
50.0,,,,,,,,,,,,,,0.0,,,,,,,,,,,,,,,
51.0,,,,,,,,,,,,,,0.0,,,,,,,,,,,,,,,
52.0,,,,,,,,,,,,,,0.0,,,,,,,,,,,,,,,
53.0,,,,,,,,,,,,,,0.0,,,,,,,,,,,,,,,
54.0,,,,,,,,,,,,,,0.0,,,,,,,,,,,,,,,
55.0,,,,,,,,,,,,,,0.0,,,,,,,,,,,,,,,
56.0,,,,,,,,,,,,,,0.0,,,,,,,,,,,,,,,
57.0,,,,,,,,,,,,,,0.0,,,,,,,,,,,,,,,
58.0,,,,,,,,,,,,,,0.0,,,,,,,,,,,,,,,
59.0,,,,,,,,,,,,,,0.0,,,,,,,,,,,,,,,
60.0,,,,,,,,,,,,,,0.0,,,,,,,,,,,,,,,
61.0,,,,,,,,,,,,,,0.0,,,,,,,,,,,,,,,
62.0,,,,,,,,,,,,,,0.0,,,,,,,,,,,,,,,
63.0,,,,,,,,,,,,,,0.0,,,,,,,,,,,,,,,
64.0,,,,,,,,,,,,,,0.0,,,,,,,,,,,,,,,
65.0,,,,,,,,,,,,,,0.0,,,,,,,,,,,,,,,
66.0,,,,,,,,,,,,,,0.0,,,,,,,,,,,,,,,
67.0,,,,,,,,,,,,,,0.0,,,,,,,,,,,,,,,
68.0,,,,,,,,,,,,,,0.0,,,,,,,,,,,,,,,
69.0,,,,,,,,,,,,,,0.0,,,,,,,,,,,,,,,
70.0,,,,,,,,,,,,,,0.0,,,,,,,,,,,,,,,
71.0,,,,,,,,,,,,,,0.0,,,,,,,,,,,,,,,
72.0,,,,,,,,,,,,,,0.0,,,,,,,,,,,,,,,
73.0,,,,,,,,,,,,,,0.0,,,,,,,,,,,,,,,
74.0,,,,,,,,,,,,,,0.0,,,,,,,,,,,,,,,
75.0,,,,,,,,,,,,,,0.0,,,,,,,,,,,,,,,
76.0,,,,,,,,,,,,,,0.0,,,,,,,,,,,,,,,
77.0,,,,,,,,,,,,,,0.0,,,,,,,,,,,,,,,
78.0,,,,,,,,,,,,,,0.0,,,,,,,,,,,,,,,
79.0,,,,,,,,,,,,,,0.0,,,,,,,,,,,,,,,
80.0,,,,,,,,,,,,,,0.0,,,,,,,,,,,,,,,
81.0,,,,,,,,,,,,,,0.0,,,,,,,,,,,,,,,
82.0,,,,,,,,,,,,,,0.0,,,,,,,,,,,,,,,
83.0,,,,,,,,,,,,,,0.0,,,,,,,,,,,,,,,
84.0,,,,,,,,,,,,,,0.0,,,,,,,,,,,,,,,
85.0,,,,,,,,,,,,,,0.0,,,,,,,,,,,,,,,
86.0,,,,,,,,,,,,,,0.0,,,,,,,,,,,,,,,
87.0,,,,,,,,,,,,,,0.0,,,,,,,,,,,,,,,
88.0,,,,,,,,,,,,,,0.0,,,,,,,,,,,,,,,
89.0,,,,,,,,,,,,,,,,,,,,,,,,,,,,,
90.0,,,,,,,,,,,,,,,,,,,,,,,,,,,,,
91.0,,,,,,,,,,,,,,,,,,,,,,,,,,,,,
92.0,,,,,,,,,,,,,,,,,,,,,,,,,,,,,
93.0,,,,,,,,,,,,,,,,,,,,,,,,,,,,,
94.0,,,,,,,,,,,,,,,,,,,,,,,,,,,,,
95.0,,,,,,,,,,,,,,,,,,,,,,,,,,,,,
96.0,,,,,,,,,,,,,,,,,,,,,,,,,,,,,
97.0,,,,,,,,,,,,,,,,,,,,,,,,,,,,,
98.0,,,,,,,,,,,,,,,,,,,,,,,,,,,,,
99.0,,,,,,,,,,,,,,,,,,,,,,,,,,,,,
100.0,,,,,,,,,,,,,,,,,,,,,,,,,,,,,
101.0,,,,,,,,,,,,,,,,,,,,,,,,,,,,,
102.0, h,,,,,,,,,,,,,,,,,,,,,,,,,,,,
103.0,,,,,,,,,,,,,,,,,,,,,,,,,,,,,
