No,ARTICULO,EXISTENCIA,LUNES AM,LUNES PM,MARTES AM,MARTES PM,MIERCO AM,MIERCO PM,JUEVES AM,JUEVES PM,VIERNES AM,VIERNES PM,SABADO,NVA EXIST,PEDIDO,PP,OBSERVACIONES,FECHA DE VENCIMIENTO,BODEGA,COMPRAS,FECHA DE COMPRA,SEM 31 MAR,SEM 7 ABRIL,SEM 17 MAR, SEM 24 MAR,TOTAL,PROMEDIO,1 MES,2 MESES
1.0,ACEITE DE RECINO 1 ONZ LASANA,5.0,,,,1.0,,1.0,,,,,,3,7,12.0,,2026-12-01,2.0,2.0,2025-03-01,1.0,1.0,1.0,2.0,5,1.25,5,10
2.0,ACETAMINOFEN  500 MG BLISTR X 10 CAJA X 100,56.0,,8.0,,2.0,2.0,,,,2.0,4.0,,38,120,2.5,,2026-03-01,10.0,11.0,2025-03-01,26.0,23.0,12.0,18.0,79,19.75,79,158
3.0,ACICLOVIR 400 MG/5ML  FCO 100 ML CAPLIN,1.0,,,,,,,,,,,,1,7,38.0,,2025-10-01,0.0,,2023-11-01,1.0,1.0,1.0,1.0,4,1.0,4,8
4.0,ACIDO ACETILSALICILICO 100 MG BLISTER X 10 CAJA X 100,5.0,,,,,,,,,,,,5,31,2.5,,2025-09-01,0.0,,2024-03-01,,5.0,8.0,5.0,18,4.5,18,36
5.0,ACIDO BORICO POLVO 1 ONZ BOLSA X 8,11.0,,,,,,,,,,,,11,7,5.0,,2027-11-01,2.0,,2024-12-01,1.0,2.0,5.0,1.0,9,2.25,9,18
6.0,ALBENDAZOL 400 MG SUSP FCO X 10 ML CAPLIN,4.0,,,,,,,,1.0,,,,3,7,7.0,,2025-10-01,0.0,,2025-01-01,1.0,1.0,2.0,1.0,5,1.25,5,10
7.0,ALBENDAZOL CAJA X 2 TAB CAPLIN Y ARGUS,9.0,,,,,,,,3.0,,,,6,10,5.0,,2026-04-01,15.0,20.0,2025-03-01,1.0,1.0,3.0,3.0,8,2.0,8,16
8.0,ALCOHOL  ELITICO70% 1/2 LITRO VESA,2.0,,,,,,,,,,,,2,6,17.0,,2026-12-01,3.0,3.0,2025-03-01,1.0,1.0,1.0,1.0,4,1.0,4,8
9.0,ALCOHOL ALCANFORADO 120 ML SANTE,3.0,,,,,,,,,,,,3,7,8.0,,2026-05-01,3.0,,2025-01-01,1.0,1.0,2.0,1.0,5,1.25,5,10
10.0,ALOPURINOL 300 MG BLISTER X 10 CAJA X 100,34.0,,10.0,,,,,,,,1.0,,23,27,5.0,,2026-10-01,2.0,3.0,2025-03-01,1.0,10.0,3.0,11.0,25,6.25,25,50
11.0,AMLODIPINA 10 MG BLISTER X 10 CAJA X 100,23.0,,6.0,,,,,,,1.0,,,16,16,5.0,,2025-10-01,1.0,,2024-01-01,3.0,1.0,5.0,7.0,16,4.0,16,32
12.0,AMLODIPINA 5 MG BLISTER X 10 CAJA X 100,23.0,1.0,2.0,,,,,,,,,,20,-2,4.0,,2027-03-01,6.0,,2025-02-01,1.0,2.0,3.0,3.0,9,2.25,9,18
13.0,AMOXI+CLAV 400+57MG BID 70 ML (LEVECILIN) ,1.0,,,,,,,,,,,,1,9,85.0,,2027-03-01,1.0,,2025-01-01,1.0,1.0,2.0,1.0,5,1.25,5,10
14.0,AMOXICILINA 500 MG BLIST X 10 CAJA X 100 (ARGUS O CAPLIN),23.0,,1.0,,2.0,1.0,,1.0,1.0,,,,17,51,6.0,,2026-06-01,5.0,3.0,2025-03-01,8.0,7.0,13.0,6.0,34,8.5,34,68
15.0,AMPICILINA 500 MG BLISTER X 10 CAJA X  100,10.0,,,,,,,,,,,,10,6,10.0,,2027-05-01,0.0,,2025-01-01,2.0,1.0,1.0,4.0,8,2.0,8,16
16.0,ANTIGRIPITO INFANIL JBE 60 ML,1.0,,,,,,,,,,,,1,7,29.0,,2027-10-01,1.0,2.0,2025-03-01,1.0,1.0,1.0,1.0,4,1.0,4,8
17.0,ATENOLOL 100 MG BLIST X A10 CAJA X 100 (ARGUS O CAPLIN),12.0,,,,,,,,,,,,12,14,5.0,,2026-04-01,1.0,,2025-02-01,6.0,3.0,2.0,2.0,13,3.25,13,26
18.0,ATENOLOL 100 MG CAPLIN BLIST X 10 CAJA X 100,0.0,,,,,,,,,,,,0,2,50.0,,2026-06-01,0.0,,2025-02-01,,1.0,,,1,0.25,1,2
19.0,AZITROMICINA 200 MGS FCO X 30 ML CAPLIN,3.0,,,,,,,,,,,,3,5,23.0,,2026-10-01,0.0,,2025-02-01,1.0,1.0,1.0,1.0,4,1.0,4,8
20.0,AZITROMICINA 200 MGS SUSP FCO X 15 ML SELEC,3.0,,,,,,,,,,1.0,,2,6,25.0,ROSADEL,2027-02-01,3.0,,2025-02-01,1.0,1.0,1.0,1.0,4,1.0,4,8
21.0,AZITROMICINA 500 MG CAJA X 3 TAB,9.0,,,,,,2.0,,1.0,,2.0,,4,50,18.0,,2027-03-01,27.0,25.0,2025-03-01,10.0,8.0,4.0,5.0,27,6.75,27,54
22.0,BENZOATO DE BENCILO FCO X 120 ML SELEC,3.0,,,,,,,,,,1.0,,2,6,19.0,,2026-04-01,0.0,,2025-02-01,1.0,1.0,1.0,1.0,4,1.0,4,8
23.0,BICARBONATO DE SODIO MEDIA LIBRA DISFAVIL,4.0,,1.0,,,,,,,,,,3,11,9.0,,2026-06-01,9.0,,2025-03-01,2.0,2.0,2.0,1.0,7,1.75,7,14
24.0,CALCIO + VITAMINA D  BLISTER X 10 CAJA X 100 SELEC,14.0,,,,,,,,,,,,14,2,6.0,,2028-06-01,0.0,,2025-02-01,3.0,1.0,2.0,2.0,8,2.0,8,16
25.0,CARBAMAZEPINA 200 MG BLIST X 10 CAJA X 100 SELEC,16.0,,,,,1.0,1.0,,,,,,14,8,9.0,,2028-07-01,1.0,1.0,2025-03-01,7.0,1.0,1.0,2.0,11,2.75,11,22
26.0,CARBAMAZEPINA 200 MGS BLIST X 10 CAJA X 100 CAPLIN,13.0,,,,,,,,,,,,13,-3,5.0,,2027-05-01,0.0,,2025-02-01,1.0,2.0,1.0,1.0,5,1.25,5,10
27.0,CEFIXIMA 100MG/5ML X FCO 60 ML ARGUS O CAPLIN,2.0,,,,,,,,1.0,,,,1,7,37.0,,2027-03-01,0.0,2.0,2025-03-01,1.0,1.0,1.0,1.0,4,1.0,4,8
28.0,CEFTRIAXONA 1G VIAL PANAL CAJA X 10 ARGUS,5.0,,,,,,,,,,,,5,17,7.0,,2025-04-01,0.0,,2024-07-01,1.0,8.0,1.0,1.0,11,2.75,11,22
29.0,CELECOXIB 200 MGS BLIST X 10 CAJA X 100 CAPLIN,8.0,,,,,,,,,,,,8,2,10.0,,2027-05-01,0.0,,2024-12-01,2.0,1.0,1.0,1.0,5,1.25,5,10
30.0,CETIRIZINA 10 MG CAJA X 10 TAB CAPLIN,40.0,,,,,,10.0,,,,,,30,90,1.5,,2026-08-01,6.0,,2024-12-01,10.0,20.0,20.0,10.0,60,15.0,60,120
31.0,CIPROFLOXACINA 0.3 % SOL OFTALMICAS  FACO X 5 ML SELEC ,4.0,,,,,,,,,,,,4,6,30.0,,2027-05-01,0.0,,2025-02-01,2.0,1.0,1.0,1.0,5,1.25,5,10
32.0,CLOPIDROGEL 75 MGS BLIST X 10 CAJA X 100 ABIL CHEMPHARMA,8.0,,,,,,,,,,,,8,16,17.0,,2025-12-01,0.0,1.0,2025-03-01,1.0,1.0,2.0,8.0,12,3.0,12,24
33.0,CLOTRIMAZOL 2 % CREMA VAG 20 GRS SELEC,2.0,,,,,,,,,,,,2,10,17.0,,2028-07-01,3.0,,2024-12-01,1.0,2.0,2.0,1.0,6,1.5,6,12
34.0,CLOTRIMAZOL 2 % CREMA VAG 30 GRS CAPLIN,2.0,,,,,,,,,,,,2,10,16.0,,2027-01-01,2.0,2.0,2025-03-01,1.0,2.0,2.0,1.0,6,1.5,6,12
35.0,CLOTRIPLEX LATITA X  12.5 GRS CAJA X 40 ,89.0,1.0,4.0,,2.0,1.0,2.0,1.0,1.0,1.0,,,76,92,9.0,,2027-08-01,2.0,1.0,2025-03-01,21.0,22.0,28.0,13.0,84,21.0,84,168
36.0,COMPLEJO B BLISTER X 10 CAJA X 100 CAPLIN,15.0,,,,,,1.0,1.0,,,,,13,25,2.0,,2027-04-01,1.0,2.0,2025-03-01,5.0,7.0,5.0,2.0,19,4.75,19,38
37.0,COMPLEJO B JARABE CAJA X 10 SOBRES CAPLIN ,1.0,,,,,,,,,,,,1,17,40.0,,2026-05-01,4.0,,2025-01-01,1.0,2.0,4.0,2.0,9,2.25,9,18
38.0,COQUELUCHE FCO 120 ML,1.0,,,,,,,,,,,,1,9,39.0,,2026-02-01,0.0,,2023-03-01,1.0,2.0,1.0,1.0,5,1.25,5,10
39.0,CREMA LASSAR BB COOL 120 GRS,3.0,,,,,,,,,,,,3,1,23.0,,2027-08-01,2.0,,2025-01-01,,,,2.0,2,0.5,2,4
40.0,CUESIIGERMINA CAJA X 10 AMP PHARMAV,33.0,,10.0,,2.0,,,,,,,,21,37,15.0,,2026-03-01,6.0,8.0,2025-03-01,8.0,6.0,3.0,12.0,29,7.25,29,58
41.0,DESLORATADINA 5 MG BLISTER X 10 CAJA X 100 CAPLIN,13.0,,,,,,,,,,,,13,-3,5.0,,2027-03-01,0.0,,2024-11-01,1.0,1.0,2.0,1.0,5,1.25,5,10
42.0,DESLORATADINA 5 MG BLISTER X 20 CAJA X 100 SELEC,13.0,1.0,,,,,1.0,,,,,,11,-1,8.0,,2027-07-01,1.0,,2025-02-01,1.0,1.0,1.0,2.0,5,1.25,5,10
43.0,DESLORTADINA JARABE FCO X 60 ML SELEC,4.0,,,,,,,,,,,,4,4,39.0,,2027-06-01,0.0,,2024-10-01,1.0,1.0,1.0,1.0,4,1.0,4,8
44.0,DEXAMETASONA BLIST X 10 CAJA X 100 CAPLIN,11.0,,,,,,,,1.0,,1.0,,9,7,7.0,,2027-06-01,0.0,1.0,2025-03-01,1.0,4.0,1.0,2.0,8,2.0,8,16
45.0,DEXASEL 0.5 MG BLISTR X 20 SELEC (DEXAMETASONA),63.0,,,,,,,,,,,,63,103,0.95,,2028-01-01,2.0,2.0,2025-03-01,20.0,23.0,20.0,20.0,83,20.75,83,166
46.0,DEXTROMETORFANO  JBE 120 ML SELEC,4.0,,,,,,,,,,,,4,10,17.0,,2027-05-01,3.0,9.0,2025-03-01,1.0,3.0,2.0,1.0,7,1.75,7,14
47.0,DICLOCIEN 100 MGS CAPS GRANU BLIST X 10 CAJA X 100,9.0,,,,,,,,,,,,9,1,7.0,,2026-06-01,0.0,,2024-09-01,2.0,1.0,1.0,1.0,5,1.25,5,10
48.0,DICLOCIEN 100 MGS GEL CAPS BLIST X 10 CAJA X 100,8.0,,,,,,,,,,,,8,0,9.0,,2026-09-01,0.0,,2025-02-01,1.0,1.0,1.0,1.0,4,1.0,4,8
49.0,DICLOFENACO 100 MGS SOD GEL CAPS BLIST X 10 CAJA X 100 AR,49.0,,,,,,,,10.0,,,,39,17,0.8,,2026-06-01,1.0,1.0,2025-03-01,5.0,1.0,12.0,10.0,28,7.0,28,56
50.0,DICLOFENACO POT 50 MG BLIST X 10 CAJA X 100 ARGUS,24.0,,,,,,,,,,,,24,16,2.5,,2027-02-01,7.0,3.0,2027-03-01,7.0,5.0,1.0,7.0,20,5.0,20,40
51.0,DICLOFENACO SOD 50 MG BLIS X 10 CAJA X 100 SELEC,12.0,,,,,,,,,,,,12,-4,2.5,,2028-04-01,0.0,,2024-03-01,1.0,1.0,1.0,1.0,4,1.0,4,8
52.0,DICLOXACILINA 500 MG BLISTER X 10 CAPLIN CAJA X 100,9.0,,,,,,,,,,,,9,1,17.0,,2027-05-01,0.0,,2025-02-01,1.0,1.0,2.0,1.0,5,1.25,5,10
53.0,DIPIRONA AMPOLLA 2 ML CAPLIN,21.0,,1.0,2.0,,,,,1.0,,,,17,9,3.0,,2027-06-01,0.0,10.0,2025-03-01,1.0,7.0,1.0,4.0,13,3.25,13,26
54.0,DOLFIX 100 MGS CAPS GRANU BLIST X 10 CAJA X 100,10.0,,,,,,,,,,1.0,,9,5,12.0,,2026-12-01,0.0,1.0,2025-03-01,2.0,1.0,3.0,1.0,7,1.75,7,14
55.0,DOLFIX 100 MGS GEL CAPS BLIST X 10 CAJA X 20,3.0,,,,,,,,,,,,3,7,13.0,,2026-09-01,0.0,,2024-09-01,1.0,1.0,1.0,2.0,5,1.25,5,10
56.0,DOLODENT SANTE 18 ML CAJA X 12 UNIDADES,3.0,,,,,,,,,,,,3,11,7.0,,2026-09-01,8.0,,2024-11-01,1.0,2.0,2.0,2.0,7,1.75,7,14
57.0,DOLO-NERVISEL  KIT ,6.0,,,,,1.0,,,,,,,5,19,19.0,,2027-05-01,9.0,11.0,2025-03-01,5.0,4.0,2.0,1.0,12,3.0,12,24
58.0,DROPADEX 25 MGS GEL CAPS BLIST X 10 CAJA X 50,66.0,,,,,,,,,,,,66,-18,4.0,,2025-08-01,0.0,,2024-09-01,10.0,6.0,2.0,6.0,24,6.0,24,48
59.0,DROPADEX DUO BLIST X 10 CAJA X 10,32.0,2.0,,,,,,,,,,,30,18,4.5,,2026-04-01,1.0,,2024-12-01,16.0,4.0,2.0,2.0,24,6.0,24,48
60.0,ENALAPRIL 20MG BLIST X 20 SELECT CAJA X 100,16.0,1.0,1.0,,,,,,,,,,14,0,8.0,,2026-10-01,1.0,1.0,2025-03-01,1.0,2.0,2.0,2.0,7,1.75,7,14
61.0,ENZIMAS DIGES BLIST X 10 CAJA X 30 CONAMEP,5.0,,,,,,,,,,1.0,,4,12,15.0,,2027-08-01,2.0,3.0,2025-03-01,3.0,2.0,2.0,1.0,8,2.0,8,16
62.0,ENZITROL BLIST X 10 CAJA X 100,14.0,,,,,,,,,,,,14,2,13.0,,2027-08-01,0.0,,2025-01-01,1.0,1.0,3.0,3.0,8,2.0,8,16
63.0,ERITROMICINA 500 MGS BLIST X 10 CAJA X 50,2.0,,,,,,,,,,,,2,8,20.0,,2026-01-01,0.0,,2024-01-01,1.0,1.0,2.0,1.0,5,1.25,5,10
64.0,ERITROMICINA SUSP 250 MGS/5ML FCO X  60 ML THERFAM,1.0,,,,,,,,,,,,1,1,22.0,,2027-09-01,0.0,,2024-02-01,,,1.0,,1,0.25,1,2
65.0,ERMAVIGOR PLUS X 10 AMP BEBIBLE PHENIEL ,1.0,,,,,,,,,,,,1,1,85.0,,2025-04-01,0.0,,2024-06-01,,,1.0,,1,0.25,1,2
66.0,ESOMEPRAZOL 40 MG BLIST X 10 CAJA X 100 WASHINGTON,11.0,,,,,,,,,,,,11,1,20.0,BENDI,2027-09-01,0.0,,2025-02-01,1.0,2.0,2.0,1.0,6,1.5,6,12
67.0,ESOMEPRAZOL 40 MGS BLIST X CAJA X 30 CAPLIN,10.0,,,,,,1.0,,,,,,9,1,22.0,,2027-02-01,2.0,,2024-12-01,2.0,1.0,1.0,1.0,5,1.25,5,10
68.0,ETORICOXIB 90 MG CAJA X 10 TAB CAPLIN,25.0,,,,,,,,,,2.0,,23,25,8.3,,2026-09-01,3.0,,2024-12-01,10.0,2.0,10.0,2.0,24,6.0,24,48
69.0,EXFLU ADULTO SINUS FCO 120 ML,1.0,,,,,,,,,,,,1,3,32.0,,2026-09-01,2.0,,2025-02-01,,,1.0,1.0,2,0.5,2,4
70.0,EXFLU JARABE FCO X 120 ML MULTISINTOMAS,5.0,,,,,1.0,,,,,,,4,6,20.0,,2027-08-01,4.0,4.0,2025-03-01,1.0,2.0,1.0,1.0,5,1.25,5,10
71.0,FEXADRIL(DEXCLO+BETAM) JBE 120 ML WINZER,1.0,,,,,,,,,,,,1,3,94.0,,2025-11-01,0.0,,2024-10-01,1.0,1.0,,,2,0.5,2,4
72.0,FLUCONAZOL 150 MG CAJA X 2 CAPS CAPLIN,5.0,,,,,,,,,,,,5,5,6.0,,2027-05-01,0.0,,2025-01-01,1.0,2.0,1.0,1.0,5,1.25,5,10
73.0,FOSFOLIP ESENC DR KENDAL CAJA X 30 BLIST X 10,12.0,,3.0,,,,,,,,,,9,21,15.0,,2027-06-01,4.0,5.0,2025-03-01,3.0,6.0,3.0,3.0,15,3.75,15,30
74.0,GABAPENTINA 400 MG BLIST X 10  CAJA X 100 ARGUS,46.0,,,,,,,,,,10.0,,36,94,3.0,,2027-05-01,10.0,,2025-03-01,18.0,19.0,18.0,10.0,65,16.25,65,130
75.0,GASTROPRAL BLIST X 10 CAJA X 100 ,14.0,,,,,,,,,,2.0,,12,2,12.0,,2027-09-01,0.0,,2025-02-01,1.0,2.0,2.0,2.0,7,1.75,7,14
76.0,GENCLOBEN CREMA TUBO 30 GMS,2.0,,1.0,,,,,,,,,,1,7,24.0,,2027-06-01,2.0,4.0,2025-03-01,1.0,1.0,1.0,1.0,4,1.0,4,8
77.0,GERIATRI H3 C/GINS ROJO GEL CAPS BLIST X 10 CAJA X 30 CONA,9.0,,,,,,,,,,,,9,23,12.0,,2027-02-01,3.0,,2024-10-01,6.0,6.0,1.0,3.0,16,4.0,16,32
78.0,GINKO BILOBA+G BLIST X 10 CAJA X 50 GEL CAPS  CONAMEP,39.0,,,,,,,,,,,,39,41,2.0,,2027-02-01,1.0,1.0,2025-03-01,10.0,10.0,10.0,10.0,40,10.0,40,80
79.0,GINSENG JALEA REAL CAJA X 10 ML CAPLIN,1.0,,,,,,,,,,,,1,7,35.0,,2025-10-01,1.0,,2025-01-01,1.0,1.0,1.0,1.0,4,1.0,4,8
80.0,GLICITOS JBE FCO X 120 ML ,5.0,,,,,,,,,,,,5,9,19.0,,2027-09-01,2.0,,2025-02-01,2.0,1.0,2.0,2.0,7,1.75,7,14
81.0,GLUXICAM SOBRE CAJA X 14 (MELOXICAM + GLUCOS),14.0,,,,,,,,,,,,14,16,9.0,,2026-04-01,1.0,,2025-02-01,2.0,2.0,8.0,3.0,15,3.75,15,30
82.0,GRIIN VITAMIN LIQUIPACK SOBRE CAJA X 12 ,1.0,,,,,,,,,,,,1,7,75.0,,2026-02-01,2.0,2.0,2025-03-01,1.0,1.0,1.0,1.0,4,1.0,4,8
83.0,GUAYATOS FCO X 120 ML ,4.0,,,,,,,,,,,,4,26,13.0,,2028-05-01,17.0,16.0,2025-03-01,5.0,3.0,3.0,4.0,15,3.75,15,30
84.0,HIDROCLOROTIAZIDA 50 MG BLIST X 10 CAJA X 100 CAPLIN ,13.0,1.0,,,,,,,,,,,12,4,5.0,,2027-04-01,0.0,,2025-01-01,2.0,1.0,4.0,1.0,8,2.0,8,16
85.0,IBUPROFEN 400 MGS BLISTER X 10  CAJA X 100 ARGUS ,14.0,,,,,,,1.0,,,,,13,1,4.0,,2027-07-01,0.0,,2025-02-01,2.0,2.0,2.0,1.0,7,1.75,7,14
86.0,IBUPROFEN 600 MGS BLISTER X 10 CAJA X 100  ARGUS,20.0,,1.0,,,,,1.0,,,1.0,,17,39,5.0,,2026-12-01,3.0,2.0,2025-03-01,10.0,5.0,10.0,3.0,28,7.0,28,56
87.0,IBUPROFEN 800 MGS BLISTER X 10 CAJA X 100 ARGUS,24.0,,1.0,,,1.0,2.0,,,,,,20,34,7.0,,2026-10-01,5.0,4.0,2025-03-01,7.0,7.0,9.0,4.0,27,6.75,27,54
88.0,IBUWIN 400 GEL CAPS BLIST X 10  CAJA X 50,83.0,,,,,,10.0,,,,,,73,7,1.0,,2026-12-01,1.0,,2025-02-01,10.0,10.0,10.0,10.0,40,10.0,40,80
89.0,IBUWIN 600 GEL CAPS BLIST X 10 CAJA X 100 ,124.0,,,,,,,,20.0,10.0,,,94,22,1.4,BENDI,2026-04-01,0.0,,2024-10-01,15.0,3.0,10.0,30.0,58,14.5,58,116
90.0,IBUWIN FORTE  GEL CAPS BLIST X 10  CAJA X 100 ,10.0,1.0,,,,,,,1.0,1.0,1.0,,6,16,20.0,,2026-12-01,3.0,,2025-01-01,1.0,4.0,2.0,4.0,11,2.75,11,22
91.0,IRBERSA+HIDRO 300/25 BLIST X 10 CAJ X 30 CAPLIN,4.0,,,,,,,,,,,,4,4,61.0,,2026-05-01,0.0,,2025-02-01,1.0,1.0,1.0,1.0,4,1.0,4,8
92.0,IRBERSARTAN 150 MG BLIST X 10 CAJA X 30CAPLIN,3.0,,,,,,,,,,,,3,9,39.6,,2027-01-01,0.0,1.0,2025-03-01,3.0,1.0,1.0,1.0,6,1.5,6,12
93.0,IRBERSARTAN 300MG BLIST X 10 CAJA X 30 CAPLIN,6.0,,,3.0,,,,,,,,,3,13,42.0,,2027-01-01,0.0,1.0,2025-03-01,1.0,1.0,3.0,3.0,8,2.0,8,16
94.0,JERINGA 10 ML 21 X 1 1/2 CAJA X 100,0.0,,,,,,,,,,,,0,12,1.5,,,,,,,,,6.0,6,1.5,6,12
95.0,JERINGA 10 ML 22 X 1 1/2 CAJA X 100,67.0,,,,,,,,,,,,67,5,1.5,,2029-06-01,0.0,,2025-01-01,19.0,8.0,5.0,4.0,36,9.0,36,72
96.0,JERINGA 3 ML 21 X1 1/2 DIFASA CAJA X 100,66.0,,,,,,,,,,,,66,-46,1.0,,,0.0,,2021-01-01,1.0,6.0,1.0,2.0,10,2.5,10,20
97.0,JERINGA 3 ML 22 X1 1/2 SUM SHIN CAJA X 100,55.0,,,1.0,,,,,,,2.0,,52,-8,1.0,COIDE,2028-09-01,0.0,,2025-01-01,12.0,6.0,1.0,3.0,22,5.5,22,44
98.0,JERINGA 3 ML 23 X 1 1/4 THERFAM CAJA X 100,116.0,,,,,,,,,,,,116,-100,1.0,,2029-08-01,0.0,,2024-11-01,1.0,3.0,3.0,1.0,8,2.0,8,16
99.0,JERINGA 3ML 23X1 1/12 DIFASA CAJA X 100,87.0,,,,,,,,,,,,87,-45,1.0,,2028-08-01,1.0,,2024-11-01,5.0,5.0,9.0,2.0,21,5.25,21,42
100.0,JERINGA 5 ML 22 X 1 1/2 CAJA X 100,123.0,,4.0,5.0,1.0,1.0,1.0,,2.0,1.0,3.0,,105,67,1.0,COIDE,2026-09-01,3.0,1.0,2025-03-01,21.0,35.0,12.0,18.0,86,21.5,86,172
101.0,KETOCONAZOL CREMA 15 GM ARGUS CAPLIN,2.0,,,,,,1.0,,,,,,1,7,10.0,,2026-10-01,1.0,,2025-02-01,1.0,1.0,1.0,1.0,4,1.0,4,8
102.0,KETOROLACO 20 MG BLIST X 10 CAJA X 50,74.0,,,,,,10.0,,,,,,64,30,2.0,,2025-10-01,4.0,,2024-08-01,20.0,6.0,11.0,10.0,47,11.75,47,94
103.0,KLORPROSIN  (CLONIS+PRO)  BLIST X 10 CAJA X 100,80.0,,,,,,,,,,,,80,-40,1.4,,2026-11-01,0.0,,2024-08-01,2.0,2.0,10.0,6.0,20,5.0,20,40
104.0,KLORPROSIN KIT INY X UNIDAD,1.0,,,,,,,,,,,,1,7,25.0,,2027-02-01,1.0,1.0,2025-03-01,1.0,1.0,1.0,1.0,4,1.0,4,8
105.0,KOLICON 15 ML ,1.0,,,,,,,,,,,,1,7,27.0,,2026-07-01,0.0,,2023-11-01,1.0,1.0,1.0,1.0,4,1.0,4,8
106.0,LANSOPRAZOL 30MG BLIS X 10 CAJA X 100 ARGUS ,18.0,2.0,1.0,1.0,1.0,3.0,,,2.0,,,,8,96,9.0,,2027-06-01,5.0,6.0,2025-03-01,14.0,23.0,5.0,10.0,52,13.0,52,104
107.0,LEVOCETIRIZINA 5 MG  CAJA X 10 TAB ,37.0,,,,,,,,,,4.0,,33,55,1.5,,2025-10-01,3.0,6.0,2025-03-01,10.0,10.0,20.0,4.0,44,11.0,44,88
108.0,LEVOGASTRIC CAJA X 30 BLISTER X 5 ,6.0,,,,,,,,,,,,6,24,13.0,,2026-03-01,4.0,,2025-03-01,5.0,6.0,2.0,2.0,15,3.75,15,30
109.0,LORATADINA 10MG  BLISTX 10 TABS CAPLIN CAJA X 100,11.0,,,,,,,,,,,,11,7,5.0,,2027-03-01,0.0,,2025-02-01,1.0,1.0,3.0,4.0,9,2.25,9,18
110.0,LORATADINA 10MG X BLIS X 20 CAJA X 100 SELEC,22.0,,2.0,,,,,,,,2.0,,18,24,8.0,,2028-08-01,6.0,4.0,2025-03-01,7.0,3.0,7.0,4.0,21,5.25,21,42
111.0,LORATADINA 5 MG JBE SELEC ,3.0,,,,,,,,,,,,3,7,15.0,,2027-06-01,0.0,,2024-12-01,2.0,1.0,1.0,1.0,5,1.25,5,10
112.0,LUBRICANTE VIVE 120 ML NATURAL,2.0,,1.0,,,,,,,,,,1,5,40.0,,2028-02-01,1.0,2.0,2025-03-01,1.0,,1.0,1.0,3,0.75,3,6
113.0,LUBRICANTE VIVE 120 ML S. FRESA,1.0,,,,,,,,,,,,1,1,40.0,,2025-11-01,0.0,,2024-05-01,,,1.0,,1,0.25,1,2
114.0,MAGNESIO LIVE VIT C CAJA X 18 SOBRES ,21.0,,,,,1.0,,,,,,,20,-6,15.0,,2027-03-01,0.0,,2025-02-01,3.0,1.0,2.0,1.0,7,1.75,7,14
115.0,METFORMINA 1 GM BLIST X 10 CAJA X 100 CAPLIN,10.0,,,,,1.0,,,,,,,9,5,10.0,,2026-04-01,0.0,,2025-02-01,1.0,3.0,2.0,1.0,7,1.75,7,14
116.0,METFORMINA 1G BLIST X10 TAB CAJA X 100 INFASA,10.0,,1.0,,1.0,,,,3.0,,,,5,15,12.0,,2027-10-01,2.0,,2025-02-01,3.0,1.0,1.0,5.0,10,2.5,10,20
117.0,METFORMINA 850 MG BLIST X 10 CAJA X 100 CAPLIN,6.0,1.0,,,,,,,,,,,5,7,6.0,,2025-11-01,0.0,,2024-12-01,2.0,1.0,2.0,1.0,6,1.5,6,12
118.0,METFORMINA 850 MG BLIST X 10 TAB INFASA,9.0,,,,,,,,,,1.0,,8,12,7.0,,2027-08-01,1.0,1.0,2025-03-01,3.0,3.0,3.0,1.0,10,2.5,10,20
119.0,METOCARBAMOL BLIST X 10 CAJA X 100 CAPLIN,7.0,,,,,,,,,,,,7,3,8.0,,2027-05-01,0.0,,2025-01-01,1.0,1.0,1.0,2.0,5,1.25,5,10
120.0,METOCARBAMOL BLIST X 10 CAJA X 100 SELECT,14.0,1.0,,,,,,,,,,,13,-3,8.0,,2027-04-01,0.0,1.0,2025-03-01,2.0,1.0,1.0,1.0,5,1.25,5,10
121.0,NAFASOLINA .025% DE 15 ML,2.0,,,,,,,,,,,,2,0,19.0,,2026-03-01,0.0,,2024-08-01,,1.0,,,1,0.25,1,2
122.0,NAPROLIV  (NAPROXENO  550 MG) CAJA X 50 BLIST X 10,3.0,,,,,,,,,,,,3,5,17.0,,2028-07-01,1.0,,2025-01-01,1.0,1.0,1.0,1.0,4,1.0,4,8
123.0,NAPROXENO 550 MG BLIST X 10 CAJA X 100 CAPLIN/ARGUS,11.0,,,,,,,,,,,,11,3,15.0,,2027-04-01,0.0,1.0,2025-03-01,1.0,2.0,3.0,1.0,7,1.75,7,14
124.0,NASOLIN GOTAS 15 ML  MEDIPROD,2.0,,,,,,,,,,,,2,6,32.0,,2027-09-01,1.0,,2024-07-01,1.0,1.0,1.0,1.0,4,1.0,4,8
125.0,NEUROTROPAS GEL CAPS CAJA X 50 BLIST X 10 CONAMEP,65.0,,,,,,,,,,,,65,55,1.5,,2026-04-01,0.0,1.0,2025-03-01,10.0,30.0,10.0,10.0,60,15.0,60,120
126.0,NISTATINA 30ML GOTAS SELEC,3.0,,,,,,,,,,,,3,7,18.0,,2027-10-01,0.0,2.0,2025-03-01,1.0,1.0,2.0,1.0,5,1.25,5,10
127.0,NISTATINA CREMA SELEC,1.0,,,,,,,,,,,,1,1,19.0,ROSADEL,2027-09-01,0.0,,2024-12-01,,,,1.0,1,0.25,1,2
128.0,NISTATINA SUSPENSION  30 ML CAPLIN ,2.0,,,,,,,,,,,,2,6,15.0,,2027-05-01,0.0,1.0,2025-03-01,1.0,1.0,1.0,1.0,4,1.0,4,8
129.0,NITASEL NITAXOZANIDA 100MG/5ML SUS SELEC ,3.0,,,,,,,,,,,,3,9,45.0,,2027-03-01,3.0,3.0,2025-03-01,1.0,2.0,2.0,1.0,6,1.5,6,12
130.0,NITASEL NITAZOXANIDA 500MG X6TAB SELECT,8.0,,,,,,,,,,,,8,8,32.0,,2026-08-01,12.0,6.0,2025-03-01,1.0,2.0,1.0,4.0,8,2.0,8,16
131.0,OMEPRAZOL 20 MG BLISTER X 10 ARGUS CAJA X 100,6.0,,,,,,,,,,,,6,10,5.0,,2027-04-01,1.0,1.0,2025-03-01,4.0,2.0,1.0,1.0,8,2.0,8,16
132.0,PENETRACINA 3 CREMA 15 GR MEDIPROD,2.0,,,,,,,,,,,,2,6,49.0,,2025-09-01,0.0,,2024-01-01,1.0,1.0,1.0,1.0,4,1.0,4,8
133.0,PODOFILINA 25% X 5 ML F QUIMICA,1.0,,,,,,,,1.0,,,,0,8,52.0,,2026-01-01,0.0,,2025-01-01,1.0,1.0,1.0,1.0,4,1.0,4,8
134.0,PREDNISONA 50MG BLISTER X 10 SELEC CAJA X 100,22.0,,1.0,,,,,,,,,,21,5,4.2,,2027-04-01,0.0,,2024-10-01,1.0,1.0,10.0,1.0,13,3.25,13,26
135.0,PRENATALES (MULTIVI+MINERA) GEL CAPS KURANTIS ,1.0,,,,,,,,,,,,1,15,10.0,,2026-04-01,0.0,,2024-02-01,4.0,1.0,2.0,1.0,8,2.0,8,16
136.0,PRENATALES PLUS 6 BLIS X 5 CAJA X 30 CAP CONAMEP,12.0,,,,,,,,,4.0,,,8,36,11.0,,2027-08-01,3.0,1.0,2025-03-01,10.0,4.0,4.0,4.0,22,5.5,22,44
137.0,PROSTALINE CAJA X 30 BLISTER X 10 CAP,3.0,,,,,,,,,,,,3,-3,20.0,,2026-08-01,0.0,,2024-12-01,,,,,0,0.0,0,0
138.0,PRUDENCE ANILLOS Y PUNTOS CAJA X 3 PERSERVATIVOS,1.0,,,,,,,,,,,,1,5,25.0,,2027-10-01,0.0,,2024-12-01,,,2.0,1.0,3,0.75,3,6
139.0,"PRUDENCE CAJA X 3   MENTA, FRESA,CHOCOLATE,UVA",5.0,,,,,,,,,,,,5,7,24.0,,2027-11-01,0.0,,2024-08-01,1.0,1.0,1.0,3.0,6,1.5,6,12
140.0,PRUDENCE CLASICO SOBRE X 3 PERSERVATIVO,1.0,,,,,,,,,,,,1,1,20.0,,2028-05-01,0.0,,2024-09-01,,,,1.0,1,0.25,1,2
141.0,PRUDENCE RETARDANTE SOBRE X 3 PERSERVATIVOS ,1.0,,,,,,,,,,,,1,1,35.0,,2027-02-01,0.0,,2024-09-01,,1.0,,,1,0.25,1,2
142.0,PRUDENCE SENSITIVE SOBRE X 3 PERSERVATIVOS ,1.0,,,,,,,,,,,,1,-1,27.0,,2026-10-01,0.0,,2024-09-01,,,,,0,0.0,0,0
143.0,RELAX PLUS CAJA X 30 CAPS BLIST X 10 CONAMEP,68.0,,,,10.0,,,,,10.0,2.0,,46,122,1.5,,2027-06-01,4.0,3.0,2025-03-01,30.0,20.0,12.0,22.0,84,21.0,84,168
144.0,SAL INGLESA SOBRE X 25 VESA,34.0,,5.0,,,,,,,3.0,,,26,20,1.0,,2027-11-01,0.0,,2025-03-01,1.0,11.0,3.0,8.0,23,5.75,23,46
145.0,SECNIDAZOL 125 MG SUSP FCO X 30 ML,2.0,,,,,,,,,,,,2,4,23.0,,2025-06-01,0.0,,2023-09-01,,1.0,1.0,1.0,3,0.75,3,6
146.0,SECNIDAZOL 500 MG X 4 TAB ARGUS,5.0,,,,,,,,,,,,5,5,9.0,,2026-06-01,7.0,,2025-02-01,1.0,1.0,2.0,1.0,5,1.25,5,10
147.0,SECNIDAZOL 500 MG X 4 TAB CAPLIN,3.0,,,,,,,,,,,,3,5,9.0,,2026-08-01,0.0,,2024-07-01,1.0,1.0,1.0,1.0,4,1.0,4,8
148.0,SECNIDAZOL SUSP 125 MG 5ML CAPLIN ,3.0,,,,,,,,,,,,3,7,20.0,,2026-07-01,0.0,,2024-06-01,1.0,1.0,2.0,1.0,5,1.25,5,10
149.0,SEGURA PLUS ,2.0,,,,,,,,,,,,2,6,23.0,,2029-02-01,5.0,,2025-02-01,1.0,1.0,1.0,1.0,4,1.0,4,8
150.0,SENOSIDOS  CAJA X 30 BLIST X 10 CONAMEP,73.0,,,,,,,,,,,,73,87,1.0,,2026-08-01,4.0,4.0,2025-03-01,50.0,10.0,10.0,10.0,80,20.0,80,160
151.0,SOSTENGO SILDENAFIL 100MG CAJA X 24 SOB Y CAJITA X 2 TAB,6.0,,1.0,,1.0,,1.0,1.0,2.0,,,,0,32,10.0,,2027-01-01,0.0,,2025-01-01,4.0,2.0,4.0,6.0,16,4.0,16,32
152.0,SPASMOCLOR (CLORDIA+BROM DE CLID) BLISX 20 CJA X 100,107.0,,,,,,,,,,,,107,141,1.6,,2026-01-01,0.0,,2024-07-01,40.0,24.0,20.0,40.0,124,31.0,124,248
153.0,SPORT GEL FORTE 30 GRS,1.0,,,,,,,,,,,,1,7,20.0,,2027-01-01,1.0,,2024-08-01,1.0,1.0,1.0,1.0,4,1.0,4,8
154.0,SULFATO DE SODA X 16 SOBRES DISFAVIL,0.0,,,,,,,,,,,,0,0,0.5,,,,,,,,,,0,0.0,0,0
155.0,SULFATO FERROSO 350 MG BLIST X 10 SELEC,10.0,,,,,,,,,,,,10,-2,3.0,,2027-07-01,0.0,1.0,2025-03-01,1.0,1.0,1.0,1.0,4,1.0,4,8
156.0,SUPOSITORIOS ACETAMINF 300MG CAPLIN,2.0,,,,,,,,,,,,2,20,3.0,,2025-09-01,0.0,,2023-04-01,3.0,3.0,3.0,2.0,11,2.75,11,22
157.0,TELMISARTAN 80 MG CAJA X 30 BLIST X 10,6.0,,,,,,,,,,,,6,36,44.0,,2026-06-01,6.0,4.0,2025-03-01,9.0,3.0,3.0,6.0,21,5.25,21,42
158.0,TETRACICLINA 500 MG BLISTER X 10 CAJA X 100,14.0,1.0,5.0,,1.0,,,,,,,,7,15,7.0,ROSADEL,2027-06-01,1.0,1.0,2025-03-01,1.0,1.0,2.0,7.0,11,2.75,11,22
159.0,TRIMETOSE VIJOSA 120ML JARABE,4.0,,,,,,,,,,,,4,6,35.0,,2027-07-01,3.0,,2025-02-01,1.0,1.0,1.0,2.0,5,1.25,5,10
160.0,"TRIPLE C FLUID CAJA X 30 SOBRES (ACETIL,PIRIDOXINA, VIT C)",7.0,,,,,,,,,,,,7,35,15.0,,2026-09-01,0.0,,2024-09-01,10.0,1.0,10.0,,21,5.25,21,42
161.0,UNAL (ANTICOCEP MENS) INYEC PIERSAN,2.0,,,,,,,,,,,,2,8,36.0,,2027-08-01,8.0,,2025-02-01,1.0,1.0,2.0,1.0,5,1.25,5,10
162.0,UNIACT KIT (medroxiprogesterona 150m) CA,2.0,,,,,,,,,,,,2,6,60.0,,2025-11-01,0.0,,2024-07-01,1.0,1.0,1.0,1.0,4,1.0,4,8
163.0,VIRO GRIP AM SOBRE X 2 GEL CAP CAJA X 24,35.0,1.0,,,,,,,,,,,34,96,5.0,,2026-06-01,4.0,3.0,2025-03-01,21.0,29.0,14.0,1.0,65,16.25,65,130
164.0,VIRO GRIP GRIPE Y TOS JBE 120 ML,0.0,,,,,,,,,,,,0,0,35.0,COIDE,,,,,,,,,0,0.0,0,0
165.0,VIRO GRIP PM SOBRE X 2 GEL CAP CAJA X 24,47.0,1.0,,,,,,1.0,,,2.0,,43,59,5.0,,2026-06-01,7.0,3.0,2025-03-01,18.0,18.0,11.0,4.0,51,12.75,51,102
166.0,VIROGRIP NF LIMON POLVO AM X 24 SOBRES,31.0,,2.0,,,,,,,,,,29,-13,5.0,,2026-02-01,1.0,,2024-11-01,2.0,3.0,1.0,2.0,8,2.0,8,16
167.0,VIROGRIP NF LIMON POLVO PM X 24 SOBRES,19.0,,,,,,,,,,,,19,5,5.0,COIDE,2026-04-01,0.0,1.0,2025-03-01,1.0,4.0,5.0,2.0,12,3.0,12,24
168.0,VITAMINA K AMPOLLA SELEC,7.0,,,,,,,,,,,,7,9,8.0,,2027-07-01,0.0,,2025-02-01,1.0,2.0,1.0,4.0,8,2.0,8,16
169.0,VITAMINAS PARA DIABETICOS CAJA X 30  BLIST X 10 GELCAPS,4.0,,,,,,,,,,,,4,22,25.0,,2026-06-01,0.0,,2023-04-01,1.0,9.0,2.0,1.0,13,3.25,13,26
170.0,WARFARINA 5 MG BLIST X 10 ,20.0,,,,,,,,,,,,20,22,2.5,,2026-07-01,0.0,,2024-12-01,1.0,10.0,,10.0,21,5.25,21,42
171.0,ZETAWIN FORTE 1G CAJA X 20 TAB BLIST X 10,9.0,,,,,,,,,,,,9,7,5.7,,2026-06-01,0.0,,2024-08-01,,,4.0,4.0,8,2.0,8,16
172.0,ZINC 15 MG GEL BLISTER X 10  CAJA X 50,7.0,,,,,,,,,,,,7,5,7.0,,2027-08-01,0.0,,2025-01-01,1.0,1.0,3.0,1.0,6,1.5,6,12
173.0,ZINC 20 MG CAJA X 100  BLIST X 10 TAB CAPLIN,8.0,,,,,3.0,,,,,,,5,9,5.0,,2025-06-01,0.0,,2024-03-01,1.0,1.0,2.0,3.0,7,1.75,7,14
174.0,ZINKVANZ (ZINC)10MG/5ML JBE 120ML SEVEN ,1.0,,,,,,,,,,,,1,5,69.0,,2027-07-01,1.0,,2025-01-01,,1.0,1.0,1.0,3,0.75,3,6
175.0,ZORRITONE JARABE 120 ML ,2.0,,,,,,,,,,,,2,6,33.0,,2027-02-01,0.0,,2025-01-01,1.0,1.0,1.0,1.0,4,1.0,4,8
176.0,,,,,,,,,,,,,,0,0,,,,,,,,,,,0,0.0,0,0
,,,,,,,,,,,,,,0,0,,,,,,,,,,,0,0.0,0,0
