No,ARTICULO   TIAENDA,EXISTENCIA,COSTO,PP,%,TOTAL COSTO,TOTAL PP
1,ACEITE DE COCO  SAN LUCAS 450 ML,2.0,40.0,65.0,0.38461538461538464,80.0,130.0
2,ACETONA 100 ML DAROSA,3.0,4.33,9.0,0.5188888888888888,12.99,27.0
3,ACETONA 60 ML DAROSA,4.0,3.0,5.0,0.4,12.0,20.0
4,ALMENDRA ENTERA BOLSITA,4.0,4.65,10.0,0.5349999999999999,18.6,40.0
5,ALMENDRA RAYADA BOLSITA,6.0,6.16,10.0,0.384,36.96,60.0
6,ARANDANOS BOLSA,3.0,5.0,10.0,0.5,15.0,30.0
7,BATERIA RAYOVAC DOBLE A X 6,6.0,3.34,5.5,0.39272727272727276,20.04,33.0
8,BATERIA RAYOVAC TRIPLE A X 6,6.0,2.5,5.5,0.5454545454545454,15.0,33.0
9,BLOQUADOR SOLAR RADICAL F60 120 GRS,1.0,47.5,80.0,0.40625,47.5,80.0
10,BLOQUEADOR INSIGNIS SOLAR 70 GRS,3.0,17.0,30.0,0.43333333333333335,51.0,90.0
11,CHICLE TRIDENT,8.0,5.45,10.0,0.45499999999999996,43.6,80.0
12,CHICLES BUBA BUBA METRO,2.0,8.32,14.0,0.4057142857142857,16.64,28.0
13,CHISPITAS DE CHOCOLATES ,4.0,6.0,12.0,0.5,24.0,48.0
14,CHOCOLATE HERSHEYS BLANCO PEQ,19.0,1.01,1.5,0.32666666666666666,19.19,28.5
15,CHOCOLATES KISSES ,4.0,3.33,5.0,0.33399999999999996,13.32,20.0
16,CORTA UÑAS CORONA MEDIANA CAJA X 12,8.0,3.08,16.0,0.8075,24.64,128.0
17,CREMA BABY HERER 8 ONZ,1.0,8.75,14.0,0.375,8.75,14.0
18,CREMA DIABETEX  TX 400 ML,1.0,60.0,98.0,0.3877551020408163,60.0,98.0
19,CREMA GOICOCHEA ARNICA Y MANZANAILLA 400 ML,0.0,40.0,68.0,0.4117647058823529,0.0,0.0
20,CREMA GOICOCHEA DOBLE MENTOL,0.0,45.0,73.0,0.3835616438356164,0.0,0.0
21,CREMA GOICOCHEA GINKO BILOBA 400 ML,1.0,40.0,68.0,0.4117647058823529,40.0,68.0
22,CREMA GOICOCHEA SERUM PIEL DESHIDRATADA 400 ML,1.0,40.0,68.0,0.4117647058823529,40.0,68.0
23,CREMA GOICOCHEA SERUM PIEL SECA 400 ML,0.0,40.0,68.0,0.4117647058823529,0.0,0.0
24,CREMA LUBRIDERM 400 ML AZUL,1.0,30.0,58.0,0.4827586206896552,30.0,58.0
25,CREMA LUBRIDERM 400 ML DORADA,1.0,40.0,63.0,0.36507936507936506,40.0,63.0
26,CREMA LUBRIDERM 400 ML MORADA,1.0,42.0,69.0,0.391304347826087,42.0,69.0
27,CREMA LUBRIDERM 400 ML PIEL SENSIBLE,1.0,35.0,58.0,0.39655172413793105,35.0,58.0
28,CREMA LUBRIDERM 400 ML ROSADA,1.0,30.0,58.0,0.4827586206896552,30.0,58.0
29,CREMA LUBRIDERM 750 ML DORADA ,1.0,75.0,121.0,0.38016528925619836,75.0,121.0
30,CREMA LUBRIDERM MORADA LT,1.0,90.0,137.0,0.34306569343065696,90.0,137.0
31,CREMA NIVEA 400 ML  MILK,1.0,30.0,49.0,0.3877551020408163,30.0,49.0
32,CREMA NIVEA 400 ML EXPRESS HYDRATATION,1.0,25.0,42.0,0.40476190476190477,25.0,42.0
33,CREMA NIVEA 400 ML SOFT MILK,1.0,30.0,49.0,0.3877551020408163,30.0,49.0
34,CREMA NIVEA LATITA 20 ML ,12.0,4.5,8.0,0.4375,54.0,96.0
35,CREMA NIVEA LITRO AZUL,1.0,65.0,98.0,0.336734693877551,65.0,98.0
36,CREMA NIVEA LITRO AZUL,1.0,60.0,88.0,0.3181818181818182,60.0,88.0
37,CREMA NIVEA TARRO 400 ML,2.0,40.8,65.0,0.37230769230769234,81.6,130.0
38,DESODORANTE DEGREE H 76 GRS,3.0,23.6,35.0,0.3257142857142857,70.80000000000001,105.0
39,DESODORANTE DEGREE M 74 GRS,3.0,19.6,30.0,0.3466666666666666,58.800000000000004,90.0
40,DESODORANTE DOVE BARRA M 50 GRS,3.0,22.5,33.0,0.3181818181818182,67.5,99.0
41,DESODORANTE DOVE SPRAY 169 ML GRANADA,1.0,21.75,33.0,0.3409090909090909,21.75,33.0
42,DESODORANTE DOVE SPRAY 169 ML ORIGINAL,1.0,21.75,33.0,0.3409090909090909,21.75,33.0
43,DESODORANTE DOVE SPRAY 169 ML TONO UNIFOR,1.0,22.5,33.0,0.3181818181818182,22.5,33.0
44,DESODORANTE NIVEA ROLL-ON  EFECTO SATIN,1.0,10.08,16.0,0.37,10.08,16.0
45,DESODORANTE NIVEA ROLL-ON BEAUTY TOUCH,1.0,10.08,16.0,0.37,10.08,16.0
46,DESODORANTE NIVEA ROLL-ON PEARL & BEAUTY,1.0,10.08,16.0,0.37,10.08,16.0
47,DESODORANTE OLD SPICE 85 GRS,4.0,25.5,38.0,0.32894736842105265,102.0,152.0
48,DESODORANTE SECRET 73 GRS MUJER,2.0,20.0,32.0,0.375,40.0,64.0
49,DULCES   MENTA,3.0,2.94,5.0,0.41200000000000003,8.82,15.0
50,DULCES JOLLY RANCHER,3.0,3.29,5.0,0.34199999999999997,9.870000000000001,15.0
51,GATITO (TAMARINDO TAJIN) CAJA X 50,4.0,0.66,1.5,0.5599999999999999,2.64,6.0
52,GOMITAS  BOLITAS AZUCAR,4.0,2.5,5.0,0.5,10.0,20.0
53,GOMITAS  FRESITAS ,4.0,2.5,5.0,0.5,10.0,20.0
54,GOMITAS  HUEVITOS ,3.0,2.5,5.0,0.5,7.5,15.0
55,GOMITAS  MANGITOS ,3.0,2.5,5.0,0.5,7.5,15.0
56,GOMITAS CULEBRITAS ,4.0,2.5,5.0,0.5,10.0,20.0
57,GOMITAS DONITAS ,3.0,2.5,5.0,0.5,7.5,15.0
58,GOMITAS MORITAS,4.0,2.5,5.0,0.5,10.0,20.0
59,GOMITAS OSITOS ,3.0,2.5,5.0,0.5,7.5,15.0
60,GOMITAS TENYS,4.0,2.5,5.0,0.5,10.0,20.0
61,GOMITAS UNICORNIO,4.0,2.5,5.0,0.5,10.0,20.0
62,GOTAS PAPILLON BOLSA X 11,2.0,8.03,14.0,0.4264285714285715,16.06,28.0
63,HALLS CAJA X 12 SABORES NEGRO ,4.0,3.06,5.0,0.388,12.24,20.0
64,HALLS CAJA X 18 SABORES,9.0,2.25,4.0,0.4375,20.25,36.0
65,HILO DENTAL ORAL B,1.0,16.67,25.0,0.33319999999999994,16.67,25.0
66,HISOPOS X 100 ,8.0,1.4,5.0,0.72,11.2,40.0
67,JABON DOVE 135 GRS,2.0,10.0,15.0,0.3333333333333333,20.0,30.0
68,LASAR MIMO TUBO 120 GRS,2.0,15.0,25.0,0.4,30.0,50.0
69,LIMA PARA UÑAS,13.0,0.29,0.5,0.42000000000000004,3.7699999999999996,6.5
70,LIMONCHO 120 GRAMOS CAJA X 10 ,14.0,2.0,3.0,0.3333333333333333,28.0,42.0
71,LUCAS,17.0,2.98,5.0,0.404,50.66,85.0
72,MAMON LATEX UNIDAD,16.0,0.93,2.0,0.5349999999999999,14.88,32.0
73,MAMON SILICON UNIDAD,22.0,1.01,2.0,0.495,22.22,44.0
74,NUEZ DE NOGAL,4.0,5.5,12.0,0.5416666666666666,22.0,48.0
75,PACHA EVENFLO  Y BABY FARLIN 2 ONZ,1.0,8.34,13.0,0.3584615384615385,8.34,13.0
76,PACHA EVENFLO 8 ONZ,2.0,10.2,17.0,0.4,20.4,34.0
77,PACHA FIRTS ESSENTIAL 4 ONZ,2.0,11.0,18.0,0.3888888888888889,22.0,36.0
78,PACHA FIRTS ESSENTIAL 5 ONZ,2.0,10.0,16.0,0.375,20.0,32.0
79,PACHA MUM LOVE 3 ONZ,1.0,7.95,13.0,0.38846153846153847,7.95,13.0
80,PASTA DENTAL COLGATE  SENSITIVE 100 GR ORIG,1.0,30.0,53.0,0.4339622641509434,30.0,53.0
81,PASTA DENTAL COLGATE  SENSITIVE 100 GR PRO,1.0,33.0,53.0,0.37735849056603776,33.0,53.0
82,PASTA DENTAL SENSODYNE 113 GR,1.0,30.0,60.0,0.5,30.0,60.0
83,PEINE FINO,14.0,0.4,1.0,0.6,5.6000000000000005,14.0
84,PICAFRESAS BOLSA X 100,129.0,0.4,1.0,0.6,51.6,129.0
85,PROTECTOR DE LABIOS CAJA X 13 PRICESMART,3.0,7.31,13.0,0.4376923076923077,21.93,39.0
86,PROTECTORES  SENSATION  X 12,1.0,1.75,4.0,0.5625,1.75,4.0
87,PROTECTORES KOTEX X 20,2.0,7.0,12.0,0.4166666666666667,14.0,24.0
88,PROTECTORES KOTEX X 20 EXTRA LARGO,1.0,7.0,12.0,0.4166666666666667,7.0,12.0
89,PROTECTORES PANTI KOTEX X 44,1.0,11.67,18.0,0.3516666666666667,11.67,18.0
90,RELLENITOS MIX BOLSA X 80,38.0,0.56,1.0,0.43999999999999995,21.28,38.0
91,REPELENTE OFF CREMA FAMILIAR 200 ML,1.0,40.0,65.0,0.38461538461538464,40.0,65.0
92,REPELENTE OFF LIQUIDO 177 ML,1.0,35.0,50.0,0.3,35.0,50.0
93,REPELENTE OFF SPRAY 170 GRS,1.0,44.0,65.0,0.3230769230769231,44.0,65.0
94,RING POP,6.0,3.08,5.0,0.384,18.48,30.0
95,SHAMPOO JOHNSON 200 ML,1.0,20.0,35.0,0.42857142857142855,20.0,35.0
96,SHAMPOO JOHNSON 400 ML,2.0,33.0,55.0,0.4,66.0,110.0
97,SHAMPOO JOHNSON 400 ML MANZANILLA,0.0,47.5,72.0,0.3402777777777778,0.0,0.0
98,SHAMPOO TIO NACHO 415 ML ACLARANTE,1.0,36.0,61.0,0.4098360655737705,36.0,61.0
99,SHAMPOO TIO NACHO 415 ML ANTI EDAD,1.0,38.0,61.0,0.3770491803278688,38.0,61.0
100,SHAMPOO TIO NACHO 415 ML ENGROSADOR,1.0,38.0,61.0,0.3770491803278688,38.0,61.0
101,SHAMPOO TIO NACHO 415 ML HERBOLARIA,2.0,38.0,61.0,0.3770491803278688,76.0,122.0
102,SHAMPOO TIO NACHO ALOE 415 ML,1.0,38.0,61.0,0.3770491803278688,38.0,61.0
103,SHAMPOO TIO NACHO COCO 415 ML,1.0,38.0,61.0,0.3770491803278688,38.0,61.0
104,SHAMPOO TIO NACHO FRUTOS ROJOS 415 ML,1.0,36.0,61.0,0.4098360655737705,36.0,61.0
105,SHAMPOO TIO NACHO GINSENG 415 ML,1.0,38.0,61.0,0.3770491803278688,38.0,61.0
106,SHAMPOO TIO NACHO PURIF CEL MADRES 415 ML,1.0,38.0,61.0,0.3770491803278688,38.0,61.0
107,SPLENDA BOLSA DE 100,5.0,19.5,30.0,0.35,97.5,150.0
108,SPLENDA BOLSA DE 50,3.0,9.75,16.0,0.390625,29.25,48.0
109,STEVIA BOLSA X 100,2.0,13.0,22.0,0.4090909090909091,26.0,44.0
110,STEVIA BOLSA X 50,2.0,6.5,12.0,0.4583333333333333,13.0,24.0
111,SWEETENER BOLSA X 100,4.0,8.5,15.0,0.43333333333333335,34.0,60.0
112,SWEETENER BOLSA X 50,5.0,4.25,8.0,0.46875,21.25,40.0
113,TINTES,23.0,24.0,41.0,0.4146341463414634,552.0,943.0
114,TOALLA HUMEDA FAMILY CHOICE,3.0,8.6,13.0,0.3384615384615385,25.799999999999997,39.0
115,TOALLA SABA BUENAS NOCHES 8,4.0,8.13,14.0,0.4192857142857142,32.52,56.0
116,TOALLA SABA BUENAS NOCHES X 11,0.0,8.96,14.0,0.35999999999999993,0.0,0.0
117,TOALLA SABA INVISIBLE BUENOS DIAS ,2.0,9.166,15.0,0.3889333333333333,18.332,30.0
118,TOALLAS FACIAL SWISSPERS X 100,1.0,17.5,28.0,0.375,17.5,28.0
119,VASELINA BLANCA BEBE JALOMA 60 GRS,1.0,7.0,12.0,0.4166666666666667,7.0,12.0
120,,,,,,,
121,,,,,,3881.6019999999994,6610.0
122,,,,,,,
123,,,,,,,2728.3980000000006
124,,,,,,,0.4127682299546143
125,,,,,,,
126,,,,,,,
127,,,,,,,
128,,,,,,,
129,,,,,,,
130,,,,,,,
131,,,,,,,
132,,,,,,,
