No,ARTICULO   BENDICION,EXISTENCIA,COSTO,PP,%,TOTAL COSTO,TOTAL PP
1,ACETAMINOFEN MK GOTAS FCO 30 ML,4.0,18.0,31.0,0.41935483870967744,72.0,124.0
2,ACETAMINOFEN MK JBE NIÑOS 120 MG X 60 ML ,2.0,18.3,32.0,0.428125,36.6,64.0
3,ALGODÓN ROLLO LIBRA,1.0,25.3,45.0,0.43777777777777777,25.3,45.0
4,ALKA  AD CAJA X 72,41.0,0.56,2.0,0.72,22.96,82.0
5,ANADENT CAJA  X 100 BLIST X 4,99.0,1.3,2.25,0.4222222222222222,128.70000000000002,222.75
6,ARTRI AJO KING  X 100 TAB,1.0,50.3,85.0,0.4082352941176471,50.3,85.0
7,ARTRI KING CAJA X 100 TABS,1.0,50.3,85.0,0.4082352941176471,50.3,85.0
8,ARTRIBION FORTE FCO X 100 TABS,1.0,20.3,40.0,0.4925,20.3,40.0
9,ARTRIBION VITAMINADO BLIST X 4 CAJA X 20 SOBRES,22.0,3.25,5.0,0.35,71.5,110.0
10,AXTAR CEFTRIAXONA 1 G,3.0,30.0,60.0,0.5,90.0,180.0
11,BARMICIL  TUBO 40 GRS,6.0,13.0,26.0,0.5,78.0,156.0
12,BETA 2 PAN KIT AMPOLLA,5.0,37.3,63.0,0.407936507936508,186.5,315.0
13,BISMUTO X 100 U,96.0,0.2,0.75,0.7333333333333334,19.200000000000003,72.0
14,BROMHEXINA 120 ML JBE SELEC (EXIFLEM),6.0,7.0,12.0,0.4166666666666667,42.0,72.0
15,BRONCUROL JBE 120 ML,3.0,12.3,30.0,0.59,36.900000000000006,90.0
16,BUSCAPINA COMPUESTA BLISTER X 12 CAJA X 24,33.0,0.43,2.5,0.828,14.19,82.5
17,BUTAZOLIDINA BLIS X 10 CAJA X 100 SANDOZ,9.0,2.5,10.0,0.75,22.5,90.0
18,CALCIO + MAGNESIO VESA FCO X 100 GELCAPS,1.0,38.3,68.0,0.436764705882353,38.3,68.0
19,CANESTEN EXTRA ,2.0,15.0,45.0,0.6666666666666666,30.0,90.0
20,CARDIOASPIRINA 81 MG X 30 TAB FCO,4.0,32.3,65.0,0.5030769230769231,129.2,260.0
21,CEFTRIAXONA 1GR+LIDOC KIT PROMEGAL,4.0,11.3,20.0,0.43499999999999994,45.2,80.0
22,CENTRUM HOMBRE CAJA X 60,1.0,30.3,80.0,0.6212500000000001,30.3,80.0
23,CENTRUM KIDS ,1.0,30.3,80.0,0.6212500000000001,30.3,80.0
24,CENTRUM MUJER  CAJA X 60,1.0,30.3,80.0,0.6212500000000001,30.3,80.0
25,CENTRUM SILVER CAJA X 60 CAPS,1.0,30.0,80.0,0.625,30.0,80.0
26,CITRATO DE POTASIO Y MAGNESIO CAJA X 60 CAPS ,1.0,65.0,110.0,0.4090909090909091,65.0,110.0
27,COBALEX 10 ML  VIAL VIJOSA (CIANOCOBALAMINA) ,8.0,8.66,17.0,0.49058823529411766,69.28,136.0
28,CODERPINA 10 MG BLIST X 10 TAB FRYSIA CAJA X 20,47.0,1.75,2.8,0.37499999999999994,82.25,131.6
29,COLAGENO FCO X 100 TABS,0.0,20.3,40.0,0.4925,0.0,0.0
30,COLAGENO+ACIDO HIALURONICO VESA FCO X 100 GELCAPS,1.0,40.3,68.0,0.40735294117647064,40.3,68.0
31,COLECTOR DE HECES GRANDE,10.0,1.95,4.0,0.5125,19.5,40.0
32,COLITRAN BLIST X 10 CAJA X 100,165.0,1.95,3.2,0.39062500000000006,321.75,528.0
33,COMPLEBEN INYECTADO CAJA X 7,1.0,20.3,68.0,0.7014705882352942,20.3,68.0
34,COMPLEJO B  VIAL 10 ML BONIN,14.0,5.3,10.0,0.47000000000000003,74.2,140.0
35,CONMEL (DIPIRONA) CAJA X 100 BLISTER X 4,89.0,0.6,1.13,0.4690265486725663,53.4,100.57
36,CRANBERRY X 100 VESA ,1.0,35.0,68.0,0.4852941176470588,35.0,68.0
37,CROMATONBIC FERRO CAJA X 10 AMP BEBIBLES,1.0,85.3,142.0,0.39929577464788735,85.3,142.0
38,CURITAS CAJA X 100 CUREFAST,1.0,10.0,17.0,0.4117647058823529,10.0,17.0
39,CYTOTTEC CAJA X 28 TAB BLIST X 14 TAB SUBLINGUAL,2.0,200.3,350.0,0.42771428571428566,400.6,700.0
40,DAYAMINERAL FCO 240 ML,1.0,15.3,110.0,0.860909090909091,15.3,110.0
41,DEKA C ADULTO CAJA X 3 AMPOLLAS ,5.0,15.3,29.0,0.4724137931034483,76.5,145.0
42,DEKA C INFANTIL  CAJA X3 AMPOLLAS ,3.0,15.3,29.0,0.4724137931034483,45.900000000000006,87.0
43,DEKA C JBE  ADULTO 240 ML,1.0,8.3,20.0,0.585,8.3,20.0
44,DEKA C JBE NIÑO  240 ML,1.0,10.3,20.0,0.485,10.3,20.0
45,DENGUINITA NIÑOS CAJA X 100 BLIST X 10,131.0,0.55,1.0,0.44999999999999996,72.05000000000001,131.0
46,DEXKETOPROFENO+NEUROTROPA KIT ,8.0,9.3,20.0,0.5349999999999999,74.4,160.0
47,DIAZEPAN 10 MGS MK BLIS X 10 CAJA X 100,55.0,1.596,4.4,0.6372727272727273,87.78,242.00000000000003
48,DIBETES FCO X 100 TABS,1.0,20.3,40.0,0.4925,20.3,40.0
49,DICLO+NEURO SHEKINAH BLIS X 10 GEL CAPS CAJA X 100,19.0,5.8,10.0,0.42000000000000004,110.2,190.0
50,DICO GRIP A.M CAJA X 24 SOBRES,9.0,2.08,4.0,0.48,18.72,36.0
51,DICO GRIP P.M CAJA X 24 SOBRES,15.0,2.08,4.0,0.48,31.200000000000003,60.0
52,DIPIRONA+DEXAMETASONA X 3 DOSIS,1.0,20.3,40.0,0.4925,20.3,40.0
53,DOLO NEUROBION  CAJA X 120 BLIST X 5,173.0,2.21,4.0,0.4475,382.33,692.0
54,DOLO NEUROBION FORTE DC ,3.0,45.3,82.0,0.4475609756097561,135.89999999999998,246.0
55,DOLO NEUROBION KIT INYECTADO 2 AMP,2.0,9.3,50.0,0.8140000000000001,18.6,100.0
56,DOLO NEUROBION XR BLIS X 5 TAB CAJA X 60,65.0,2.5,8.0,0.6875,162.5,520.0
57,DOLO TETRAVIT KIT ,2.0,9.3,49.0,0.8102040816326531,18.6,98.0
58,DOLOVITANERVO PIERSAN  BLIST X 10  CAJA X  150,122.0,0.6,1.2,0.5,73.2,146.4
59,DOMINAL CAJA X 100 SOBRES,76.0,0.55,1.0,0.44999999999999996,41.800000000000004,76.0
60,DORIVAL CAJA X 60 GRAGEAS BLIST X 12 TAB,75.0,0.66,2.0,0.6699999999999999,49.5,150.0
61,DULSITOS JBE 120 ML,2.0,16.3,29.0,0.4379310344827586,32.6,58.0
62,ENANTYUM 25 MG CAJA X 10 TABLETAS ,15.0,7.0,12.0,0.4166666666666667,105.0,180.0
63,ENTEROGERMINA AMP 2 BILLONES BEB 5 ML CJ X 20,20.0,10.55,20.0,0.4725,211.0,400.0
64,ESPASMOFIN NF (COLICOS) CAJA X 110 SOBRES,28.0,1.18,2.0,0.41000000000000003,33.04,56.0
65,EXPECTORANTE COMPUESTO LANCASCO 120 ML,3.0,22.3,45.0,0.5044444444444445,66.9,135.0
66,FIBRA GUMMY 3MG VESA FCO X 40 GOMITAS ,1.0,25.3,55.0,0.54,25.3,55.0
67,FLAMYDOL AMPOLLA ,7.0,3.0,7.0,0.5714285714285714,21.0,49.0
68,FLAMYDOL RETARD CAJA X 48 BLIST X 4,56.0,1.87,10.0,0.813,104.72,560.0
69,FLUDISIN (AMBROXOL) JBE 100 ML LEGSA,3.0,20.3,35.0,0.42,60.900000000000006,105.0
70,FLUDISIN COM (AMBR+CLEB) 100 ML LEGSA,3.0,22.0,39.0,0.4358974358974359,66.0,117.0
71,FLUDISIN L (AMB + LORATAD) 100 ML LEGSA,4.0,25.45,39.0,0.3474358974358975,101.8,156.0
72,GASA POR UNIDAD BOLSA X 100,60.0,0.3,0.5,0.4,18.0,30.0
73,GENOGASTRIL  CAJA X 2 FCOS  60 CAPS,1.0,50.0,95.0,0.47368421052631576,50.0,95.0
74,GINCKO + NEURO CAJA X 60 BLIST X 10,0.0,5.833,9.34,0.3754817987152034,0.0,0.0
75,GINSENG ESENCIAL FCO 75 ML,1.0,15.0,26.0,0.4230769230769231,15.0,26.0
76,GLICITOS L (AMBROXOL+LORATADINA)120 ML SELEC,4.0,22.3,37.0,0.3972972972972973,89.2,148.0
77,GRANEODIN FRAMBUESA CAJA X 24 PASTILLAS ,26.0,1.5,3.0,0.5,39.0,78.0
78,GRANEODIN MIEL LIMON CAJA X 24 PASTILLAS ,26.0,1.22,3.0,0.5933333333333334,31.72,78.0
79,HEMOBEX 10 ML HIGADO CRUDO + COMPLEJO B,11.0,5.3,10.0,0.47000000000000003,58.3,110.0
80,HIDRAVIDA COCO,3.0,11.32,19.0,0.40421052631578946,33.96,57.0
81,HIDRAVIDA FRESA,3.0,11.54,19.0,0.39263157894736844,34.62,57.0
82,HIDRAVIDA JAMAICA,4.0,11.58,19.0,0.39052631578947367,46.32,76.0
83,HIDRAVIDA LIMA LIMON,4.0,11.58,19.0,0.39052631578947367,46.32,76.0
84,HIDRAVIDA MARACUYA,3.0,11.58,19.0,0.39052631578947367,34.74,57.0
85,HIDRAVIDA MORA -AZUL ,4.0,11.44,19.0,0.3978947368421053,45.76,76.0
86,HIDRAVIDA NARANJA-MANDARINA,3.0,11.58,19.0,0.39052631578947367,34.74,57.0
87,HIDRAVIDA UVA,5.0,11.36,19.0,0.40210526315789474,56.8,95.0
88,HIGAVYT 5 10 ML EXTRTACTO DE HIGADO,11.0,5.3,10.0,0.47000000000000003,58.3,110.0
89,IBUPROFENO FORTE 800 MGS CAJA X 100 BLIST X 10,54.0,0.74,2.0,0.63,39.96,108.0
90,LANSOPRAZOL 30 MG BLIST X 10 CAJA X 50   INFASA,5.0,11.4,19.0,0.39999999999999997,57.0,95.0
91,LECHE DE MAGNESIA PHILIPS 60 ML,3.0,12.3,23.0,0.4652173913043478,36.900000000000006,69.0
92,LEVONORGESTREL DISPENSADOR X 11 TAB,7.0,21.0,90.0,0.7666666666666667,147.0,630.0
93,LIMPIA COLON FCO X 100 TABS,1.0,20.3,40.0,0.4925,20.3,40.0
94,LOFENAK (DICLO SOD 100 MGS) CAJA X 50 B BLIST X 10,11.0,3.8,7.0,0.4571428571428572,41.8,77.0
95,LOMBRINIÑOS CAJA X 40 SOBRES ,14.0,1.0,1.75,0.42857142857142855,14.0,24.5
96,LORATADINA 10MG GEL CAPS CAJA X 100 BLIST X 10,0.0,6.5,11.0,0.4090909090909091,0.0,0.0
97,MAGNESIA SANTE  120 ML FCO,0.0,8.3,15.0,0.4466666666666666,0.0,0.0
98,MARIGUANOL BOTE,1.0,5.3,10.0,0.47000000000000003,5.3,10.0
99,MELATONINA 5MGS FCO X 100 BOLSA X 10 VESA,12.0,3.8,13.0,0.7076923076923076,45.599999999999994,156.0
100,MENOESTROGEN FRASCO X 30 TAB,1.0,26.0,50.0,0.48,26.0,50.0
101,MENTOL DAVIS MUESTRA,6.0,1.66,3.5,0.5257142857142857,9.959999999999999,21.0
102,MIGRADORIXINA BLIST X 10 CAJA X 100,122.0,0.8,4.7,0.8297872340425533,97.60000000000001,573.4
103,NAUSEOL BLISTER X 10 TAB BONIN CAJA X 500,143.0,0.2,0.9,0.7777777777777777,28.6,128.70000000000002
104,NEOBOL CREMA 30 GRS,1.0,40.0,77.0,0.4805194805194805,40.0,77.0
105,NEOBOL SPRAY 30 ML,2.0,45.3,77.0,0.4116883116883117,90.6,154.0
106,NEOMELUBRINA AMPOLLA 2 ML,19.0,2.5,8.0,0.6875,47.5,152.0
107,NEOMELUBRINA CAJA X 100 BLIST X 4,134.0,0.25,1.25,0.8,33.5,167.5
108,NERVESSA PASTILLAS DISP  50,31.0,2.1,3.5,0.39999999999999997,65.10000000000001,108.5
109,NERVOTIAMIN D SOBRE X 4 TAB CAJA X 100  ANCALMO,166.0,0.95,1.75,0.4571428571428572,157.7,290.5
110,NEUMONIL AMPOLLA 1 ML,13.0,4.0,10.0,0.6,52.0,130.0
111,NEURO NERVIOL CAJA X 10 AMPOLLAS,1.0,30.0,55.0,0.45454545454545453,30.0,55.0
112,NEUROBION  CAJA X 120 TAB BLIST X 5,184.0,1.25,4.0,0.6875,230.0,736.0
113,"NEUROBION 25,000 1 DOSIS CAMARA",2.0,45.3,77.0,0.4116883116883117,90.6,154.0
114,"NEUROBION 25,000 KIT INYECTADO  1 AMP",8.0,9.3,34.0,0.7264705882352941,74.4,272.0
115,NEXT BLIST X 10 CAJA X 20,61.0,1.1,2.3,0.5217391304347825,67.10000000000001,140.29999999999998
116,NIKSON CAJA X 90 BLIST X 10,141.0,1.39,2.7,0.4851851851851853,195.98999999999998,380.70000000000005
117,NORMA CYCLE 28 FACO 240 ML (REGULADOR),1.0,9.0,25.0,0.64,9.0,25.0
118,OJO DE AGUILA CON VITA A 40 ML,2.0,12.0,19.0,0.3684210526315789,24.0,38.0
119,OMEGA 3 1000 MG caja x 30 BLIST. X 10 FORALSALUD,3.0,8.937,16.0,0.44143750000000004,26.811,48.0
120,OMEGA 3 6 9 1200 MG VESA FCO X 100 GELCAPS,1.0,38.3,68.0,0.436764705882353,38.3,68.0
121,OVARICION JARABE 240 ML,1.0,10.0,20.0,0.5,10.0,20.0
122,OVARICON CAJA X 30 TAB BLISTER X 10,1.0,25.0,50.0,0.5,25.0,50.0
123,PANADOL EXTRAFUERTE X 50 SOBRE,44.0,0.8,2.0,0.6,35.2,88.0
124,PANADOL MULTISINTOMAS X 24 SOBRES,36.0,1.87,3.0,0.37666666666666665,67.32000000000001,108.0
125,PANADOL SINUS X 26 SOBRES,13.0,1.7,3.0,0.43333333333333335,22.099999999999998,39.0
126,PANADOL ULTRA X 52 SOBRES,59.0,1.33,2.5,0.46799999999999997,78.47,147.5
127,PARACETAMOL 750 MG  ECOMED CAJA X 60 TAB  BLIST X5,6.0,4.09,12.0,0.6591666666666667,24.54,72.0
128,PEPTO BISMOL 118 ML (4 ONZ),4.0,28.0,43.0,0.3488372093023256,112.0,172.0
129,PEPTOBISMOL TIRA  X 24 TAB,22.0,0.96,2.0,0.52,21.119999999999997,44.0
130,PILDORA DE WITT BLIST X 20 CAJA X 100,17.0,0.25,0.65,0.6153846153846154,4.25,11.05
131,PIOFIN FCO 60 ML,2.0,5.0,10.0,0.5,10.0,20.0
132,POMADA DE LA CAMPANA 19 GRS,8.0,5.98,13.0,0.5399999999999999,47.84,104.0
133,POMADA DE LA CAMPANA 35 GRS,3.0,7.6,22.0,0.6545454545454545,22.799999999999997,66.0
134,PROMETEST PRUEBA DE EMBARAZO,6.0,4.5,15.0,0.7,27.0,90.0
135,PULMO GRIP JBE 120 ML,2.0,13.5,25.0,0.46,27.0,50.0
136,PULMO GRIP KIT ,2.0,9.0,19.0,0.5263157894736842,18.0,38.0
137,PULMOGRIP JBE 240 ML,2.0,10.0,35.0,0.7142857142857143,20.0,70.0
138,QG5 DUO CAJA X 2 FCOS ,2.0,12.5,45.0,0.7222222222222222,25.0,90.0
139,RABANO YODADO 240 ML DRAGON,2.0,10.3,18.0,0.42777777777777776,20.6,36.0
140,REUMETAMEX FORTE (NAPROXENO 86 MG),4.0,9.5,20.0,0.525,38.0,80.0
141,SAL ANDREWS DISP X 50 SOBRES,31.0,0.8,2.0,0.6,24.8,62.0
142,SAL DE UVAS PICOT CAJA X 50,45.0,0.96,2.0,0.52,43.199999999999996,90.0
143,SALBUTAMOL 100MCG X DOSIS SPRAY PROMEGAL ,5.0,11.86,25.0,0.5256000000000001,59.3,125.0
144,SALUPRIM TAB CAJA X 50 BLIST X 5 (TRIMETROPRIM),10.0,4.5,8.0,0.4375,45.0,80.0
145,SANA SANA POMADA LATITA DE PLASTICO,6.0,3.0,8.0,0.625,18.0,48.0
146,SANIRENAL CAJA X 100 BLIST X 10,94.0,0.6,1.0,0.4,56.4,94.0
147,SERAFON GUAYACOL+EUCALI) X 1000,580.0,0.125,0.25,0.5,72.5,145.0
148,SERTAL COMPUESTO BLIS X 10 CAJA X 200,193.0,1.75,3.3,0.46969696969696967,337.75,636.9
149,SERTAL COMPUESTO X 3 DOSIS,4.0,8.33,20.0,0.5835,33.32,80.0
150,SHAMPOO MEDICASP 130.ML,1.0,42.0,70.0,0.4,42.0,70.0
151,SIXTYNINE (SILDEN X 100 MGS) CAJA X 30 SOB Y CART X 4,20.0,2.6,10.0,0.74,52.0,200.0
152,SUCRADEL CAJA X 30 SOBRES,39.0,2.5,5.0,0.5,97.5,195.0
153,SUCRASSYL CAJA X 30 PAHIL,29.0,3.12,5.0,0.376,90.48,145.0
154,SUKROL BEBIBLE CAJA X 10 VIAL,9.0,2.5,5.5,0.5454545454545454,22.5,49.5
155,SUKROL NIÑO JARABE 240 ML,1.0,12.0,25.0,0.52,12.0,25.0
156,SUKROL TAB  CAJA X 100,1.0,20.0,80.0,0.75,20.0,80.0
157,TE ANTIGRIPAL CAJA X 20 SOBRES,18.0,0.5,1.0,0.5,9.0,18.0
158,TE CHUPA GRASA CAJA X 30,1.0,35.0,57.0,0.38596491228070173,35.0,57.0
159,TE CHUPA PANZA CAJA X 30,1.0,35.0,57.0,0.38596491228070173,35.0,57.0
160,TE DE ALCACHOFA GN+V X 30 SOBRES,1.0,35.72,57.0,0.37333333333333335,35.72,57.0
161,TE DE PIÑALIN CAJA X 30 SOBRES,1.0,35.0,57.0,0.38596491228070173,35.0,57.0
162,TE GINKO BILOBA CAJA X 20 SOBRES ,14.0,0.75,1.5,0.5,10.5,21.0
163,TE LIMON + JENGIBRE CAJA X 20 SOBRES ,11.0,0.75,1.5,0.5,8.25,16.5
164,TE MANZANILLA + TILO  CAJA X 20 SOBRES ,14.0,0.75,1.5,0.5,10.5,21.0
165,TE MANZANILLA CAJA X 20 SOBRES,14.0,0.7,1.5,0.5333333333333333,9.799999999999999,21.0
166,TE PARA LA DIABETES CAJA X 20 SOB VIDA,9.0,0.75,2.0,0.625,6.75,18.0
167,TE PARA LA NOCHE CAJA X 20 SOBRES,13.0,0.5,1.5,0.6666666666666666,6.5,19.5
168,TE PARA LA PRESION CAJA X 20 SOB VIDA,23.0,0.6,1.15,0.47826086956521735,13.799999999999999,26.45
169,TE PARA LOS NERVIOS CAJA X 20 SOB VIDA,7.0,0.76,1.5,0.49333333333333335,5.32,10.5
170,TE PERICON CAJA X 20 SOBRES  ,20.0,0.6,1.0,0.4,12.0,20.0
171,TE RENAL CAJA X 20 SOBRES,17.0,0.6,1.5,0.6,10.2,25.5
172,TE TILO CAJA X 20 SOBRES,26.0,0.5,1.5,0.6666666666666666,13.0,39.0
173,TE VERDE PIÑA CAJA X 20 SOBRES ,9.0,0.75,1.5,0.5,6.75,13.5
174,TERABIOL LANCASCO AMPIC+SULBACTAN) FCO X 70 ML,1.0,25.3,50.0,0.494,25.3,50.0
175,TERRAMICINA UNGÜENTO 5 GRS,2.0,15.0,33.0,0.5454545454545454,30.0,66.0
176,TIAMINA 300 ANCALMO CAJA X 100,31.0,0.4,1.0,0.6,12.4,31.0
177,TRAMADOL CAPSULA  CAJA X 100 BLIST X 10 MILAN,16.0,5.5,10.0,0.45,88.0,160.0
178,TRES TOROS  CAJA X 10 AMPOLLAS VIAL BEBIBLE,1.0,20.0,40.0,0.5,20.0,40.0
179,TRIAXOBIL S 1.5 FCO I.M /I.V.,0.0,36.0,70.0,0.4857142857142857,0.0,0.0
180,TRIPLE FORTE DX CAJA X 3 INYEC,1.0,15.3,30.0,0.49,15.3,30.0
181,TUSILEXIL FCO X 120 ML,2.0,25.3,50.0,0.494,50.6,100.0
182,UNESIA 20 GRS,2.0,30.0,58.0,0.4827586206896552,60.0,116.0
183,UNIPULMIN ANTGRIPAL INYECTABLE,4.0,9.3,16.0,0.41874999999999996,37.2,64.0
184,UNIPULMIN GRIPE Y TOS INYECTABLE,3.0,9.3,16.0,0.41874999999999996,27.900000000000002,48.0
185,UROFIN DISPENS X 100,76.0,1.85,3.0,0.3833333333333333,140.6,228.0
186,VARIFIN  FCO 100 TABS,1.0,20.3,40.0,0.4925,20.3,40.0
187,VICK PASTI MENTOL 5 X 24 SOBRES,6.0,2.29,4.0,0.4275,13.74,24.0
188,VICK VAPORUB 12G  CAJA X 12 LATITAS,17.0,6.0,10.0,0.4,102.0,170.0
189,VITAL FUERTE 10 AMP BEB 10 ML,12.0,2.5,5.8,0.5689655172413793,30.0,69.6
190,VITALFUERTE X 100 TAB,1.0,20.3,80.0,0.7462500000000001,20.3,80.0
191,VITAMINA E 1000 X 100 VESA,178.0,0.4,1.2,0.6666666666666666,71.2,213.6
192,VIVE AMOR 16 CAJAS X 3 UND,4.0,4.7,8.0,0.4125,18.8,32.0
193,VIVE ORIGINAL 16 CAJAS X 3 UND,4.0,4.87,8.0,0.39125,19.48,32.0
194,WINASORB GOTAS 15 ML,1.0,15.0,27.0,0.4444444444444444,15.0,27.0
195,WINASORB JBE 60 ML,1.0,15.0,32.0,0.53125,15.0,32.0
196,YODOCLORINA DISP X 100 CAPS,80.0,0.4,0.9,0.5555555555555556,32.0,72.0
197,ZANAHORIA CON VIT A 40 ML,1.0,12.0,19.0,0.3684210526315789,12.0,19.0
198,ZARZAPARRILLA FCO 240 ML (HIGSA),2.0,10.3,20.0,0.485,20.6,40.0
199,ZORRIFLEM JB 180 ML,3.0,11.3,22.0,0.48636363636363633,33.900000000000006,66.0
200,ZORRITONE CARAMELO BARRA CAJA X 16 CEREZA,17.0,2.19,4.5,0.5133333333333333,37.23,76.5
201,ZORRITONE CARAMELO BARRA CAJA X 16 MIEL LIMON,31.0,2.18,4.5,0.5155555555555555,67.58,139.5
202,ZORRITONE CARAMELO BARRA CAJA X 16 TRADICIONAL,19.0,2.19,4.5,0.5133333333333333,41.61,85.5
203,ZORRITONE CARAMELO X 500,362.0,0.27,0.5,0.45999999999999996,97.74000000000001,181.0
204,,,,,,0.0,0.0
205,,,,,,0.0,0.0
206,,,,,,0.0,0.0
207,,,,,,0.0,0.0
208,,,,,,10566.930999999997,22719.519999999997
209,,,,,,,
210,,,,,,,12152.589
211,,,,,,,
212,,,,,,,0.5348963798530956
213,,,,,,,
214,,,,,,,
215,,,,,,,
216,,,,,,,
217,,,,,,,
218,,,,,,,
219,,,,,,,
220,,,,,,,
221,,,,,,,
222,,,,,,,
223,,,,,,,
224,,,,,,,
225,,,,,,,
226,,,,,,,
227,,,,,,,
228,,,,,,,
229,,,,,,,
230,,,,,,,
231,,,,,,,
232,,,,,,,
233,,,,,,,
234,,,,,,,
