No,ARTICULO,EXISTENCIA,LUNES AM,LUNES PM,MARTES AM,MARTES PM,MIERCO AM,MIERCO PM,JUEVES AM,JUEVES PM,VIERNES AM,VIERNES PM,SABADO,NVA EXIST,PEDIDO,PP,OBSERVACIONES,FECHA DE VENCIMIENTO,BODEGA,COMPRAS,FECHA DE COMPRA,SEM 28 ABRIL,SEM 5 MAYO,SEM 12 MAYO, SEM 21 ABRIL,TOTAL,PROMEDIO,1 MES,2 MESES
1.0,ANARA SOLUCION GOTAS 20ML,2.0,,,,,,,,,,,,2.0,16.0,68.0,COIDE,2026-09-01,,,2024-11-01,1.0,1.0,1.0,6.0,9.0,2.25,9.0,18.0
2.0,ASPIRINA FORTE CAJA X 100 BLIST X 10 ,0.0,,,,,,,,,,,,0.0,0.0,0.0,BAYER,,,,,,,,,0.0,0.0,0.0,0.0
3.0,BRONCODIL GOTAS DE 30 ML,2.0,,,,,,,,,,,,2.0,6.0,59.0,INFASA,2026-10-01,0.0,,2024-11-01,1.0,1.0,1.0,1.0,4.0,1.0,4.0,8.0
4.0,BRONCODIL JBE. 120ML,2.0,,,,,,,,,,,,2.0,6.0,79.0,INFASA,2026-09-01,0.0,,2024-11-01,1.0,1.0,1.0,1.0,4.0,1.0,4.0,8.0
5.0,CHOCOLATES GRANDES,3.0,,,,,,,,,,,,3.0,65.0,11.0,NOE,,1.0,,2024-06-01,30.0,1.0,2.0,1.0,34.0,8.5,34.0,68.0
6.0,CHOCOLATES PEQUEÑOS,177.0,,4.0,,14.0,4.0,14.0,,,2.0,,,139.0,183.0,1.25,PRICES,,,,2023-09-01,28.0,44.0,29.0,60.0,161.0,40.25,161.0,322.0
7.0,DESODORANTE GILLET GEL 107 GRS,2.0,,,,,1.0,,,,,,,1.0,7.0,46.0,PRICES,2025-10-01,7.0,,2024-10-01,1.0,1.0,1.0,1.0,4.0,1.0,4.0,8.0
8.0,DEXA NEUROBION JER  PRELL,0.0,,,,,,,,,,,,0.0,0.0,105.0,,,0.0,,,,,,,0.0,0.0,0.0,0.0
9.0,DOLO KALORUB LINIM SPRAY 180 ML,1.0,,,,,,,,,,,,1.0,9.0,45.0,COIDE,2028-11-01,0.0,,2025-01-01,1.0,2.0,1.0,1.0,5.0,1.25,5.0,10.0
10.0,FERRIDOCE JBE 240ML,2.0,,,,,,,,,,,,2.0,8.0,55.0,COID/OLAM,2027-10-01,1.0,,2025-04-01,1.0,2.0,1.0,1.0,5.0,1.25,5.0,10.0
11.0,GLUCOSORAL 450 ML CEREZA,1.0,,,,,,,,,,,,1.0,9.0,22.0,ESQUINITA,2027-02-01,0.0,,2024-06-01,1.0,1.0,2.0,1.0,5.0,1.25,5.0,10.0
12.0,GLUCOSORAL 450 ML COCO,0.0,,,,,,,,,,,,0.0,10.0,22.0,ESQUINITA,2026-08-01,0.0,,2026-10-01,1.0,2.0,1.0,1.0,5.0,1.25,5.0,10.0
13.0,GLUCOSORAL 450 ML FRAMBUESA,2.0,,,,,,,,,,,,2.0,4.0,22.0,ESQUINITA,2026-04-01,0.0,,2026-10-01,1.0,,1.0,1.0,3.0,0.75,3.0,6.0
14.0,GLUCOSORAL 450 ML MANZANA,2.0,,,,,,,,,,,,2.0,10.0,22.0,ESQUINITA,2026-08-01,0.0,,2024-06-01,1.0,2.0,1.0,2.0,6.0,1.5,6.0,12.0
15.0,GLUCOSORAL 450 ML MELOCOTON,2.0,,,,,,,,,,,,2.0,14.0,22.0,ESQUINITA,2027-08-01,2.0,,2024-10-01,2.0,2.0,2.0,2.0,8.0,2.0,8.0,16.0
16.0,GLUCOSORAL 450 ML UVA,0.0,,,,,,,,,,,,0.0,8.0,22.0,ESQUINITA,2026-04-01,0.0,,2024-10-01,,1.0,1.0,2.0,4.0,1.0,4.0,8.0
17.0,HIPOPRESS GOTAS 20 ML,1.0,,,,,,,,,,,,1.0,5.0,72.0,COIDE,2028-03-01,1.0,,2025-04-01,,1.0,1.0,1.0,3.0,0.75,3.0,6.0
18.0,LECHE DE MAGNESIA PHILIPS 120 ML,2.0,,,,,,,,,,,,2.0,6.0,38.0,COIDE,2026-04-01,0.0,,2024-11-01,1.0,1.0,1.0,1.0,4.0,1.0,4.0,8.0
19.0,LEVUSOL 500 ML CEREZA,3.0,,,,,,,,,,,,3.0,9.0,22.0,COIDE,2027-01-01,0.0,,2025-04-01,1.0,2.0,1.0,2.0,6.0,1.5,6.0,12.0
20.0,LEVUSOL 500 ML COCO,2.0,,,,,,,,,,,,2.0,6.0,22.0,COIDE,2027-01-01,0.0,,2025-03-01,1.0,1.0,1.0,1.0,4.0,1.0,4.0,8.0
21.0,LEVUSOL 500 ML MANZANA,1.0,,1.0,,,,,,,,,,0.0,12.0,22.0,COIDE,2027-01-01,2.0,,2025-03-01,2.0,1.0,2.0,1.0,6.0,1.5,6.0,12.0
22.0,LEVUSOL 500 ML PIÑA,1.0,,,,,,,,,,,,1.0,7.0,22.0,COIDE,2026-11-01,0.0,,2025-04-01,1.0,1.0,1.0,1.0,4.0,1.0,4.0,8.0
23.0,M & M,3.0,,,,,,1.0,,,,,,2.0,6.0,11.0,,,2.0,,2024-04-01,,1.0,1.0,2.0,4.0,1.0,4.0,8.0
24.0,METHYCOBAL 500 MG BLIST X 10 TAB ,12.0,,1.0,,4.0,,5.0,,,,,,2.0,16.0,6.5,HOSPIGEN  ,2026-05-01,20.0,,2025-04-01,4.0,1.0,2.0,2.0,9.0,2.25,9.0,18.0
25.0,MILORIX CREMA HEMORROIDAL 20MG ,1.0,,,,,,,,,,,,1.0,7.0,97.0,COIDE,2027-08-01,1.0,,2025-04-01,1.0,1.0,1.0,1.0,4.0,1.0,4.0,8.0
26.0,MOMMEX SPRAY NASAL 18G/18ML 140 DOSIS,1.0,,,,,,,,,,,,1.0,-1.0,290.0,COIDE,2027-09-01,,,2024-06-01,,,,,0.0,0.0,0.0,0.0
27.0,PANADOL MULTISINTOMAS CAJA X 8 SOBRES,1.0,,,,,,,,,,,,1.0,7.0,37.0,COIDE,2025-08-01,2.0,,2024-11-01,1.0,,2.0,1.0,4.0,1.0,4.0,8.0
28.0,PASTA COLGATE TOTAL 12   150 ML,2.0,,,,,,,,,,,,2.0,2.0,29.0,,,6.0,,2024-09-01,1.0,1.0,,,2.0,0.5,2.0,4.0
29.0,PRELONE 20 MGS CAJA X 10 ,0.0,,,,,,,,,,,,0.0,2.0,0.0,HOSPIGEN  ,,0.0,,,,1.0,,,1.0,0.25,1.0,2.0
30.0,REUMETAN CREMA 30 GRS. TUBO ,0.0,,,,,,,,,,,,0.0,0.0,35.0,COIDE,,0.0,,,,,,,0.0,0.0,0.0,0.0
31.0,S.C.I.40 MG  BLISTER X 5 CAJA X 20,0.0,,,,,,,,,,,,0.0,0.0,6.0,COIDE,,0.0,,,,,,,0.0,0.0,0.0,0.0
32.0,S.S.N. GOTAS,1.0,,,,,,,,,,,,1.0,7.0,35.0,COIDE,2026-07-01,1.0,,2025-04-01,1.0,1.0,1.0,1.0,4.0,1.0,4.0,8.0
33.0,S.S.N. SPRAY NASAL 50 ML,1.0,,,,,,,,,,,,1.0,9.0,69.0,COIDE,2026-12-01,,,2025-01-01,1.0,2.0,1.0,1.0,5.0,1.25,5.0,10.0
34.0,SKITTLES,1.0,,,,,,,,,,,,1.0,9.0,11.0,,,0.0,,2024-04-01,2.0,1.0,1.0,1.0,5.0,1.25,5.0,10.0
35.0,SUKROL VIGOR MUJER X 30 TABS,0.0,,,,,,,,,,,,0.0,6.0,65.0,COIDE,2027-07-01,,,2024-12-01,,1.0,1.0,1.0,3.0,0.75,3.0,6.0
36.0,TOALLA HUMEDA FAMILY CHOICE,0.0,,,,,,,,,,,,0.0,0.0,13.0,,,,,,,,,,0.0,0.0,0.0,0.0
37.0,TOALLA HUMEDA POM POM X 80,3.0,,,,,,,,,,,,3.0,5.0,11.0,ESQUINITA,,12.0,,2025-03-01,1.0,1.0,1.0,1.0,4.0,1.0,4.0,8.0
38.0,VICK INHALADOR,0.0,,,,,,,,,,,,0.0,0.0,0.0,COIDE,,,,,,,,,0.0,0.0,0.0,0.0
39.0,VITAFLENACO 25 MG CAJA X 30 BLISTER X 15,101.0,,6.0,,2.0,,2.0,,,,,,91.0,33.0,1.5,COIDE,2026-07-01,12.0,,2025-02-01,8.0,28.0,8.0,18.0,62.0,15.5,62.0,124.0
40.0,VITAL FUERTE H3 X 30,1.0,,,,,,,,,,,,1.0,7.0,59.0,COIDE,2027-03-01,,,2024-09-01,1.0,1.0,1.0,1.0,4.0,1.0,4.0,8.0
41.0,,,,,,,,,,,,,,,,,,,,,,,,,,0.0,0.0,0.0,0.0
42.0,,,,,,,,,,,,,,,,,,,,,,,,,,,,,
43.0,,,,,,,,,,,,,,,,,,,,,,,,,,,,,
44.0,,,,,,,,,,,,,,,,,,,,,,,,,,,,,
45.0,,,,,,,,,,,,,,,,,,,,,,,,,,,,,
46.0,,,,,,,,,,,,,,,,,,,,,,,,,,,,,
47.0,,,,,,,,,,,,,,,,,,,,,,,,,,,,,
48.0,,,,,,,,,,,,,,,,,,,,,,,,,,,,,
49.0,,,,,,,,,,,,,,,,,,,,,,,,,,,,,
50.0,,,,,,,,,,,,,,,,,,,,,,,,,,,,,
51.0,,,,,,,,,,,,,,,,,,,,,,,,,,,,,
52.0,,,,,,,,,,,,,,,,,,,,,,,,,,,,,
53.0,,,,,,,,,,,,,,,,,,,,,,,,,,,,,
54.0,,,,,,,,,,,,,,,,,,,,,,,,,,,,,
55.0,,,,,,,,,,,,,,,,,,,,,,,,,,,,,
56.0,,,,,,,,,,,,,,,,,,,,,,,,,,,,,
57.0,,,,,,,,,,,,,,,,,,,,,,,,,,,,,
58.0,,,,,,,,,,,,,,,,,,,,,,,,,,,,,
,,,,,,,,,,,,,,,,,,,,,,,,,,,,,
,,,,,,,,,,,,,,,,,,,,,,,,,,,,,
,,,,,,,,,,,,,,,,,,,,,,,,,,,,,
,,,,,,,,,,,,,,,,,,,,,,,,,,,,,
,,,,,,,,,,,,,,,,,,,,,,,,,,,,,
,,,,,,,,,,,,,,,,,,,,,,,,,,,,,
,,,,,,,,,,,,,,,,,,,,,,,,,,,,,
,,,,,,,,,,,,,,,,,,,,,,,,,,,,,
,,,,,,,,,,,,,,,,,,,,,,,,,,,,,
,,,,,,,,,,,,,,,,,,,,,,,,,,,,,
,,,,,,,,,,,,,,,,,,,,,,,,,,,,,
,,,,,,,,,,,,,,,,,,,,,,,,,,,,,
,,,,,,,,,,,,,,,,,,,,,,,,,,,,,
,,,,,,,,,,,,,,,,,,,,,,,,,,,,,
,,,,,,,,,,,,,,,,,,,,,,,,,,,,,
,,,,,,,,,,,,,,,,,,,,,,,,,,,,,
,,,,,,,,,,,,,,,,,,,,,,,,,,,,,
,,,,,,,,,,,,,,,,,,,,,,,,,,,,,
,,,,,,,,,,,,,,,,,,,,,,,,,,,,,
,,,,,,,,,,,,,,,,,,,,,,,,,,,,,
,,,,,,,,,,,,,,,,,,,,,,,,,,,,,
,,,,,,,,,,,,,,,,,,,,,,,,,,,,,
,,,,,,,,,,,,,,,,,,,,,,,,,,,,,
,,,,,,,,,,,,,,,,,,,,,,,,,,,,,
,,,,,,,,,,,,,,,,,,,,,,,,,,,,,
,,,,,,,,,,,,,,,,,,,,,,,,,,,,,
,,,,,,,,,,,,,,,,,,,,,,,,,,,,,
,,,,,,,,,,,,,,,,,,,,,,,,,,,,,
,,,,,,,,,,,,,,,,,,,,,,,,,,,,,
,,,,,,,,,,,,,,,,,,,,,,,,,,,,,
,,,,,,,,,,,,,,,,,,,,,,,,,,,,,
,,,,,,,,,,,,,,,,,,,,,,,,,,,,,
,,,,,,,,,,,,,,,,,,,,,,,,,,,,,
,,,,,,,,,,,,,,,,,,,,,,,,,,,,,
,,,,,,,,,,,,,,,,,,,,,,,,,,,,,
,,,,,,,,,,,,,,,,,,,,,,,,,,,,,
,,,,,,,,,,,,,,,,,,,,,,,,,,,,,
,,,,,,,,,,,,,,,,,,,,,,,,,,,,,
,,,,,,,,,,,,,,,,,,,,,,,,,,,,,
,,,,,,,,,,,,,,,,,,,,,,,,,,,,,
,,,,,,,,,,,,,,,,,,,,,,,,,,,,,
,,,,,,,,,,,,,,,,,,,,,,,,,,,,,
,,,,,,,,,,,,,,,,,,,,,,,,,,,,,
,,,,,,,,,,,,,,,,,,,,,,,,,,,,,
,,,,,,,,,,,,,,,,,,,,,,,,,,,,,
,,,,,,,,,,,,,,,,,,,,,,,,,,,,,
,,,,,,,,,,,,,,,,,,,,,,,,,,,,,
,,,,,,,,,,,,,,,,,,,,,,,,,,,,,
,,,,,,,,,,,,,,,,,,,,,,,,,,,,,
,,,,,,,,,,,,,,,,,,,,,,,,,,,,,
,,,,,,,,,,,,,,,,,,,,,,,,,,,,,
,,,,,,,,,,,,,,,,,,,,,,,,,,,,,
,,,,,,,,,,,,,,,,,,,,,,,,,,,,,
,,,,,,,,,,,,,,,,,,,,,,,,,,,,,
,,,,,,,,,,,,,,,,,,,,,,,,,,,,,
,,,,,,,,,,,,,,,,,,,,,,,,,,,,,
,,,,,,,,,,,,,,,,,,,,,,,,,,,,,
,,,,,,,,,,,,,,,,,,,,,,,,,,,,,
,,,,,,,,,,,,,,,,,,,,,,,,,,,,,
,,,,,,,,,,,,,,,,,,,,,,,,,,,,,
,,,,,,,,,,,,,,,,,,,,,,,,,,,,,
,,,,,,,,,,,,,,,,,,,,,,,,,,,,,
,,,,,,,,,,,,,,,,,,,,,,,,,,,,,
,,,,,,,,,,,,,,,,,,,,,,,,,,,,,
,,,,,,,,,,,,,,,,,,,,,,,,,,,,,
,,,,,,,,,,,,,,,,,,,,,,,,,,,,,
,,,,,,,,,,,,,,,,,,,,,,,,,,,,,
,,,,,,,,,,,,,,,,,,,,,,,,,,,,,
,,,,,,,,,,,,,,,,,,,,,,,,,,,,,
,,,,,,,,,,,,,,,,,,,,,,,,,,,,,
,,,,,,,,,,,,,,,,,,,,,,,,,,,,,
,,,,,,,,,,,,,,,,,,,,,,,,,,,,,
,,,,,,,,,,,,,,,,,,,,,,,,,,,,,
,,,,,,,,,,,,,,,,,,,,,,,,,,,,,
,,,,,,,,,,,,,,,,,,,,,,,,,,,,,
,,,,,,,,,,,,,,,,,,,,,,,,,,,,,
,,,,,,,,,,,,,,,,,,,,,,,,,,,,,
,,,,,,,,,,,,,,,,,,,,,,,,,,,,,
,,,,,,,,,,,,,,,,,,,,,,,,,,,,,
,,,,,,,,,,,,,,,,,,,,,,,,,,,,,
,,,,,,,,,,,,,,,,,,,,,,,,,,,,,
,,,,,,,,,,,,,,,,,,,,,,,,,,,,,
,,,,,,,,,,,,,,,,,,,,,,,,,,,,,
,,,,,,,,,,,,,,,,,,,,,,,,,,,,,
,,,,,,,,,,,,,,,,,,,,,,,,,,,,,
,,,,,,,,,,,,,,,,,,,,,,,,,,,,,
,,,,,,,,,,,,,,,,,,,,,,,,,,,,,
,,,,,,,,,,,,,,,,,,,,,,,,,,,,,
,,,,,,,,,,,,,,,,,,,,,,,,,,,,,
,,,,,,,,,,,,,,,,,,,,,,,,,,,,,
,,,,,,,,,,,,,,,,,,,,,,,,,,,,,
,,,,,,,,,,,,,,,,,,,,,,,,,,,,,
,,,,,,,,,,,,,,,,,,,,,,,,,,,,,
,,,,,,,,,,,,,,,,,,,,,,,,,,,,,
,,,,,,,,,,,,,,,,,,,,,,,,,,,,,
,,,,,,,,,,,,,,,,,,,,,,,,,,,,,
,,,,,,,,,,,,,,,,,,,,,,,,,,,,,
,,,,,,,,,,,,,,,,,,,,,,,,,,,,,
,,,,,,,,,,,,,,,,,,,,,,,,,,,,,
,,,,,,,,,,,,,,,,,,,,,,,,,,,,,
,,,,,,,,,,,,,,,,,,,,,,,,,,,,,
,,,,,,,,,,,,,,,,,,,,,,,,,,,,,
,,,,,,,,,,,,,,,,,,,,,,,,,,,,,
,,,,,,,,,,,,,,,,,,,,,,,,,,,,,
,,,,,,,,,,,,,,,,,,,,,,,,,,,,,
,,,,,,,,,,,,,,,,,,,,,,,,,,,,,
,,,,,,,,,,,,,,,,,,,,,,,,,,,,,
,,,,,,,,,,,,,,,,,,,,,,,,,,,,,
,,,,,,,,,,,,,,,,,,,,,,,,,,,,,
,,,,,,,,,,,,,,,,,,,,,,,,,,,,,
,,,,,,,,,,,,,,,,,,,,,,,,,,,,,
,,,,,,,,,,,,,,,,,,,,,,,,,,,,,
,,,,,,,,,,,,,,,,,,,,,,,,,,,,,
,,,,,,,,,,,,,,,,,,,,,,,,,,,,,
,,,,,,,,,,,,,,,,,,,,,,,,,,,,,
,,,,,,,,,,,,,,,,,,,,,,,,,,,,,
,,,,,,,,,,,,,,,,,,,,,,,,,,,,,
,,,,,,,,,,,,,,,,,,,,,,,,,,,,,
,,,,,,,,,,,,,,,,,,,,,,,,,,,,,
,,,,,,,,,,,,,,,,,,,,,,,,,,,,,
,,,,,,,,,,,,,,,,,,,,,,,,,,,,,
,,,,,,,,,,,,,,,,,,,,,,,,,,,,,
,,,,,,,,,,,,,,,,,,,,,,,,,,,,,
,,,,,,,,,,,,,,,,,,,,,,,,,,,,,
,,,,,,,,,,,,,,,,,,,,,,,,,,,,,
,,,,,,,,,,,,,,,,,,,,,,,,,,,,,
,,,,,,,,,,,,,,,,,,,,,,,,,,,,,
,,,,,,,,,,,,,,,,,,,,,,,,,,,,,
,,,,,,,,,,,,,,,,,,,,,,,,,,,,,
,,,,,,,,,,,,,,,,,,,,,,,,,,,,,
,,,,,,,,,,,,,,,,,,,,,,,,,,,,,
,,,,,,,,,,,,,,,,,,,,,,,,,,,,,
,,,,,,,,,,,,,,,,,,,,,,,,,,,,,
,,,,,,,,,,,,,,,,,,,,,,,,,,,,,
,,,,,,,,,,,,,,,,,,,,,,,,,,,,,
,,,,,,,,,,,,,,,,,,,,,,,,,,,,,
,,,,,,,,,,,,,,,,,,,,,,,,,,,,,
,,,,,,,,,,,,,,,,,,,,,,,,,,,,,
,,,,,,,,,,,,,,,,,,,,,,,,,,,,,
,,,,,,,,,,,,,,,,,,,,,,,,,,,,,
,,,,,,,,,,,,,,,,,,,,,,,,,,,,,
,,,,,,,,,,,,,,,,,,,,,,,,,,,,,
,,,,,,,,,,,,,,,,,,,,,,,,,,,,,
,,,,,,,,,,,,,,,,,,,,,,,,,,,,,
,,,,,,,,,,,,,,,,,,,,,,,,,,,,,
,,,,,,,,,,,,,,,,,,,,,,,,,,,,,
,,,,,,,,,,,,,,,,,,,,,,,,,,,,,
,,,,,,,,,,,,,,,,,,,,,,,,,,,,,
,,,,,,,,,,,,,,,,,,,,,,,,,,,,,
,,,,,,,,,,,,,,,,,,,,,,,,,,,,,
,,,,,,,,,,,,,,,,,,,,,,,,,,,,,
,,,,,,,,,,,,,,,,,,,,,,,,,,,,,
,,,,,,,,,,,,,,,,,,,,,,,,,,,,,
,,,,,,,,,,,,,,,,,,,,,,,,,,,,,
,,,,,,,,,,,,,,,,,,,,,,,,,,,,,
,,,,,,,,,,,,,,,,,,,,,,,,,,,,,
,,,,,,,,,,,,,,,,,,,,,,,,,,,,,
,,,,,,,,,,,,,,,,,,,,,,,,,,,,,
,,,,,,,,,,,,,,,,,,,,,,,,,,,,,
,,,,,,,,,,,,,,,,,,,,,,,,,,,,,
,,,,,,,,,,,,,,,,,,,,,,,,,,,,,
,,,,,,,,,,,,,,,,,,,,,,,,,,,,,
,,,,,,,,,,,,,,,,,,,,,,,,,,,,,
,,,,,,,,,,,,,,,,,,,,,,,,,,,,,
,,,,,,,,,,,,,,,,,,,,,,,,,,,,,
,,,,,,,,,,,,,,,,,,,,,,,,,,,,,
,,,,,,,,,,,,,,,,,,,,,,,,,,,,,
,,,,,,,,,,,,,,,,,,,,,,,,,,,,,
,,,,,,,,,,,,,,,,,,,,,,,,,,,,,
,,,,,,,,,,,,,,,,,,,,,,,,,,,,,
,,,,,,,,,,,,,,,,,,,,,,,,,,,,,
,,,,,,,,,,,,,,,,,,,,,,,,,,,,,
,,,,,,,,,,,,,,,,,,,,,,,,,,,,,
,,,,,,,,,,,,,,0.0,,,,,,,,,,,,,,,
,,,,,,,,,,,,,,,,,,,,,,,,,,,,,
,,,,,,,,,,,,,,,,,,,,,,,,,,,,,
,,,,,,,,,,,,,,,,,,,,,,,,,,,,,
,,,,,,,,,,,,,,,,,,,,,,,,,,,,,
,,,,,,,,,,,,,,,,,,,,,,,,,,,,,
,,,,,,,,,,,,,,,,,,,,,,,,,,,,,
,,,,,,,,,,,,,,,,,,,,,,,,,,,,,
,,,,,,,,,,,,,,,,,,,,,,,,,,,,,
,,,,,,,,,,,,,,,,,,,,,,,,,,,,,
,,,,,,,,,,,,,,,,,,,,,,,,,,,,,
,,,,,,,,,,,,,,,,,,,,,,,,,,,,,
1.0,,,,,,,,,,,,,,,,,,,,,,,,,,,,,
