No,ARTICULO,EXIST,LUNES AM,LUNES PM,MARTES AM,MARTES PM,MIERCO AM,MIERCO PM,JUEVES AM,JUEVES PM,VIERNES AM,VIERNES PM,SABADO,NVA EXIST,PEDIDO,PP,OBSERVACIONES,FECHA DE VENCIMIENTO,BODEGA,COMPRAS,FECHA DE COMPRA,SEM 28 ABRIL,SEM 5 MAYO,SEM 12 MAYO, SEM 21 ABRIL,TOTAL,PROMEDIO,1 MES,2 MESES
1,ABREXIL SUSP 120ML,3.0,,,,,,,,,,,,3.0,7.0,45.0,,2027-03-01,2.0,,2025-04-01,2.0,1.0,1.0,1.0,5.0,1.25,5.0,10.0
2,ACETAMINOFEN GOTAS 100 MG FCO 30 ML SELEC,2.0,,,,,,,,,,,,2.0,8.0,18.0,,2027-10-01,2.0,,2025-03-01,2.0,1.0,1.0,1.0,5.0,1.25,5.0,10.0
3,ACETAMINOFEN JBE 120 ML SELEC,5.0,,,,1.0,1.0,,,,,,,3.0,19.0,13.0,,2027-10-01,16.0,,2025-03-01,5.0,3.0,2.0,1.0,11.0,2.75,11.0,22.0
4,ACICLOVIR 400 MG BLIST X 10 CAJA X 50 SELEC,6.0,,,,,,,,,,,,6.0,8.0,20.0,,2028-04-01,1.0,,2025-04-01,1.0,3.0,2.0,1.0,7.0,1.75,7.0,14.0
5,ACICLOVIR 400 MG BLISTER X 10 CAJA X 100 CAPLIN,12.0,,,,,,,,,1.0,,,11.0,1.0,12.0,,2027-11-01,1.0,,2025-04-01,3.0,2.0,3.0,2.0,10.0,2.5,10.0,20.0
6,ACICLOVIR 5% CREMA 10 GMS SELEC,3.0,,,,,,,,,,,,3.0,7.0,9.0,,2028-07-01,4.0,,2025-04-01,2.0,1.0,1.0,1.0,5.0,1.25,5.0,10.0
7,ACICLOVIR 5% CREMA 15 GMS CAPLIN,3.0,,,,,,,,,,,,3.0,5.0,11.0,,2027-05-01,4.0,,2025-03-01,1.0,1.0,1.0,1.0,4.0,1.0,4.0,8.0
8,ACIDO FOLICO 5 MG BLISTER X 20 CAJA X 100 SELEC,10.0,,,,,,,,,,,,10.0,6.0,5.0,,2027-04-01,1.0,,2025-01-01,2.0,2.0,2.0,2.0,8.0,2.0,8.0,16.0
9,AGUA DESTILADA PARA INYE 10 ML PROMEGAL,13.0,,,,,,3.0,,,2.0,,,8.0,6.0,2.5,,2025-06-01,0.0,,2024-06-01,2.0,1.0,2.0,2.0,7.0,1.75,7.0,14.0
10,AGUA OXIGENADA 3% SOL LORALVA 120 ML,15.0,,,,,,,,,,,,15.0,-1.0,2.0,COIDE,2027-01-01,10.0,,2025-04-01,1.0,2.0,1.0,3.0,7.0,1.75,7.0,14.0
11,ALBENDAZOL 200MG/5ML SUSP SELECPHARMA,5.0,,,,,,,,,,,,5.0,17.0,8.0,,2027-05-01,10.0,,2025-03-01,2.0,2.0,5.0,2.0,11.0,2.75,11.0,22.0
12,ALCOHOL 120 ML ENFERMERITA 50 %,11.0,,,,,,4.0,,,,,,7.0,23.0,2.5,,2027-02-01,12.0,,2025-04-01,4.0,1.0,5.0,5.0,15.0,3.75,15.0,30.0
13,ALERMINE CORT CAJA X 10 TABS,16.0,,,,,,,,,,,,16.0,16.0,10.0,,2029-08-01,2.0,,2025-04-01,3.0,4.0,4.0,5.0,16.0,4.0,16.0,32.0
14,ALERMINE CORT JBE 60 ML,1.0,,,,,,,,,,,,1.0,1.0,65.0,,2028-04-01,1.0,,2025-04-01,1.0,1.0,1.0,1.0,4.0,1.0,4.0,8.0
15,AMOXI+ACIDO CLAV 250MG SUSP 60 ML SELEC LEVECILIN,2.0,,,,,,,,,,,,2.0,6.0,59.0,,2026-04-01,0.0,,2024-12-01,1.0,1.0,1.0,1.0,4.0,1.0,4.0,8.0
16,AMOXI+CLAV 875/125 CAJA X 14 TABS LEVECILIN AC BID,2.0,,,,,,,,,,,,2.0,6.0,72.0,,2026-07-01,0.0,,2024-11-01,1.0,1.0,1.0,1.0,4.0,1.0,4.0,8.0
17,AMOXICILINA 250 MG/ 120 ML SELECT,6.0,,,,,,,,,,,,6.0,12.0,19.0,,2028-07-01,5.0,,2025-04-01,1.0,3.0,2.0,3.0,9.0,2.25,9.0,18.0
18,AMOXIPLUS 625 MGS (AMOX+CLAV) BALAXI CAJA X 14,5.0,,1.0,,,,,,,,,,4.0,6.0,22.5,,2027-11-01,5.0,,2025-01-01,1.0,2.0,1.0,1.0,5.0,1.25,5.0,10.0
19,ANTIGRIP SOBRE X 4 TAB DISP X 100 ,12.0,,,,,,,,,,,,12.0,5.0,6.0,,2027-10-01,0.0,,2025-04-01,1.0,3.0,4.0,4.0,12.0,3.0,12.0,24.0
20,ANTIGRIPITO SOBRE X 4 TAB DISP X 100,5.0,,,,,,,,,,,,5.0,9.0,4.5,,2026-03-01,0.0,,2025-01-01,2.0,2.0,1.0,2.0,7.0,1.75,7.0,14.0
21,ATORVASTATINA 20 MGS CAJA X 30 BLIST X 10 WASHINTONG,0.0,,,,,,,,,,,,0.0,12.0,21.67,,2026-11-01,0.0,,2025-04-01,,6.0,,,6.0,1.5,6.0,12.0
22,ATORVASTATINA 40 MG SELEC (CARTOR) CJ X 20 BLIST X 10,4.0,,,,,,,,,,,,4.0,1.0,47.0,,2026-08-01,1.0,,2025-04-01,1.0,1.0,2.0,1.0,5.0,1.25,5.0,10.0
23,AZITROMICINA 500 MGS CAJA X 3 UMEDICA,8.0,,1.0,,1.0,,,,,,,,6.0,12.0,15.0,,2026-04-01,12.0,,2025-04-01,5.0,1.0,1.0,2.0,9.0,2.25,9.0,18.0
24,AZITROMICINA 500 MGS CAJA X 5 SELECT,5.0,1.0,,,,,,,,,,,4.0,6.0,27.0,,2028-07-01,12.0,,2025-04-01,2.0,1.0,12.0,2.0,17.0,4.25,17.0,34.0
25,BABY OR NOT PRUEBA DE EMBARAZO DISMEV,7.0,,,,,,,,,,,,7.0,6.0,10.0,,2026-11-01,6.0,,2025-04-01,2.0,1.0,3.0,3.0,9.0,2.25,9.0,18.0
26,BETAMETASONA .05%+ACIDO SALICI 3% SELEC TUBO,3.0,,,,,,,,,,,,3.0,7.0,23.0,B Y F,2027-06-01,3.0,,2025-02-01,2.0,1.0,1.0,1.0,5.0,1.25,5.0,10.0
27,BIFONEX  CREMA 1% 15G SELEC TUBO,2.0,,,,,,,,,,,,2.0,6.0,34.0,,2028-09-01,0.0,,2024-05-01,1.0,1.0,1.0,1.0,4.0,1.0,4.0,8.0
28,BIFONEX  SPRAY 1% 40 G SELEC,1.0,,,,,,,,,,,,1.0,-1.0,59.0,,2025-08-01,0.0,,2024-05-01,,,,,0.0,0.0,0.0,0.0
29,BISALEX LAXANTE BLISTER X 10,94.0,,10.0,,,,3.0,,,,,,81.0,6.0,1.0,SOLER,2026-05-01,19.0,,2025-04-01,25.0,16.0,35.0,35.0,111.0,27.75,111.0,222.0
30,BOSMAN  CAJA X 16 SOBRE X 3 CONDONES,3.0,,,,,,,,,,,,3.0,21.0,1.67,,2026-01-01,6.0,,2024-11-01,3.0,3.0,3.0,3.0,12.0,3.0,12.0,24.0
31,BROMURO DE OTILONIO CAJA X 30 BLIST X 15,51.0,,,,,,6.0,,,,,,45.0,29.0,3.8,GABRIEL,2027-05-01,0.0,,2025-03-01,15.0,3.0,12.0,7.0,37.0,9.25,37.0,74.0
32,BRONCOMAT 15 ML SOL/PARA RAESPIRAR,3.0,,,,,,,,,,,,3.0,7.0,58.0,SOLER,2026-05-01,2.0,,2025-03-01,2.0,1.0,1.0,1.0,5.0,1.25,5.0,10.0
33,BRONCUROL NF BLIST X 10 TABS,84.0,,,,,,,,,,,,84.0,16.0,2.5,ROSADEL,2026-04-01,0.0,,2025-02-01,6.0,10.0,18.0,16.0,50.0,12.5,50.0,100.0
34,CALAMINA LOCION 100ML CAPLIN,3.0,,,,,,,,,,,,3.0,9.0,14.0,,2027-06-01,4.0,,2025-04-01,2.0,1.0,2.0,1.0,6.0,1.5,6.0,12.0
35,CEFADROXILO 250MG/60ML SUS SELEC,5.0,,,,,,,,,,,,5.0,3.0,22.0,SOLER,2028-04-01,0.0,,2023-08-01,1.0,1.0,1.0,1.0,4.0,1.0,4.0,8.0
36,CEFADROXILO 500MG BLIS X 10 CAJA 50 TAB SELECT,4.0,,,,,,,,,,,,4.0,4.0,15.0,,2026-10-01,0.0,,2024-11-01,1.0,1.0,1.0,1.0,4.0,1.0,4.0,8.0
37,CEFIXIMA 400 MG CAJA X 5 CAPS SELEC,2.0,,,,,,,,,,,,2.0,4.6,52.0,,2027-09-01,2.0,,2025-04-01,0.3,1.0,1.0,1.0,3.3,0.825,3.3,6.6
38,CIKRASEL 40G SPRAY,2.0,,,,,,,,,,,,2.0,6.0,66.0,,2026-08-01,1.0,,2024-08-01,1.0,1.0,1.0,1.0,4.0,1.0,4.0,8.0
39,CIKRASEL CREMA TUBO 30GMS,2.0,,,,,,,,,,,,2.0,6.0,35.0,,2027-06-01,1.0,,2025-04-01,1.0,1.0,1.0,1.0,4.0,1.0,4.0,8.0
40,CIPROFIBRATO 100MG BLISTER X 10 CAJA X 30 SELEC,6.0,,,,,,,,,,,,6.0,26.0,33.0,,2028-04-01,3.0,,2025-03-01,2.0,9.0,2.0,3.0,16.0,4.0,16.0,32.0
41,CIPROFLOXACINA 500 MGS BLIST X 10 CAJA X 100,13.0,1.0,,1.0,,,,,,,,,11.0,17.0,7.0,,2027-04-01,2.0,,2025-04-01,6.0,4.0,3.0,1.0,14.0,3.5,14.0,28.0
42,CIRUELAX 75 MG BLISTER X 10  GARDEN,37.0,,,,,,,,,,,,37.0,7.0,2.5,,2026-05-01,2.0,,2025-02-01,6.0,1.0,10.0,5.0,22.0,5.5,22.0,44.0
43,CIRUELAX FORTE CAJA X 24 BLIST X 12,32.0,,,,,,,,,,,,32.0,-20.0,4.33,,2025-07-01,0.0,,2025-01-01,2.0,1.0,2.0,1.0,6.0,1.5,6.0,12.0
44,CLINDAMICINA 300 MG BLISTER X 10 MED PHARMA,5.0,,,,,,,,,,,,5.0,9.0,32.0,,2027-05-01,4.0,,2025-04-01,1.0,3.0,1.0,2.0,7.0,1.75,7.0,14.0
45,CLORA+DEXA+NAFA GOTAS SELEC,4.0,,,,,,,,,,,,4.0,4.0,28.0,B Y F,2026-07-01,1.0,,2025-02-01,1.0,1.0,1.0,1.0,4.0,1.0,4.0,8.0
46,CLORANF+DEXAMETASONA COLIRIO 15 ML SELEC,4.0,,,,,,,,,,,,4.0,6.0,24.0,B Y F,2026-08-01,1.0,,2025-02-01,1.0,2.0,1.0,1.0,5.0,1.25,5.0,10.0
47,CLORANFENICOL 0.5% GOTAS 15 ML SELEC,4.0,,1.0,,,,,,,,,,3.0,3.0,16.0,,2026-05-01,1.0,,2025-04-01,1.0,1.0,2.0,2.0,6.0,1.5,6.0,12.0
48,CLORFENIRAMINA 10 MG AMP SELEC,3.0,,,,,,,,,,,,3.0,11.0,3.5,,2027-11-01,0.0,,2024-04-01,1.0,3.0,2.0,1.0,7.0,1.75,7.0,14.0
49,CLORFENIRAMINA 4 MG BLIS X 20 SELEC CAJA X 100,9.0,,,,,1.0,,,,,,,8.0,12.0,4.0,,2028-08-01,2.0,,2025-04-01,3.0,4.0,2.0,1.0,10.0,2.5,10.0,20.0
50,CLORFENIRAMINA MALEATO 2MG JBE. SELECT,5.0,,,,,,,,,,,,5.0,9.0,10.0,,2028-08-01,5.0,,2025-04-01,3.0,1.0,1.0,2.0,7.0,1.75,7.0,14.0
51,CLOROMILAN CAJA X 102,59.0,,,,6.0,,,,,,,,53.0,41.0,1.0,,2027-04-01,1.0,,2025-04-01,17.0,10.0,10.0,10.0,47.0,11.75,47.0,94.0
52,CLOTRIMAZOL 1 % CREMA 20 GRS SELEC,4.0,1.0,1.0,,,,,,,,,,2.0,2.0,10.0,,2028-09-01,4.0,,2025-04-01,2.0,2.0,1.0,1.0,6.0,1.5,6.0,12.0
53,CLOTRIMAZOL 1 % GEL TOPICO TUBO 20 GRS BALAXI,3.0,1.0,,,,,,,,,,,2.0,3.0,9.0,,2025-11-01,3.0,,2025-04-01,2.0,,1.0,1.0,4.0,1.0,4.0,8.0
54,CLOTRIMAZOL OV VAG 100 MG CAJA X 6 CAPLIN,2.0,,,,,,,,,,,,2.0,4.0,20.0,,2026-12-01,4.0,,2025-04-01,2.0,1.0,1.0,1.0,5.0,1.25,5.0,10.0
55,CLOTRIPLEX TUBO 15 GMS ,2.0,,,,,,,,,1.0,,,1.0,13.0,16.0,,2027-05-01,6.0,,2025-04-01,2.0,1.0,3.0,1.0,7.0,1.75,7.0,14.0
56,COLAGENO CAJA X 100 CAP GEL BLISTER X 10,10.0,,,,,,,,,,,,10.0,4.0,17.0,,2026-11-01,0.0,,2025-03-01,3.0,1.0,2.0,1.0,7.0,1.75,7.0,14.0
57,COLCHICINA 0.5 MG BLISTER X 20 CAJA X 100  SELEC,6.0,,,,,,,,,,,,6.0,4.0,20.0,,2028-02-01,1.0,,2025-03-01,1.0,2.0,1.0,1.0,5.0,1.25,5.0,10.0
58,COLCHICINA 0.5MG BLISTER X 10 CAPLIN,8.0,,,,,,,,,,,,8.0,20.0,10.0,,2026-07-01,0.0,,2024-02-01,1.0,10.0,2.0,1.0,14.0,3.5,14.0,28.0
59,COLECTOR DE HECES C/PALETA 60ML,14.0,,,,,,,,,,,,14.0,14.0,3.0,,,11.0,,2025-02-01,3.0,1.0,2.0,8.0,14.0,3.5,14.0,28.0
60,COLECTOR DE ORINA 120ML,16.0,,,,1.0,,5.0,,,,,,10.0,20.0,3.0,,,40.0,,2025-04-01,11.0,3.0,12.0,9.0,35.0,8.75,35.0,70.0
61,COLECTOR ORINA PEDIATRICO BOLSA OPERSON,2.0,,,,,,,,,,,,2.0,16.0,3.0,,2027-03-01,2.0,,2024-11-01,1.0,2.0,3.0,3.0,9.0,2.25,9.0,18.0
62,CROSPOVIDONA 20%  SUSP 60 ML SELEC,1.0,,,,,,,,,,,,1.0,7.0,58.0,,2027-07-01,0.0,,2025-04-01,1.0,1.0,1.0,1.0,4.0,1.0,4.0,8.0
63,CYCLOFEM AMPOLLA PANAL 1 ML,2.0,,,,,,,,,,,,2.0,4.0,40.0,,2027-10-01,0.0,,2025-02-01,,1.0,1.0,1.0,3.0,0.75,3.0,6.0
64,DENGUINA CAJA X 100 BLIST X 10 ,53.0,,,,,,,,,,,,53.0,21.0,1.0,,2026-11-01,1.0,,2024-09-01,10.0,20.0,2.0,5.0,37.0,9.25,37.0,74.0
65,DEXA+NEOMICINA 1 % OFTALMICA SELEC,2.0,,,,1.0,,,,,,,,1.0,9.0,26.0,,2027-09-01,3.0,,2025-04-01,1.0,1.0,2.0,1.0,5.0,1.25,5.0,10.0
66,DEXAMETASONA AMPOLLA 8 MG CAPLIN,10.0,,,,,2.0,,,,,,,8.0,22.0,4.0,,2027-08-01,4.0,,2025-04-01,6.0,1.0,3.0,5.0,15.0,3.75,15.0,30.0
67,DEXANERVISEL KIT ,4.0,1.0,,,,,,,,,,,3.0,3.0,19.0,,2027-06-01,3.0,,2025-04-01,1.0,2.0,1.0,3.0,7.0,1.75,7.0,14.0
68,DEXASEL 0.5 MG BLISTR X 20 SELEC (DEXAMETASONA),0.0,,,,,,,,,,,,0.0,0.0,0.95,BENDIC,,,,,,,,,,,,
69,DICLOFENACO 1% GEL TUBO 20 GR SELECT,3.0,,,,,,,,,,,,3.0,7.0,12.0,,2027-05-01,0.0,,2024-09-01,1.0,1.0,1.0,2.0,5.0,1.25,5.0,10.0
70,DICLOFENACO 1% GEL TUBO 25 GR BALAXI,3.0,,,,,,,,,,,,3.0,7.0,9.0,,2027-01-01,2.0,,2025-01-01,1.0,2.0,1.0,1.0,5.0,1.25,5.0,10.0
71,DICLOFENACO ACIDO LIBRE 9MG FCO 120 ML SELE,3.0,,,,,,,,,,,,3.0,3.0,20.0,,2027-06-01,3.0,,2025-04-01,1.0,1.0,1.0,3.0,6.0,1.5,6.0,12.0
72,DICLOFENACO AMPOLLA 75 MGS,19.0,,1.0,,2.0,2.0,,,,,,,14.0,14.0,4.0,,2026-05-01,20.0,,2025-04-01,3.0,2.0,7.0,2.0,14.0,3.5,14.0,28.0
73,DICLOFENACO POT 50 MGS BLIST X 10 CAJA X 100 SELEC,25.0,,2.0,,,,,,,,,,23.0,1.0,2.5,,2025-10-01,4.0,,2025-03-01,2.0,4.0,4.0,2.0,12.0,3.0,12.0,24.0
74,DOLOFOR 500 MGS (DIPIRONA MAGNESICA) BLIST X 10,20.0,,,,,,,,,,,,20.0,32.0,2.0,,2027-03-01,0.0,,2025-03-01,10.0,3.0,3.0,10.0,26.0,6.5,26.0,52.0
75,DOLONERVISEL BLIST X 10 CAJA X 100,12.0,,,,,,,,,,,,12.0,6.0,11.0,,2027-06-01,0.0,,2025-04-01,3.0,2.0,2.0,2.0,9.0,2.25,9.0,18.0
76,DROPA GEL (KETOPROFENO 2.5%) 50G,1.0,,,,,,,,,,,,1.0,9.0,40.0,,2027-06-01,2.0,,2025-02-01,2.0,1.0,1.0,1.0,5.0,1.25,5.0,10.0
77,EFFCEE + ZINC  CAJA X 12 TAB. SOBRE X 4,4.0,1.0,,,,,,,,,,,3.0,15.0,18.0,,2026-01-01,4.0,,2025-04-01,1.0,3.0,2.0,3.0,9.0,2.25,9.0,18.0
78,ENALAPRIL 10 MGS BLISTER X 20  CAJA X 100 SELEC,11.0,,,,,,,,,,,,11.0,5.0,8.0,,2026-07-01,0.0,,2025-02-01,2.0,2.0,3.0,1.0,8.0,2.0,8.0,16.0
79,ENALAPRIL 20 MG BLISTER X 10 CAJA X 100  CAPLIN,24.0,,,,,,,,,,,,24.0,-4.0,3.5,B Y F,2026-11-01,0.0,,2025-01-01,1.0,1.0,2.0,6.0,10.0,2.5,10.0,20.0
80,ESOMEPRAZOL 40 MG BLIS X 10  CAJA X 100 BALAXI,15.0,,,,,,,,,,,,15.0,-5.0,20.0,S FCO,2026-09-01,0.0,,2025-01-01,2.0,1.0,1.0,1.0,5.0,1.25,5.0,10.0
81,EX -FLU ANTIGRIPAL GOTAS 30ML SELEC,2.0,,,,,,,,,,,,2.0,6.0,25.0,,2028-01-01,0.0,,2025-03-01,1.0,1.0,1.0,1.0,4.0,1.0,4.0,8.0
82,EX -FLU TOS 120 ML SELEC,4.0,,,,,,,,,,,,4.0,4.0,41.0,B Y F,2027-08-01,5.0,,2025-02-01,1.0,1.0,1.0,1.0,4.0,1.0,4.0,8.0
83,EXFLU AMPOLLA PANAL SELEC ,6.0,,,,,,,,,,,,6.0,5.0,8.0,,2027-11-01,0.0,,2025-04-01,2.0,1.0,2.0,2.0,7.0,1.75,7.0,14.0
84,EXFLU ANTIGRIPAL BLISTER X 10 CAJA X 70,64.0,,,,,,,,,,,,64.0,6.0,0.9,B Y F,2028-06-01,1.0,,2025-03-01,10.0,10.0,5.0,10.0,35.0,8.75,35.0,70.0
85,EX-FLU KIT AMPOLLA SELEC,3.0,,,,,,,,,,,,3.0,5.0,20.0,,2027-09-01,2.0,,2025-01-01,1.0,1.0,1.0,1.0,4.0,1.0,4.0,8.0
86,EX-FLU NIÑOS SINUS 120 ML,1.0,,,,,,,,,,,,1.0,5.0,23.0,,2026-11-01,2.0,,2025-04-01,1.0,,1.0,1.0,3.0,0.75,3.0,6.0
87,FAMOTIDINA 40 MG CAJA X 100 TAB CAPLIN ,11.0,,,,,,1.0,,,,,,10.0,4.0,5.0,,2026-05-01,0.0,,2025-04-01,2.0,2.0,1.0,2.0,7.0,1.75,7.0,14.0
88,FERROCITON B CAJA X 10 AMP BEBIBLES,1.0,,,,,,,,,,,,1.0,7.0,75.0,,2026-06-01,0.0,,2024-08-01,1.0,1.0,1.0,1.0,4.0,1.0,4.0,8.0
89,FLUCONAZOL 150 MGS CAJA X 2 CAPS SELEC,3.0,,,,,,,,,,,,3.0,17.0,6.0,,2027-07-01,4.0,,2025-03-01,2.0,2.0,3.0,3.0,10.0,2.5,10.0,20.0
90,FLUCONAZOL 200 MG  X 2 CAP. CAPLIN,3.0,,,,,,,,,,,,3.0,11.0,6.0,,2026-08-01,5.0,,2025-03-01,1.0,1.0,1.0,4.0,7.0,1.75,7.0,14.0
91,FLUCONAZOL 200 MG X 4 CAPS HIPERFARMA,7.0,,,,,,,,,,,,7.0,11.0,15.0,,2026-11-01,14.0,,2025-04-01,4.0,2.0,2.0,1.0,9.0,2.25,9.0,18.0
92,FLUCONAZOL 200MG SELECT X2 TAB CAJA,3.0,,,,,,,,,,,,3.0,7.0,8.0,,2028-03-01,6.0,,2025-02-01,1.0,2.0,1.0,1.0,5.0,1.25,5.0,10.0
93,FLUFIN ALERGIAS CAJA X 50 BLIS X 10 GEL BLANDA,52.0,,,,,,,,,,,,52.0,94.0,1.2,,2026-11-01,2.0,,2025-04-01,20.0,23.0,10.0,20.0,73.0,18.25,73.0,146.0
94,FLUFIN AM SOBRE 2 GEL CAPS CAPLIN,10.0,,,,,,,,,,,,10.0,34.0,3.5,B Y F,2025-11-01,0.0,,2024-03-01,4.0,7.0,2.0,9.0,22.0,5.5,22.0,44.0
95,FUROSEMIDA 20 MG AMPOLLA 2 ML CAPLIN,4.0,,,,,,,,,,,,4.0,6.0,4.0,,2026-01-01,0.0,,2023-11-01,1.0,2.0,1.0,1.0,5.0,1.25,5.0,10.0
96,FUROSEMIDA 40 MG CAJA X 100 BLIST X 10 CAPLIN,8.0,,,,,,,,,,,,8.0,6.0,3.0,,2027-03-01,0.0,,2025-03-01,3.0,2.0,1.0,1.0,7.0,1.75,7.0,14.0
97,FUROSEMIDA 40MG BLISTER X 10 SELEC,19.0,4.0,1.0,,,,,,,,,,14.0,1.0,5.0,B Y F,2029-10-01,1.0,,2025-04-01,1.0,1.0,2.0,3.0,7.0,1.75,7.0,14.0
98,GENTAMICINA 80 MG/2ML AMPOLLA CAPLIN ,8.0,,,,,,,,,,,,8.0,6.0,3.0,,2026-03-01,10.0,,2025-01-01,2.0,3.0,1.0,1.0,7.0,1.75,7.0,14.0
99,GLIBENCLAMIDA 5 MG   BLISTER X 20 CAJA X 100 SELEC,7.0,,,,,,,,,,,,7.0,15.0,4.0,,2027-10-01,1.0,,2025-03-01,3.0,3.0,3.0,2.0,11.0,2.75,11.0,22.0
100,GLIMEPIRIDA 4 MG BLISTER X 10 CAJA X 100 CAPLIN,6.0,,,,,,,,,,,,6.0,4.0,6.0,,2026-07-01,0.0,,2025-02-01,2.0,1.0,1.0,1.0,5.0,1.25,5.0,10.0
101,GOTERO PLASTICO,4.0,,,,,,,,,,,,4.0,4.0,4.0,,,4.0,,2025-02-01,1.0,1.0,1.0,1.0,4.0,1.0,4.0,8.0
102,GUAYACOLATO CON JBE.TOLU 120ML MENTOL HIPERFARM,3.0,,,,,1.0,,,,,,,2.0,10.0,28.0,BENDIC,2026-12-01,5.0,,2025-04-01,2.0,2.0,1.0,1.0,6.0,1.5,6.0,12.0
103,HIDROCORTISONA 0.25 SELEC ,2.0,,,,,,,,,,,,2.0,8.0,16.0,,2027-10-01,1.0,,2025-04-01,2.0,1.0,1.0,1.0,5.0,1.25,5.0,10.0
104,HIDROCORTIZONA 1% CREMA 30 GRS SELEC,2.0,,,,,,,,,,,,2.0,6.0,20.0,B Y F,2027-09-01,2.0,,2025-01-01,1.0,1.0,1.0,1.0,4.0,1.0,4.0,8.0
105,HIERRO +ACIDO FOLICO X 30 TAB. SELEC,4.0,,,,,,,,,,,,4.0,4.0,17.0,B Y F,2027-06-01,0.0,,2024-11-01,1.0,1.0,1.0,1.0,4.0,1.0,4.0,8.0
106,IBUPROFEN 100MG/5ML SUSP SELEC,4.0,,,,,,,,,,,,4.0,6.0,14.0,,2028-07-01,2.0,,2025-03-01,1.0,1.0,2.0,1.0,5.0,1.25,5.0,10.0
107,IBUPROFENO+METOCARBA CAJA X 30 BLIST X 10 ,60.0,,2.0,,2.0,1.0,,,,25.0,,,30.0,124.0,1.9,,2027-06-01,4.0,,2025-03-01,13.0,29.0,13.0,22.0,77.0,19.25,77.0,154.0
108,IRBERSARTAN 150 MGS CAJA X 30 BLIST X 10 SELEC,4.0,,,,,,,,,,,,4.0,4.0,28.0,,2028-06-01,4.0,,2025-02-01,1.0,1.0,1.0,1.0,4.0,1.0,4.0,8.0
109,IRBERSARTAN 300 MG CAJA X 30 BLIST X 10  SELEC,3.0,,,,,,,,,,,,3.0,5.0,33.0,,2026-07-01,0.0,,2024-10-01,1.0,1.0,1.0,1.0,4.0,1.0,4.0,8.0
110,IRBESARTAN 150/12.5MG HIDROCLO X 30 TABS CAPLIN,2.0,,,,,,,,,,,,2.0,8.0,38.33,,2025-09-01,0.0,,2024-06-01,1.0,1.0,1.0,2.0,5.0,1.25,5.0,10.0
111,KETOROLACO 60MG/2ML AMPOLLA VIJOSA,10.0,,,,,,,,,,,,10.0,10.0,13.0,,2025-10-01,0.0,,2025-03-01,1.0,4.0,3.0,2.0,10.0,2.5,10.0,20.0
112,LACTULOSA 10 GRS SUSP 240 ML CAPLIN,2.0,,,,,,,,,,,,2.0,-2.0,130.0,,2027-03-01,,,2025-03-01,,,,,,,,
113,LAGRIMAS OCULARES GRS 15 ML GOTAS SELEC,3.0,,,,,,,,,,,,3.0,5.0,30.0,GABRIEL,2027-06-01,0.0,,2025-03-01,1.0,1.0,1.0,1.0,4.0,1.0,4.0,8.0
114,LANSOPRAZOL 30 MGS CAJA X 100 BLIST X 10 LOTUS,315.0,,60.0,,20.0,,,,,20.0,,,215.0,1267.0,0.7,,2026-08-01,7.0,,2025-04-01,181.0,152.0,193.0,215.0,741.0,185.25,741.0,1482.0
115,LEVOFLOXACINA 500 MG BLIST X 10 SELEC UMEDICA,4.0,,,,,,,,,,,,4.0,8.0,28.0,SOLER,2026-10-01,0.0,,2024-12-01,1.0,2.0,2.0,1.0,6.0,1.5,6.0,12.0
116,"LIDOCAINA 1% 3,5 ML PROMEGAL",6.0,,,,,,,,,1.0,,,5.0,7.0,3.0,,2026-06-01,0.0,,2025-01-01,1.0,1.0,2.0,2.0,6.0,1.5,6.0,12.0
117,LIDOCAINA 2% CAPLIN 3ML,13.0,,,,,,,,,,,,13.0,9.0,3.0,,2026-08-01,0.0,,2025-02-01,1.0,4.0,3.0,3.0,11.0,2.75,11.0,22.0
118,LOPERAMIDA 2MG CAJA X 100 BLIST X 20 SELECT,24.0,1.0,,,,,,,,0.4,,,22.6,-0.6000000000000014,10.0,,2028-02-01,0.0,,2025-04-01,4.0,1.0,2.0,4.0,11.0,2.75,11.0,22.0
119,LOSARTAN 100 MG BLIS X 10 CAJA X 100 BALAXI,2.0,,,,,,,,,,,,2.0,8.0,7.0,,2026-03-01,0.0,,2024-12-01,2.0,1.0,1.0,1.0,5.0,1.25,5.0,10.0
120,LOSARTAN 50 MG BLIS X 10  CAJA X 100 BALAXI,14.0,,,,,,,,,,,,14.0,4.0,5.0,,2025-07-01,0.0,,2024-12-01,4.0,1.0,2.0,2.0,9.0,2.25,9.0,18.0
121,LUBRICANTE VIVE SASHET 5 ML SIN SABOR,4.0,,,,,,,,,,,,4.0,4.0,6.0,,2026-09-01,0.0,,2025-04-01,1.0,1.0,1.0,1.0,4.0,1.0,4.0,8.0
122,LUBRICANTE VIVE SASHET 5 ML FRESA,3.0,,,,,,,,,,,,3.0,3.0,6.0,,2027-03-01,0.0,,2025-04-01,1.0,1.0,1.0,1.0,4.0,1.0,4.0,8.0
123,MEBENDAZOL 100MG SUSP 30 ML SELEC,3.0,,,,,,,,,,,,3.0,4.0,10.0,,2027-06-01,4.0,,2025-04-01,2.0,2.0,1.0,2.0,7.0,1.75,7.0,14.0
124,MEBENDAZOL 100MGX BLIST X 6 TAB,6.0,,1.0,,,,,,,,,,5.0,4.0,4.0,,2027-01-01,6.0,,2025-04-01,3.0,1.0,6.0,1.0,11.0,2.75,11.0,22.0
125,MELOXICAM 15 MG/1.5 ML AMP SELEC,8.0,,,,,,,,,,,,8.0,10.0,7.0,,2026-06-01,0.0,,2024-12-01,3.0,2.0,2.0,2.0,9.0,2.25,9.0,18.0
126,MELOXICAN 15MG CAJA X 30 TABS BLIST X 10 SELEC,9.0,,,,,,,,,1.0,,,8.0,32.0,6.0,B Y F,2029-10-01,7.0,,2025-04-01,2.0,9.0,5.0,4.0,20.0,5.0,20.0,40.0
127,MENOESTROGEN CAJA X 30 CAPS  BLIST X 10 FARMALINE,1.0,,,,,,,,,,,,1.0,7.0,16.0,,2026-01-01,0.0,,2024-04-01,1.0,1.0,1.0,1.0,4.0,1.0,4.0,8.0
128,METFO+GLIB 850/5MG BLIST X 10 CAJA X 100 INFASA,13.0,,,,,,,,,,,,13.0,1.0,10.0,,2027-06-01,2.0,,2025-04-01,2.0,5.0,1.0,3.0,11.0,2.75,11.0,22.0
129,METFORMINA 500 MG  BLIST X 10 CAJA X 30 SELEC,6.0,,,,,,,,,,,,6.0,1.0,8.33,,2028-09-01,2.0,,2025-04-01,1.0,1.0,1.0,2.0,5.0,1.25,5.0,10.0
130,METOCARBAMOL AMP SELECT,8.0,,,,,,,,,,,,8.0,6.0,8.0,B Y F,2027-01-01,0.0,,2025-03-01,3.0,1.0,2.0,1.0,7.0,1.75,7.0,14.0
131,METRIZOL V OVULOS CAJA X 10 (METRO+NISTA),2.0,,,,,,,,,,,,2.0,6.0,38.0,,2026-05-01,1.0,,2024-12-01,2.0,1.0,1.0,,4.0,1.0,4.0,8.0
132,METRONIDAZOL 125 MG SUSP 120 ML SELEC,6.0,,,,,,,,,,,,6.0,10.0,13.0,,2027-06-01,5.0,,2025-03-01,1.0,4.0,1.0,2.0,8.0,2.0,8.0,16.0
133,METRONIDAZOL 500 MG BLIST X 10 CAJA X 100  CAPLIN,10.0,1.0,,,1.0,,,,,,,,8.0,14.0,5.0,,2027-08-01,1.0,,2025-03-01,1.0,2.0,3.0,5.0,11.0,2.75,11.0,22.0
134,METRONIDAZOL 500 MGS X 10 OVULOS VAG CAPLIN,2.0,,,,,,,,,,,,2.0,8.0,25.0,,2026-12-01,2.0,,2025-03-01,2.0,1.0,1.0,1.0,5.0,1.25,5.0,10.0
135,METRONIDAZOL+ NIST CAJA 5 OV CAPLIN,2.0,,,,,,,,,,,,2.0,6.0,26.0,,2026-09-01,2.0,,2025-01-01,1.0,1.0,1.0,1.0,4.0,1.0,4.0,8.0
136,MICONAZOL 2% CREMA 15 GRS CAPLIN,2.0,,,,,,,,,,,,2.0,2.0,12.0,,2027-06-01,0.0,,2025-01-01,,1.0,,1.0,2.0,0.5,2.0,4.0
137,MIGRAPTAN (CLONIXATO + ERGOTAMINA) BLISTER  X 10,0.0,,,,,,,,,,,,0.0,0.0,2.0,,,,,,,,,,0.0,0.0,0.0,0.0
138,MUCOBROXOL 120 ML ,5.0,,,,,,,,,,,,5.0,5.0,32.0,,2026-08-01,2.0,,2025-04-01,1.0,1.0,1.0,2.0,5.0,1.25,5.0,10.0
139,"NERVISEL 10,000 AMPOLLA SELEC PANAL",5.0,,,,,,,,,,,,5.0,17.0,10.0,,2026-07-01,0.0,,2024-11-01,2.0,2.0,5.0,2.0,11.0,2.75,11.0,22.0
140,"NERVISEL 25,000  AMPOLLA PANAL SELECT ",5.0,,,,,,,,,,,,5.0,13.0,12.0,,2027-02-01,10.0,,2025-04-01,3.0,2.0,3.0,1.0,9.0,2.25,9.0,18.0
141,"NERVISEL 25,000 KIT SELEC",4.0,,,,1.0,,,,,,,,3.0,11.0,17.0,B Y F,2027-06-01,6.0,,2025-04-01,1.0,1.0,1.0,4.0,7.0,1.75,7.0,14.0
142,NERVISEL TABS BLIST X 10 CAJA X 30,4.0,,,,,,,,,,,,4.0,10.04,10.0,SOLER,2026-11-01,1.0,,2025-04-01,3.0,1.02,1.0,2.0,7.02,1.755,7.02,14.04
143,OLMERSARTAN MEDOXOMIL 40 MGS BLIST X 10 AJA X 30 CAP,4.0,,,,,,,,,,,,4.0,8.0,49.0,,2027-06-01,1.0,,2025-04-01,1.0,3.0,1.0,1.0,6.0,1.5,6.0,12.0
144,PANTOPRAZOL 40 MG BLIST X 10 CAJA X 100 CAPLIN,10.0,,,,,,,,,,,,10.0,-2.0,15.0,,2027-07-01,0.0,,2025-04-01,1.0,1.0,1.0,1.0,4.0,1.0,4.0,8.0
145,PIROXICAM 20 MG BLIST X 10 CAJA X 100  ,24.0,,,,1.0,1.0,1.0,,,,,,21.0,13.0,4.0,,2027-07-01,2.0,,2025-04-01,5.0,6.0,4.0,2.0,17.0,4.25,17.0,34.0
146,PIROXICAM AMPOLLA 40 MGS,12.0,,,,,2.0,,,,,,,10.0,10.0,4.0,,2027-07-01,10.0,,2025-04-01,2.0,2.0,12.0,6.0,22.0,5.5,22.0,44.0
147,PREDNISONA 5MG BLIST X 20 CAJA X 100  SELEC,7.0,,,,,,,,,,,,7.0,3.0,10.0,RABI,2028-04-01,0.0,,2025-03-01,2.0,1.0,1.0,1.0,5.0,1.25,5.0,10.0
148,PREGABALINA 150MGS CAJA X 10 TABS  CAPLIN,20.0,,,,,,,,,,,,20.0,14.0,9.5,,2027-06-01,0.0,,2025-03-01,6.0,2.0,6.0,3.0,17.0,4.25,17.0,34.0
149,PRENATALES BLISTRER X 10 CAJA X 100  TABS CAPLIN,0.0,,,,,,,,,,,,0.0,0.0,4.0,,,0.0,,,,,,,0.0,0.0,0.0,0.0
150,PROPANOLOL 40 MG CAJA X 100 BLIST X 10 CAPLIN,13.0,,,,,,2.0,,,,,,11.0,13.0,3.0,,2026-09-01,0.0,,2025-03-01,3.0,4.0,2.0,3.0,12.0,3.0,12.0,24.0
151,PROPOLDERMA SPRAY BUCAL 30 ML ,3.0,,,,,,,,,,,,3.0,5.0,55.0,,2026-09-01,1.0,,2025-04-01,1.0,1.0,1.0,1.0,4.0,1.0,4.0,8.0
152,RECOVER 1 LT CEREZA ,1.0,,,,,,,,,,,,1.0,7.0,23.0,,2026-11-01,1.0,,2025-04-01,1.0,1.0,1.0,1.0,4.0,1.0,4.0,8.0
153,RECOVER 1 LT COCO ,1.0,,,,,,,,,,,,1.0,9.0,23.0,,2027-09-01,2.0,,2025-02-01,1.0,1.0,2.0,1.0,5.0,1.25,5.0,10.0
154,RECOVER 1 LT MANZANA ,1.0,,,,,,,,,,,,1.0,7.0,23.0,,2026-11-01,1.0,,2025-03-01,1.0,1.0,1.0,1.0,4.0,1.0,4.0,8.0
155,RECOVER 1 LT MELOCOTON ,1.0,,,,,,,,,,,,1.0,9.0,23.0,,2027-04-01,1.0,,2025-02-01,1.0,2.0,1.0,1.0,5.0,1.25,5.0,10.0
156,RECOVER 500ML CEREZA,2.0,,,,,,,,,,,,2.0,8.0,15.0,,2026-11-01,2.0,,2025-04-01,1.0,1.0,1.0,2.0,5.0,1.25,5.0,10.0
157,RECOVER 500ML COCO,1.0,,,,,,,,,,,,1.0,9.0,15.0,,2026-09-01,2.0,,2025-03-01,1.0,1.0,2.0,1.0,5.0,1.25,5.0,10.0
158,RECOVER 500ML MANZANA,1.0,,,,,,,,,,,,1.0,7.0,15.0,SOLER,2027-01-01,2.0,,2025-03-01,1.0,1.0,1.0,1.0,4.0,1.0,4.0,8.0
159,RECOVER 500ML MELOCOTON,2.0,,,,,,,,,,,,2.0,8.0,15.0,SOLER,2027-04-01,1.0,,2025-03-01,2.0,1.0,1.0,1.0,5.0,1.25,5.0,10.0
160,RECOVER DIABETICO LITRO CEREZA,2.0,,,,1.0,,,,,,,,1.0,3.0,29.0,,2026-09-01,1.0,,2025-03-01,,,1.0,1.0,2.0,0.5,2.0,4.0
161,RECOVER DIABETICO LITRO COCO,1.0,,,,,,,,,,,,1.0,3.0,29.0,,2026-09-01,1.0,,2025-03-01,,1.0,1.0,,2.0,0.5,2.0,4.0
162,RECOVER DIABETICO LITRO MANZANA,1.0,,,,,,,,,,,,1.0,1.0,29.0,,2026-09-01,1.0,,2025-04-01,1.0,,,,1.0,0.25,1.0,2.0
163,RECOVER DIABETICO LITRO PIÑA,1.0,,,,,,,,,,,,1.0,3.0,29.0,,2026-09-01,1.0,,2025-04-01,1.0,,1.0,,2.0,0.5,2.0,4.0
164,RESTALER (LORATAD + BETA) CAJA X 10 TAB,15.0,,,,,,,,,3.0,,,12.0,40.0,6.0,,2025-12-01,2.0,,2025-03-01,9.0,12.0,2.0,3.0,26.0,6.5,26.0,52.0
165,SALBUTAMOL 2MG 120 ML SELEC,2.0,,,,,,,,,,,,2.0,6.0,11.0,SOLER/RABI,2027-05-01,0.0,,2025-04-01,1.0,1.0,1.0,1.0,4.0,1.0,4.0,8.0
166,SEXTRON (SILDENAFIL) 100 MG X 1TAB,4.0,,,,,,,,,,,,4.0,4.0,9.0,,2027-05-01,0.0,,2025-03-01,1.0,1.0,1.0,1.0,4.0,1.0,4.0,8.0
167,SILDENALFIN 100 MG X4 TBS UMEDICA,12.0,2.0,,,,,,,,,,,10.0,22.0,17.0,,2027-07-01,22.0,,2025-04-01,6.0,4.0,4.0,2.0,16.0,4.0,16.0,32.0
168,SIMETICONA 100MG/ML GTS. FCO 30ML SELECT,2.0,,,,,,,,,,,,2.0,8.0,25.0,SOLER,2027-06-01,0.0,,2025-01-01,2.0,1.0,1.0,1.0,5.0,1.25,5.0,10.0
169,SIMETICONA 40MG MAST BLIST X 10 SELEC CAJA X 30,94.0,,,20.0,,,,,,,,,74.0,164.0,0.7,,2027-01-01,5.0,,2025-04-01,3.0,60.0,26.0,30.0,119.0,29.75,119.0,238.0
170,SOLUTO VITAL 15 ML,2.0,,,,,,,,,,,,2.0,8.0,30.0,,2027-02-01,1.0,,2024-12-01,1.0,1.0,1.0,2.0,5.0,1.25,5.0,10.0
171,SUERO EN POLVO CEREZA  1LT CAPLIN X 50,53.0,,,,,,,,,,,,53.0,-37.0,4.0,,2026-08-01,1.0,,2025-03-01,4.0,1.0,1.0,2.0,8.0,2.0,8.0,16.0
172,SULFACETAMIDA 10% 15 ML GOT SLECT,1.0,,,,,,,,,,,,1.0,7.0,20.0,B Y F,2026-01-01,0.0,,2024-08-01,1.0,1.0,1.0,1.0,4.0,1.0,4.0,8.0
173,TADALALFIL 20 MG X 4 TAB BALAXI DISP X 10 CAJITAS BLIST X 4,6.0,,,,,,,,,,,,6.0,10.0,9.0,,2027-06-01,0.0,,2025-03-01,1.0,1.0,5.0,1.0,8.0,2.0,8.0,16.0
174,TAPE-C B X 2 CAPLIN,2.0,,,2.0,,,,,,,,,0.0,60.0,1.5,,2025-10-01,0.0,,2024-12-01,8.0,6.0,10.0,6.0,30.0,7.5,30.0,60.0
175,TETRACICLINA CAJA X 100 BLIST X 10 THERFAM,0.0,,,,,,,,,,,,0.0,10.0,72.0,,2027-06-01,0.0,,2025-04-01,,5.0,,,5.0,1.25,5.0,10.0
176,THIORELAX (TIOCOLCHICÓSICO) 8 MG X 10 TABS,22.0,,,,,,,,,,,,22.0,50.0,8.0,BYF,2026-03-01,1.0,,2025-01-01,11.0,12.0,4.0,9.0,36.0,9.0,36.0,72.0
177,TINIDAZOL 500 MG BLIST X 10 CAJA X 100 CAPLIN,17.0,,,,,,,,,,,,17.0,-5.0,6.0,,2026-05-01,0.0,,2024-03-01,1.0,1.0,1.0,3.0,6.0,1.5,6.0,12.0
178,TOALLITAS DE ALCOHOL X 200,208.0,,,,20.0,12.0,,,,,,,176.0,-94.0,0.25,,2028-01-01,1.0,,2025-03-01,5.0,16.0,8.0,12.0,41.0,10.25,41.0,82.0
179,TOSIFLEM JARABE 240 ML,4.0,,,,,,,,,,,,4.0,10.0,37.0,,2026-12-01,5.0,,2025-04-01,2.0,2.0,2.0,1.0,7.0,1.75,7.0,14.0
180,TOSSADIOS FCO CON  100 CARAMELOS,56.0,,,,,,6.0,,,10.0,,,40.0,24.0,0.5,,2026-11-01,0.0,,2025-01-01,10.0,16.0,5.0,1.0,32.0,8.0,32.0,64.0
181,TRAMADOL 50MG CAJA X 100 BLIST X 10 CAPLIN,15.0,,,,2.0,,,,,1.0,,,12.0,22.0,12.0,B Y F,2027-08-01,1.0,,2025-04-01,4.0,6.0,6.0,1.0,17.0,4.25,17.0,34.0
182,TRAMADOL AMPOLLA  2ML BANDEJA X 10 AMP ,9.0,,,,,,,,,,,,9.0,11.0,9.0,,2027-02-01,10.0,,2025-02-01,3.0,3.0,3.0,1.0,10.0,2.5,10.0,20.0
183,TRESBIOT 20 GRS CAPLIN,1.0,,,,,,,,,,,,1.0,7.0,25.0,B Y F,2026-11-01,2.0,,2025-03-01,1.0,1.0,1.0,1.0,4.0,1.0,4.0,8.0
184,TRILOX 180 ML,4.0,,,,,,,,,,,,4.0,4.0,20.0,,2026-10-01,0.0,,2025-02-01,1.0,1.0,1.0,1.0,4.0,1.0,4.0,8.0
185,TRILOX 360 ML,4.0,,1.0,,,,,,,,,,3.0,7.0,28.0,,2027-11-01,3.0,,2025-04-01,2.0,1.0,1.0,1.0,5.0,1.25,5.0,10.0
186,TRIMETOPRIM 120 ML SELEC (SULFABAC),8.0,1.0,,,1.0,,,,,,,,6.0,10.0,16.0,,2028-08-01,8.0,,2025-04-01,2.0,2.0,3.0,1.0,8.0,2.0,8.0,16.0
187,TRIMETOPRIM BLISTER X 10 TABS CAJA X 100  CAPLIN,13.0,,,,2.0,1.0,,,,,,,10.0,42.0,6.0,,2027-02-01,2.0,,2025-04-01,7.0,7.0,5.0,7.0,26.0,6.5,26.0,52.0
188,UNIACT-V  JABON INTIMO FEMENINO 200 ML CAPLIN,1.0,,,,,,,,,,,,1.0,9.0,43.0,,2026-09-01,2.0,,2025-02-01,1.0,2.0,1.0,1.0,5.0,1.25,5.0,10.0
189,UNICIL L-A 2.4 MEGA (PENI BENA) VIAL UNIPHARM,2.0,,,,,,,,,,,,2.0,6.0,47.0,,2026-11-01,0.0,,2025-01-01,1.0,1.0,1.0,1.0,4.0,1.0,4.0,8.0
190,UNIPEC 120 ML ,0.0,,,,,,,,,,,,0.0,0.0,25.0,,,0.0,,,,,,,0.0,0.0,0.0,0.0
191,VALSARTAN 80 MG CAJA X 30 TAB CAPLIN,2.0,,,,,,,,,,,,2.0,8.0,35.0,,2025-08-01,0.0,,2025-02-01,1.0,1.0,2.0,1.0,5.0,1.25,5.0,10.0
192,"VENDA ELASTICA 2"" X 5 ",3.0,,,,,,,,,,,,3.0,2.0,6.0,,2029-04-01,2.0,,2025-04-01,3.0,1.0,1.0,1.0,6.0,1.5,6.0,12.0
193,VENDA ELASTICA 3 X 5,2.0,,,,,,,,,,,,2.0,2.0,8.0,,2029-02-01,0.0,,2025-04-01,1.0,1.0,1.0,2.0,5.0,1.25,5.0,10.0
194,"VENDA ELASTICA 4"" X 5 ",2.0,,,,,,,,,,,,2.0,6.0,11.0,,2029-02-01,5.0,,2025-04-01,1.0,1.0,1.0,1.0,4.0,1.0,4.0,8.0
195,VENDA ELASTICA 6 X 5 ,2.0,,,,,,,,,,,,2.0,10.0,15.0,,2028-04-01,2.0,,2024-07-01,1.0,2.0,1.0,2.0,6.0,1.5,6.0,12.0
196,VENOTROPA X 30CAPS FARMALIN,5.0,,,,,,,,,,,,5.0,39.0,16.0,,2027-01-01,0.0,,2025-04-01,3.0,6.0,3.0,10.0,22.0,5.5,22.0,44.0
197,VIRIMAN PLUS (TADALAFIL 20 MG SELEC) CAJA X 1 TAB,6.0,2.0,,,,,,,,,,,4.0,4.0,8.0,,2027-03-01,7.0,,2025-04-01,3.0,2.0,1.0,2.0,8.0,2.0,8.0,16.0
198,"VITAMINA C 500 MG MASTICABLE BLIST, X 10 CAJA X 100 ",11.0,,,,,1.0,,,,1.0,,,9.0,1.0,10.0,,2027-03-01,0.0,,2025-03-01,1.0,2.0,1.0,1.0,5.0,1.25,5.0,10.0
199,VITAMINA E 1000 UI BLIST X 10 CAJA X 60 GELC KURANTIS,5.0,,,,,,,,,,,,5.0,5.0,26.0,,2026-03-01,0.0,,2024-10-01,1.0,1.0,2.0,1.0,5.0,1.25,5.0,10.0
200,VITAMINA E 400 IU BLIS X 10 GEL CAPS CAJA X 60  KURANTIS,38.0,,,,,,,,,,,,38.0,42.0,1.5,,2026-02-01,0.0,,2025-02-01,10.0,10.0,10.0,10.0,40.0,10.0,40.0,80.0
201,ZIGNET PLUS CAJA X 10 TABS ,0.0,,,,,,,,,,,,0.0,0.0,2.3,,,,,,,,,,,,,
202,,,,,,,,,,,,,,0.0,0.0,,,,,,,,,,,0.0,0.0,0.0,0.0
203,,,,,,,,,,,,,,0.0,0.0,,,,,,,,,,,0.0,0.0,0.0,0.0
204,,,,,,,,,,,,,,0.0,0.0,,,,,,,,,,,0.0,0.0,0.0,0.0
205,,,,,,,,,,,,,,0.0,0.0,,,,,,,,,,,0.0,0.0,0.0,0.0
206,,,,,,,,,,,,,,0.0,0.0,,,,,,,,,,,0.0,0.0,0.0,0.0
207,,,,,,,,,,,,,,,,,,,,,,,,,,,,,
208,,,,,,,,,,,,,,,,,,,,,,,,,,,,,
209,,,,,,,,,,,,,,,,,,,,,,,,,,,,,
210,,,,,,,,,,,,,,,,,,,,,,,,,,,,,
211,,,,,,,,,,,,,,,,,,,,,,,,,,,,,
212,,,,,,,,,,,,,,,,,,,,,,,,,,,,,
213,,,,,,,,,,,,,,,,,,,,,,,,,,,,,
214,,,,,,,,,,,,,,,,,,,,,,,,,,,,,
215,,,,,,,,,,,,,,,,,,,,,,,,,,,,,
216,,,,,,,,,,,,,,,,,,,,,,,,,,,,,
217,,,,,,,,,,,,,,,,,,,,,,,,,,,,,
218,,,,,,,,,,,,,,,,,,,,,,,,,,,,,
219,,,,,,,,,,,,,,,,,,,,,,,,,,,,,
220,,,,,,,,,,,,,,,,,,,,,,,,,,,,,
221,,,,,,,,,,,,,,,,,,,,,,,,,,,,,
222,,,,,,,,,,,,,,,,,,,,,,,,,,,,,
223,,,,,,,,,,,,,,,,,,,,,,,,,,,,,
224,,,,,,,,,,,,,,,,,,,,,,,,,,,,,
225,,,,,,,,,,,,,,,,,,,,,,,,,,,,,
226,,,,,,,,,,,,,,,,,,,,,,,,,,,,,
227,,,,,,,,,,,,,,,,,,,,,,,,,,,,,
228,,,,,,,,,,,,,,,,,,,,,,,,,,,,,
229,,,,,,,,,,,,,,,,,,,,,,,,,,,,,
230,,,,,,,,,,,,,,,,,,,,,,,,,,,,,
231,,,,,,,,,,,,,,,,,,,,,,,,,,,,,
232,,,,,,,,,,,,,,,,,,,,,,,,,,,,,
233,,,,,,,,,,,,,,,,,,,,,,,,,,,,,
234,,,,,,,,,,,,,,,,,,,,,,,,,,,,,
235,,,,,,,,,,,,,,,,,,,,,,,,,,,,,
236,,,,,,,,,,,,,,,,,,,,,,,,,,,,,
237,,,,,,,,,,,,,,,,,,,,,,,,,,,,,
238,,,,,,,,,,,,,,,,,,,,,,,,,,,,,
239,,,,,,,,,,,,,,,,,,,,,,,,,,,,,
240,,,,,,,,,,,,,,,,,,,,,,,,,,,,,
241,,,,,,,,,,,,,,,,,,,,,,,,,,,,,
242,,,,,,,,,,,,,,,,,,,,,,,,,,,,,
243,,,,,,,,,,,,,,,,,,,,,,,,,,,,,
244,,,,,,,,,,,,,,,,,,,,,,,,,,,,,
245,,,,,,,,,,,,,,,,,,,,,,,,,,,,,
246,,,,,,,,,,,,,,,,,,,,,,,,,,,,,
247,,,,,,,,,,,,,,,,,,,,,,,,,,,,,
248,,,,,,,,,,,,,,,,,,,,,,,,,,,,,
249,,,,,,,,,,,,,,,,,,,,,,,,,,,,,
250,,,,,,,,,,,,,,,,,,,,,,,,,,,,,
251,,,,,,,,,,,,,,,,,,,,,,,,,,,,,
252,,,,,,,,,,,,,,,,,,,,,,,,,,,,,
253,,,,,,,,,,,,,,,,,,,,,,,,,,,,,
254,,,,,,,,,,,,,,,,,,,,,,,,,,,,,
255,,,,,,,,,,,,,,,,,,,,,,,,,,,,,
256,,,,,,,,,,,,,,,,,,,,,,,,,,,,,
257,,,,,,,,,,,,,,,,,,,,,,,,,,,,,
258,,,,,,,,,,,,,,,,,,,,,,,,,,,,,
259,,,,,,,,,,,,,,,,,,,,,,,,,,,,,
260,,,,,,,,,,,,,,,,,,,,,,,,,,,,,
261,,,,,,,,,,,,,,,,,,,,,,,,,,,,,
262,,,,,,,,,,,,,,,,,,,,,,,,,,,,,
263,,,,,,,,,,,,,,,,,,,,,,,,,,,,,
264,,,,,,,,,,,,,,,,,,,,,,,,,,,,,
265,,,,,,,,,,,,,,,,,,,,,,,,,,,,,
266,,,,,,,,,,,,,,,,,,,,,,,,,,,,,
267,,,,,,,,,,,,,,,,,,,,,,,,,,,,,
268,,,,,,,,,,,,,,,,,,,,,,,,,,,,,
269,,,,,,,,,,,,,,,,,,,,,,,,,,,,,
270,,,,,,,,,,,,,,,,,,,,,,,,,,,,,
271,,,,,,,,,,,,,,,,,,,,,,,,,,,,,
272,,,,,,,,,,,,,,,,,,,,,,,,,,,,,
273,,,,,,,,,,,,,,,,,,,,,,,,,,,,,
274,,,,,,,,,,,,,,,,,,,,,,,,,,,,,
275,,,,,,,,,,,,,,,,,,,,,,,,,,,,,
276,,,,,,,,,,,,,,,,,,,,,,,,,,,,,
277,,,,,,,,,,,,,,,,,,,,,,,,,,,,,
278,,,,,,,,,,,,,,,,,,,,,,,,,,,,,
279,,,,,,,,,,,,,,,,,,,,,,,,,,,,,
280,,,,,,,,,,,,,,,,,,,,,,,,,,,,,
281,,,,,,,,,,,,,,,,,,,,,,,,,,,,,
282,,,,,,,,,,,,,,,,,,,,,,,,,,,,,
283,,,,,,,,,,,,,,,,,,,,,,,,,,,,,
284,,,,,,,,,,,,,,,,,,,,,,,,,,,,,
285,,,,,,,,,,,,,,,,,,,,,,,,,,,,,
286,,,,,,,,,,,,,,,,,,,,,,,,,,,,,
287,,,,,,,,,,,,,,,,,,,,,,,,,,,,,
288,,,,,,,,,,,,,,,,,,,,,,,,,,,,,
289,,,,,,,,,,,,,,,,,,,,,,,,,,,,,
290,,,,,,,,,,,,,,,,,,,,,,,,,,,,,
291,,,,,,,,,,,,,,,,,,,,,,,,,,,,,
292,,,,,,,,,,,,,,,,,,,,,,,,,,,,,
293,,,,,,,,,,,,,,,,,,,,,,,,,,,,,
294,,,,,,,,,,,,,,,,,,,,,,,,,,,,,
295,,,,,,,,,,,,,,,,,,,,,,,,,,,,,
296,,,,,,,,,,,,,,,,,,,,,,,,,,,,,
297,,,,,,,,,,,,,,,,,,,,,,,,,,,,,
298,,,,,,,,,,,,,,,,,,,,,,,,,,,,,
299,,,,,,,,,,,,,,,,,,,,,,,,,,,,,
300,,,,,,,,,,,,,,,,,,,,,,,,,,,,,
301,,,,,,,,,,,,,,,,,,,,,,,,,,,,,
302,,,,,,,,,,,,,,,,,,,,,,,,,,,,,
303,,,,,,,,,,,,,,,,,,,,,,,,,,,,,
304,,,,,,,,,,,,,,,,,,,,,,,,,,,,,
305,,,,,,,,,,,,,,,,,,,,,,,,,,,,,
306,,,,,,,,,,,,,,,,,,,,,,,,,,,,,
307,,,,,,,,,,,,,,,,,,,,,,,,,,,,,
308,,,,,,,,,,,,,,,,,,,,,,,,,,,,,
309,,,,,,,,,,,,,,,,,,,,,,,,,,,,,
310,,,,,,,,,,,,,,,,,,,,,,,,,,,,,
311,,,,,,,,,,,,,,,,,,,,,,,,,,,,,
312,,,,,,,,,,,,,,,,,,,,,,,,,,,,,
