No,ARTICULO,EXIST,LUNES AM,LUNES PM,MARTES AM,MARTES PM,MIERCO AM,MIERCO PM,JUEVES AM,JUEVES PM,VIERNES AM,VIERNES PM,SABADO,NVA EXIST,PEDIDO,PP,OBSERVACIONES,FECHA DE VENCIMIENTO,BODEGA,COMPRAS,FECHA DE COMPRA,SEM 28 ABRIL,SEM 5 MAYO,SEM 12 MAYO, SEM 21 ABRIL,TOTAL,PROMEDIO,1 MES,2 MESES,2 MESES.1
1,ACEITE COCO 120 ML ,1.0,,,,,,,,,,,,1.0,7.0,29.0,,2026-08-01,2.0,,2024-11-01,1.0,1.0,1.0,1.0,4.0,1.0,4.0,8.0,16.0
2,AFLAC GOTAS PEDIATRICAS 15 ML  (DICLOFENACO),3.0,,,,,,,,,,,,3.0,-3.0,29.0,,2026-10-01,0.0,,2024-09-01,,,,,0.0,0.0,0.0,0.0,
3,AGUA FLORIDA 4 ROSAS VESA  FCO 70 ML,2.0,,,,,,,,,,,,2.0,12.0,4.0,,,3.0,,2024-10-01,1.0,3.0,1.0,2.0,7.0,1.75,7.0,14.0,0.0
4,AGUA OXIGENADA 480 ML LA ENFERMERITA,5.0,,,,,,,,,,,,5.0,3.0,10.0,,2026-11-01,3.0,,2025-04-01,1.0,5.0,1.0,1.0,8.0,2.0,8.0,16.0,0.0
5,ALCANFOR PURO POLVO LATA 3 GRS DISFAVIL,2.0,,,,,,,,,,,,2.0,6.0,5.0,,2026-04-01,10.0,,2024-12-01,1.0,1.0,1.0,1.0,4.0,1.0,4.0,8.0,58.0
6,ALCOHOL GEL 60 GRS (FQUIMICA),1.0,,,,,,,,,,,,1.0,1.0,15.0,,,2.0,,2024-01-01,,,,1.0,1.0,0.25,1.0,2.0,16.0
7,ALFER NICOL UNGÜENTO TUBO 5 GRS,2.0,,1.0,,,,,,,,,,1.0,1.0,53.0,,2027-09-01,0.0,,2025-04-01,,1.0,1.0,,2.0,0.5,2.0,4.0,4.0
8,AMOXI+CLAVU SUSP 312.5MG/5ML 100  ML BALAXI,1.0,,,,,,,,,,,,1.0,2.0,33.0,,2026-07-01,3.0,,2025-04-01,1.0,1.0,1.0,,3.0,0.75,3.0,6.0,
9,AMOXICILINA + ACIDO CLAVULANICO IV 1.2 VIAL 20ML ,3.0,,,,,,,,,,,,3.0,-3.0,59.0,,2025-12-01,0.0,,2024-09-01,,,,,0.0,0.0,0.0,0.0,0.0
10,AMOXIPLUS 1 G (AMOXI+CLAV) BALAXI CJ X 14 BLIST X 7,18.0,,,,,,,,,,,,18.0,20.0,30.0,GENE,2026-10-01,4.0,,2025-02-01,1.0,7.0,7.0,6.0,21.0,5.25,21.0,42.0,4.0
11,AMPICILINA+SULBACTAM 1.5 G POLVO P/SOL INYEC,6.0,,,,,,,,,,,,6.0,16.0,22.0,,2025-10-01,0.0,,2024-12-01,4.0,3.0,1.0,3.0,11.0,2.75,11.0,22.0,0.0
12,ANESTESIN 2% C/ EPINEFRINA 50 ML LIDOCAINA,1.0,,,,,,,,,,,,1.0,-1.0,51.0,,2027-01-01,2.0,,2025-04-01,,,,,0.0,0.0,0.0,0.0,4.0
13,ARNICA + MANZANILLA GEL 120 ML ,0.0,,,,,,,,,,,,0.0,12.0,24.0,b y f,,0.0,,2024-11-01,1.0,1.0,2.0,2.0,6.0,1.5,6.0,12.0,0.0
14,ARNICA GEL 120 ML,0.0,,,,,,,,,,,,0.0,12.0,17.0,b yf,2026-02-01,0.0,,2024-10-01,1.0,2.0,1.0,2.0,6.0,1.5,6.0,12.0,0.0
15,ARNIDOL POMADA ARNICA 12 GRS,3.0,,,,,,,,,,,,3.0,3.0,15.0,,2027-02-01,0.0,,2025-04-01,1.0,1.0,1.0,1.0,4.0,1.0,4.0,8.0,0.0
16,BAJA LENGUAS  DE MADERA CAJA X 100,84.0,,,,,,,,,,,,84.0,-60.0,0.25,,,0.0,,2024-10-01,4.0,,4.0,4.0,12.0,3.0,12.0,24.0,0.0
17,BALSAMICO DEL DEPORTISTA LATA 12 GRS,2.0,,,,,,,,,,,,2.0,4.0,9.0,,2026-04-01,4.0,,2024-10-01,1.0,,1.0,1.0,3.0,0.75,3.0,6.0,0.0
18,BISMUTO BEBIBLE CAJA X 10 UNIDOSIS HIPER,11.0,,,,,,,,,,,,11.0,9.0,5.0,,2026-09-01,0.0,,2024-10-01,2.0,1.0,3.0,4.0,10.0,2.5,10.0,20.0,
19,CARDIOVITAL CAJA X 60 BLISTER X 10,4.0,,,,,,,,,,,,4.0,10.0,20.0,,2025-09-01,0.0,,2024-03-01,2.0,2.0,1.0,2.0,7.0,1.75,7.0,14.0,
20,CEFIXIMA 400 MG CAJA X 10 TAB ,2.0,,,,,,,,,,,,2.0,6.0,80.0,,2027-10-01,5.0,,2025-03-01,1.0,1.0,1.0,1.0,4.0,1.0,4.0,8.0,
21,CEFTRIAXONA 1G VITALIS VIAL INY,11.0,,,,,,,,,,,,11.0,27.0,17.0,,2027-05-01,21.0,,2025-03-01,1.0,6.0,9.0,3.0,19.0,4.75,19.0,38.0,
22,CERENERVOL CJ X 10 AMP BEBIBLES,1.0,,,,,,,,,,,,1.0,7.0,88.0,,2025-06-01,1.0,,2024-06-01,,1.0,2.0,1.0,4.0,1.0,4.0,8.0,
23,CIRUELA SEN CAJA X 15 H & V,45.0,,,,2.0,,,,,,,,43.0,-1.0,2.333,,2027-11-01,2.0,,2025-03-01,3.0,2.0,15.0,1.0,21.0,5.25,21.0,42.0,
24,COLIVERIO PLUS CJ X30 CAPS  BLIST X 5,15.0,,,,,,,,,,,,15.0,9.0,7.0,,2026-09-01,0.0,,2025-01-01,2.0,2.0,3.0,5.0,12.0,3.0,12.0,24.0,
25,DIPRONOVA 1 ML AMP,5.0,,,,,,,,,,,,5.0,9.0,57.0,SOLER,2026-09-01,0.0,,2025-03-01,1.0,2.0,3.0,1.0,7.0,1.75,7.0,14.0,
26,EQUIPO  PARA SUERO NIPRO  ,5.0,,,,,,,,,,,,5.0,21.0,7.0,LADI,2028-12-01,30.0,,2025-04-01,3.0,6.0,2.0,2.0,13.0,3.25,13.0,26.0,
27,ESENCIA DE CLAVO 15 ML DISFAVIL ,2.0,,,,,,,,,,,,2.0,-2.0,25.0,,2025-07-01,0.0,,2024-02-01,,,,,0.0,0.0,0.0,0.0,
28,ESOMEPRAZOL 40 MG IV AMPOLLA LOTUS BALAXI,4.0,,,,,,,,,,,,4.0,14.0,30.0,,2025-10-01,6.0,,2024-09-01,1.0,6.0,1.0,1.0,9.0,2.25,9.0,18.0,
29,FERULA TIPO BASBALL TALLA M,1.0,,,,,,,,,,,,1.0,9.0,32.0,,,4.0,,2024-12-01,1.0,2.0,1.0,1.0,5.0,1.25,5.0,10.0,
30,FERULA TIPO RANITA TALLA M,2.0,,1.0,,,,,,,,,,1.0,2.0,32.0,,,5.0,,2025-04-01,1.0,1.0,1.0,1.0,4.0,1.0,4.0,8.0,
31,FUNGIFAR TALCO MEDIANO P/HONGOS 50 GRS,2.0,,,,,,,,,,,,2.0,-2.0,26.0,,2028-07-01,1.0,,2025-04-01,,,,,0.0,0.0,0.0,0.0,
32,FUNGIFAR ULTRA CEREMA 15 GRS (BUTENAFINA),1.0,,,,,,,,,,,,1.0,-1.0,68.0,,2029-02-01,1.0,,2025-04-01,,,,,0.0,0.0,0.0,0.0,
33,FUROSEMIDA 10 MG ML AMP BALAXI,4.0,,,,,,,,,,,,4.0,4.0,4.0,,2025-12-01,0.0,,2023-11-01,,,,4.0,4.0,1.0,4.0,8.0,
34,GLIMEPIRIDA 4 MG BLISTER X 10 WASHINGTON,13.0,,,,,,,,,,,,13.0,-5.0,7.0,ROSADEL,2027-05-01,1.0,,2025-02-01,1.0,1.0,1.0,1.0,4.0,1.0,4.0,8.0,
35,GLORANTA JENGIBRE- MENTA CAJA X 25 SOB X 4,26.0,,,,1.0,,,,,,,,25.0,-1.0,12.0,,2025-12-01,1.0,,2025-04-01,1.0,5.0,3.0,3.0,12.0,3.0,12.0,24.0,
36,GLORANTA MIEL MENTA  CAJA X 25 SOB X 4,16.0,,,,1.0,,,,,,,,15.0,-5.0,12.0,,2026-06-01,1.0,,2025-04-01,1.0,1.0,2.0,1.0,5.0,1.25,5.0,10.0,
37,GUATA 4X4 (RELLENO ORTOPEDICO) 100% ALGODÓN,1.0,,,,,,,,,,,,1.0,-1.0,12.0,,2029-01-01,1.0,,2025-04-01,,,,,0.0,0.0,0.0,0.0,
38,HIERRO SACAROSA 100MG/5ML CAJA X 10 VITALIS,6.0,,,,,,,,,,,,6.0,8.0,59.0,MEGAPHA,2026-06-01,0.0,,2025-04-01,4.0,2.0,,1.0,7.0,1.75,7.0,14.0,
39,INDAPAMIDA SR 1.5 MGS CAJA X 100 BLIST X 10 QADIRA,10.0,,,,,,1.0,,,,,,9.0,-9.0,23.0,,2026-03-01,,,2025-04-01,,,,,0.0,0.0,0.0,0.0,
40,LIDOCAINA 2 % C/PRESERVANTE VIAL 50 ML LOTUS,0.0,,,,,,,,,,,,0.0,4.0,18.0,,2025-10-01,0.0,,2024-12-01,,1.0,1.0,1.0,3.0,0.75,3.0,6.0,
41,MANTECA DE CACAO MENTOLADA LATA ,0.0,,,,,,,,,,,,0.0,0.0,16.0,,,,,,,,,,0.0,0.0,0.0,0.0,
42,MASCARILLA NEBULIZAR  (NEONATO) OPERSON,1.0,,,,,,,,,,,,1.0,7.0,29.0,,2028-06-01,1.0,,2025-03-01,1.0,1.0,1.0,1.0,4.0,1.0,4.0,8.0,
43,MASCARILLA NEBULIZAR  (NIÑO) OPERSON,1.0,,,,,,,,,,,,1.0,7.0,29.0,,2028-08-01,4.0,,2024-06-01,1.0,1.0,1.0,1.0,4.0,1.0,4.0,8.0,
44,MASCARILLA NEBULIZAR (ADULTO) OPERSON,5.0,,,,1.0,,,,,,,,4.0,8.0,29.0,,2029-08-01,1.0,,2025-03-01,1.0,3.0,1.0,1.0,6.0,1.5,6.0,12.0,
45,MEROPENEM CJ X VIAL 20 ML ,1.0,,,,,,,,,,,,1.0,-1.0,59.0,,2026-10-01,1.0,,2025-04-01,,,,,0.0,0.0,0.0,0.0,
46,METOCLOPRAMIDA 10 MG CJX100 TAB BLIST X 10,6.8,,,,,,,,,,,,6.8,-4.4,18.0,,2025-09-01,0.0,,2024-02-01,,0.2,,1.0,1.2,0.3,1.2,2.4,
47,MINISEC 1GM SOBRE BEBIBLE 5ML(SUCRALFATO),7.0,,,,,,,,,,,,7.0,5.0,6.0,,2026-01-01,0.0,,2025-01-01,4.0,1.0,,1.0,6.0,1.5,6.0,12.0,
48,NEUTRAGEL BLISTER X 10 TAB (BONIN),64.0,2.0,4.0,,,,,,,,,,58.0,30.0,1.2,ROSADEL,2029-07-01,5.0,,2025-01-01,8.0,20.0,2.0,14.0,44.0,11.0,44.0,88.0,
49,OMEPRAZOL 40 MG VIAL IV (VITALIS),5.0,,,,,,,,,,,,5.0,3.0,30.0,,2027-04-01,3.0,,2024-07-01,1.0,,3.0,,4.0,1.0,4.0,8.0,
50,OXIDO ZINC SOBRE 28 GRS BOLSA X  16,11.0,,,,,,,,,,,,11.0,7.0,6.0,,2026-10-01,1.0,,2025-03-01,1.0,4.0,1.0,3.0,9.0,2.25,9.0,18.0,
51,POMADA DE OXIDO ZINC ,2.0,,,,,,,,,,,,2.0,-2.0,11.0,,,4.0,,2025-04-01,,,,,0.0,0.0,0.0,0.0,
52,POSTAVIT 25 MG CJ X 25 TAB ,13.0,,,,,,,,,,,,13.0,1.0,3.0,,2025-08-01,0.0,,2023-04-01,,3.0,1.0,3.0,7.0,1.75,7.0,14.0,
53,PREGABALINA 75 MG CAJA X 100  BLIST X 10 CAPS,108.0,,10.0,,,10.0,10.0,,,20.0,,,58.0,174.0,2.0,,2027-10-01,7.0,,2025-04-01,50.0,22.0,20.0,24.0,116.0,29.0,116.0,232.0,
54,PROPOLTOX (PROPOLEO) JBE 120 ML ,1.0,,,,,,,,,,,,1.0,-1.0,41.0,,2026-09-01,1.0,,2025-04-01,,,,,0.0,0.0,0.0,0.0,
55,PROTECTOR LABIAL JALOMA BOTE CON 60 ,20.0,,,,,,,,,,,,20.0,-6.0,4.0,,2026-05-01,0.0,,2024-11-01,1.0,1.0,1.0,4.0,7.0,1.75,7.0,14.0,
56,RHELAX FLEB  POMADA 60 GRS,2.0,,,,,,,,,,,,2.0,6.0,27.0,,2026-06-01,2.0,,2024-12-01,1.0,1.0,1.0,1.0,4.0,1.0,4.0,8.0,
57,SECNIDAZOL 500 MG 12 BLIST X 4 CAJA X 48 INFASA,20.0,,,1.0,,1.0,,,,,,,18.0,3.0,10.0,,2027-08-01,2.0,,2025-04-01,5.0,3.0,4.0,14.0,26.0,6.5,26.0,52.0,
58,SUCRALFATO   200 ML  SUSP,4.0,,,,,,,,,,,,4.0,6.0,52.0,GENESIS,2027-02-01,4.0,,2025-04-01,2.0,1.0,1.0,1.0,5.0,1.25,5.0,10.0,
59,SUERO EN POLVO NARANJA 1 LT PROMEGAL X 25,16.0,,,,,,,,,,,,16.0,10.0,4.0,OLAM,2027-03-01,1.0,,2025-04-01,4.0,3.0,4.0,2.0,13.0,3.25,13.0,26.0,
60,TERMOMETRO DIGITAL C/AZUL (OPERSON),1.0,,,,,,,,,,,,1.0,1.0,33.0,,2027-01-01,1.0,,2025-04-01,,,1.0,,1.0,0.25,1.0,2.0,
61,TYLENOL ROJO EXTRA F CJ X 20 TAB 10 SOB,10.0,,,,,,,,,,,,10.0,2.0,5.0,,2027-04-01,2.0,,2025-04-01,6.0,4.0,6.0,5.0,21.0,5.25,21.0,42.0,
62,UNICIL 1.2 MEGAS (UNIPHARM),0.0,,,,,,,,,,,,0.0,4.0,37.0,,2026-01-01,0.0,,2024-03-01,,1.0,1.0,2.0,4.0,1.0,4.0,8.0,
63,UNICIL 4 MEGAS (UNHIPHARM),2.0,,,,,,,,,,,,2.0,6.0,40.0,,2026-04-01,2.0,,2024-10-01,,1.0,2.0,1.0,4.0,1.0,4.0,8.0,
64,VISINA ESTERI J&J GOTAS 15 ML (TETRIZOLIN),2.0,,,,,,,,,,,,2.0,2.0,72.0,,2026-09-01,,,2025-03-01,1.0,,1.0,,2.0,0.5,2.0,4.0,
65,VISTA CLARA 15 ML (ANTIALERGICO),5.0,,,,,,,,,,,,5.0,5.0,40.0,,2027-01-01,0.0,,2025-03-01,2.0,1.0,1.0,1.0,5.0,1.25,5.0,10.0,
66,VITAMINA D 2000 BLIST X 15 CAJA X 30 H&V,2.0,,,,,,,,,,,,2.0,6.0,25.0,,2026-09-01,2.0,,2025-03-01,1.0,1.0,1.0,1.0,4.0,1.0,4.0,8.0,
67,ZINC 30 MG CAJA X 30  BLIST X 10 CAPS (FORAL SALUD),3.0,,,,,,,,,,,,3.0,5.0,10.0,,2026-07-01,1.0,,2025-03-01,1.0,1.0,1.0,1.0,4.0,1.0,4.0,8.0,
68,ZORRITONE CARAMELO BARRA CAJA X 12 JENGIBRE,12.0,,,,,,,,,,,,12.0,2.0,5.0,,2027-08-01,0.0,,2025-01-01,1.0,3.0,2.0,1.0,7.0,1.75,7.0,14.0,
69,,,,,,,,,,,,,,,,,,,,,,,,,,,,,,
70,,,,,,,,,,,,,,,,,,,,,,,,,,,,,,
71,,,,,,,,,,,,,,,,,,,,,,,,,,,,,,
72,,,,,,,,,,,,,,,,,,,,,,,,,,,,,,
