No,ARTICULO,EXIST,LUNES AM,LUNES PM,MARTES AM,MARTES PM,MIERCO AM,MIERCO PM,JUEVES AM,JUEVES PM,VIERNES AM,VIERNES PM,SABADO,NVA EXIST,PEDIDO,PP,OBSERVACIONES,FECHA DE VENCIMIENTO,BODEGA,COMPRAS,FECHA DE COMPRA,SEM 28 ABRIL,SEM 5 MAYO,SEM 12 MAYO, SEM 21 ABRIL,TOTAL,  ,1 MES,2 MESES
1, ACEITE DE HIGADO X 100 SIETE MARES,2.0,,,,,,,,,,,,2.0,8.0,37.0,,2028-09-01 00:00:00,1.0,,2024-10-01,1.0,1.0,1.0,2.0,5.0,1.25,5.0,10.0
2,ACEITE DE OLIVA PREDILECTO 120 ML,5.0,,,,,,,,,,,,5.0,7.0,8.0,SN FRAN,2027-02-01 00:00:00,7.0,,2025-04-01,2.0,1.0,2.0,1.0,6.0,1.5,6.0,12.0
3,ACETAMINOFEN MK 500 MGS BLIST X 10 CAJA X 100 ,21.0,3.0,,1.0,,1.0,,,,1.0,,,15.0,35.0,8.0,,2027-12-01 00:00:00,7.0,,2024-10-01,6.0,7.0,5.0,7.0,25.0,6.25,25.0,50.0
4,AGUJA 18G X 1-1/2 ROSADA,105.0,,,,,,,,,,,,105.0,-89.0,0.5,,2029-04-01 00:00:00,0.0,,2025-01-01,1.0,5.0,1.0,1.0,8.0,2.0,8.0,16.0
5,AGUJA 20G X 1 -1/2  AMARILLA,107.0,,,,,,,,,,,,107.0,-95.0,0.5,,,0.0,,2021-04-01,3.0,1.0,1.0,1.0,6.0,1.5,6.0,12.0
6,AGUJA 21G X 1 X 1/2 VERDE,74.0,,,,,,,,,,,,74.0,-62.0,0.5,,2027-12-01 00:00:00,0.0,,2024-08-01,2.0,2.0,1.0,1.0,6.0,1.5,6.0,12.0
7,AGUJA 22 G X 1 1/2 CAPLIN (NEGRA),32.0,,,,,5.0,,,,,,,27.0,-11.0,0.5,OLAM,2028-03-01 00:00:00,0.0,,2024-11-01,4.0,2.0,1.0,1.0,8.0,2.0,8.0,16.0
8,"AGUJA 23G X 1""   AZUL (NIPRO) PED",110.0,,,,,,,,,,,,110.0,-32.0,0.5,,2026-02-01 00:00:00,0.0,,2025-04-01,20.0,12.0,1.0,6.0,39.0,9.75,39.0,78.0
9,"AGUJA 23G X 1-1/2"" AZUL (NIPRO)",108.0,,,,,,,,,,,,108.0,-94.0,0.5,,2029-05-01 00:00:00,0.0,,2024-12-01,4.0,1.0,1.0,1.0,7.0,1.75,7.0,14.0
10,AGUJA 24G X 1 MORADA ,151.0,,,,,,,,,,,,151.0,-141.0,0.5,,,0.0,,2020-01-01,1.0,2.0,1.0,1.0,5.0,1.25,5.0,10.0
11,AGUJA 25G X 1 NARANJA X 100 NIPRO,75.0,,,,,,,,,,,,75.0,-67.0,0.5,,,0.0,,2018-08-01,1.0,1.0,1.0,1.0,4.0,1.0,4.0,8.0
12,AGUJA 25G X 1-1/2 NARANJA X 100 NIPRO,83.0,,,,,,,,,,,,83.0,-75.0,0.5,,,0.0,,2019-07-01,,2.0,1.0,1.0,4.0,1.0,4.0,8.0
13,AGUJA 27G X 1/2,21.0,,,,,,,,,,,,21.0,15.0,0.5,,,0.0,,2019-08-01,10.0,6.0,1.0,1.0,18.0,4.5,18.0,36.0
14,AGUJA 30G X 1/2  AMARILLA (NIPRO),31.0,,,,,,,,,,,,31.0,-11.0,1.0,,,0.0,,2019-11-01,2.0,6.0,1.0,1.0,10.0,2.5,10.0,20.0
15,ALCOHOL  ELITICO LORALVA 70% 960 ML,2.0,,,,,,,,,,,,2.0,4.0,28.0,,2029-09-01 00:00:00,1.0,,2025-01-01,1.0,1.0,,1.0,3.0,0.75,3.0,6.0
16,ALCOHOL ETILICO VESA 70% SPRAY 120 ML,2.0,,,,,,,,,,,,2.0,6.0,15.0,,2027-01-01 00:00:00,1.0,,2025-02-01,1.0,1.0,1.0,1.0,4.0,1.0,4.0,8.0
17,ALEVE EXTRA FUERTE X 36 TAB,19.0,,,,,,,,,,,,19.0,1.0,2.5,BAYER,2025-05-01 00:00:00,0.0,,2024-07-01,4.0,2.0,2.0,2.0,10.0,2.5,10.0,20.0
18,ALEVE LQUID GELS X 24,30.0,,,,,,,,,,,,30.0,-2.0,3.75,BAYER,2026-01-01 00:00:00,1.0,,2025-03-01,2.0,3.0,1.0,8.0,14.0,3.5,14.0,28.0
19,ALEVE MAX CAJA X 10 TAB,22.0,,,,,,,,,,,,22.0,-6.0,3.5,BAYER,2026-11-01 00:00:00,0.0,,2024-11-01,1.0,3.0,2.0,2.0,8.0,2.0,8.0,16.0
20,ALGODÓN BOLSA X 25,37.0,,,,,,,,,,,,37.0,7.0,0.5,,,1.0,,2025-04-01,2.0,2.0,12.0,6.0,22.0,5.5,22.0,44.0
21,ALKA GASTRIC DISP. X 36 TAB,20.0,,,,,,1.0,,,,,,19.0,11.0,3.5,BAYER,2029-12-01 00:00:00,1.0,,2025-04-01,2.0,1.0,4.0,8.0,15.0,3.75,15.0,30.0
22,ALKA SELTZER DISP X 60,61.0,,4.0,,,,1.0,,,,,,56.0,28.0,1.5,BAYER,2026-05-01 00:00:00,1.0,,2025-02-01,4.0,7.0,23.0,8.0,42.0,10.5,42.0,84.0
23,ANESTENCA TUBO X 5 ML,2.0,,,,,,,,,,,,2.0,6.0,32.0,,2029-04-01 00:00:00,0.0,,2025-04-01,1.0,1.0,1.0,1.0,4.0,1.0,4.0,8.0
24,ANESTEVIL GOTAS 5 ML (ANESTESICO LOCAL),2.0,,,,1.0,,,,,,,,1.0,9.0,22.0,,2026-12-01 00:00:00,1.0,,2025-04-01,1.0,1.0,1.0,2.0,5.0,1.25,5.0,10.0
25,ANGIOCAT # 16,1.0,,,,,,,,,,,,1.0,7.0,10.0,,2029-09-01 00:00:00,0.0,,2025-04-01,1.0,1.0,1.0,1.0,4.0,1.0,4.0,8.0
26,ANGIOCAT # 18,5.0,,,,,,,,,,,,5.0,1.0,10.0,,2026-07-01 00:00:00,0.0,,2022-07-01,,1.0,1.0,1.0,3.0,0.75,3.0,6.0
27,ANGIOCAT # 20 ,3.0,,,,,,,,,,,,3.0,19.0,10.0,,2029-06-01 00:00:00,0.0,,2025-04-01,1.0,8.0,1.0,1.0,11.0,2.75,11.0,22.0
28,ANGIOCAT # 22 ,4.0,,,,,,,,,,,,4.0,6.0,10.0,,2029-06-01 00:00:00,3.0,,2025-04-01,2.0,1.0,1.0,1.0,5.0,1.25,5.0,10.0
29,ANGIOCAT # 24,3.0,,,,,,,,,,,,3.0,19.0,10.0,,2029-07-01 00:00:00,5.0,,2025-04-01,4.0,4.0,1.0,2.0,11.0,2.75,11.0,22.0
30,APOSITOS PARA CAYOS HANSAPLAST  X 6,7.0,,,,,,,,,,,,7.0,9.0,7.0,,2026-10-01 00:00:00,1.0,,2024-12-01,1.0,3.0,3.0,1.0,8.0,2.0,8.0,16.0
31,AQUAMAR FCO 50 ML SPRAY NASAL,1.0,,,,,,,,,,,,1.0,-1.0,110.0,,2027-04-01 00:00:00,0.0,,2025-01-01,,,,,0.0,0.0,0.0,0.0
32,ARCO PULMIN INY ADULTO PIERSAN,1.0,,,,,,,,,,,,1.0,9.0,19.0,,2028-02-01 00:00:00,0.0,,2024-05-01,1.0,2.0,1.0,1.0,5.0,1.25,5.0,10.0
33,ASPIRADOR NASAL GERBER,1.0,,,,,,,,,,,,1.0,7.0,30.0,,,1.0,,2025-04-01,1.0,1.0,1.0,1.0,4.0,1.0,4.0,8.0
34,ASPIRINA ADULTO BLIST X 10 CAJA X 100,137.0,,,,,,,,,,,,137.0,-55.0,1.2,BAYER,2026-09-01 00:00:00,0.0,,2025-04-01,10.0,12.0,4.0,15.0,41.0,10.25,41.0,82.0
35,ASPIRINA FORTE CAJA X 100 BLIST X 10 ,147.0,10.0,4.0,,,,,,,,,,133.0,81.0,1.2,BAYER,1900-01-10 06:14:24,1.0,,2025-04-01,44.0,32.0,14.0,17.0,107.0,26.75,107.0,214.0
36,ASPIRINA NIÑOS BLIST X 10 CAJA X 100 ,125.0,,40.0,2.0,,,,,,2.0,,,81.0,319.0,1.0,BAYER,2026-09-01 00:00:00,4.0,,2025-04-01,60.0,55.0,12.0,73.0,200.0,50.0,200.0,400.0
37,BALLENA AZUL 200 ml,2.0,,,,,,,,,,,,2.0,6.0,51.0,,2027-05-01 00:00:00,0.0,,2024-08-01,1.0,1.0,1.0,1.0,4.0,1.0,4.0,8.0
38,BALSAMICO GMS 12 GRS,4.0,,,,,,,,,,,,4.0,6.0,10.0,,2027-07-01 00:00:00,2.0,,2025-04-01,2.0,1.0,1.0,1.0,5.0,1.25,5.0,10.0
39,BAYKID DOLOR Y FIEBRE CAJA X 36 BLIST X 12 TAB ,30.0,,,,,,,,,,,,30.0,44.0,1.75,BAYER,2026-07-01 00:00:00,1.0,,2025-04-01,16.0,3.0,12.0,6.0,37.0,9.25,37.0,74.0
40,BEBETINA  BLIST X 10 CAJA X 100 TAB ,92.0,,,,,,,,,,,,92.0,-4.0,0.9,,2026-04-01 00:00:00,0.0,,2024-11-01,2.0,12.0,20.0,10.0,44.0,11.0,44.0,88.0
41,BEPHANTHENE CREMA 5% 30G QUEMADURAS,1.0,,,,,,,,,,,,1.0,7.0,81.0,BAYER,2027-01-01 00:00:00,1.0,,2025-04-01,1.0,1.0,1.0,1.0,4.0,1.0,4.0,8.0
42,BEPHANTHENE POMADA 5% 30G PROTECTORA,2.0,,,,,,,,,,,,2.0,4.0,78.0,BAYER,2025-10-01 00:00:00,1.0,,2024-09-01,1.0,1.0,1.0,,3.0,0.75,3.0,6.0
43,BICARBONATO  X 25 SOBRES DE 10 GRS VESA,64.0,,,,,,,,,,,,64.0,4.0,0.5,,2028-02-01 00:00:00,3.0,,2025-04-01,10.0,14.0,8.0,2.0,34.0,8.5,34.0,68.0
44,BICARBONATO X 1 LIBRA DISFAVIL,5.0,,,,,,,,,1.0,,,4.0,20.0,15.0,,2026-09-01 00:00:00,14.0,,2025-04-01,1.0,3.0,5.0,3.0,12.0,3.0,12.0,24.0
45,BICARBONATO X 16 SOBRES DE 28 GRS DISFAVIL,8.0,,,,,,,,,,,,8.0,30.0,1.0,,2026-09-01 00:00:00,4.0,,2025-04-01,5.0,4.0,5.0,5.0,19.0,4.75,19.0,38.0
46,BOLSA DE ALGODÓN 160 BOLITAS SUPERIOR,1.0,,,,,,,,,,,,1.0,7.0,16.0,,2028-06-01 00:00:00,2.0,,2023-12-01,1.0,1.0,1.0,1.0,4.0,1.0,4.0,8.0
47,CALCIO VITAMINADO AMPOLLA,2.0,,,,,,,,,,,,2.0,8.0,20.0,,2026-04-01 00:00:00,0.0,,2024-08-01,4.0,1.0,,,5.0,1.25,5.0,10.0
48,CALLOFIN POMADA 12 GRS,1.0,,,,,,,,,,,,1.0,7.0,7.0,,2026-04-01 00:00:00,0.0,,2024-07-01,1.0,1.0,1.0,1.0,4.0,1.0,4.0,8.0
49,CALMANTE SOBRE BOLSA X 100 ,20.0,,,,,,,,,,,,20.0,84.0,0.25,,2027-10-01 00:00:00,1.0,,2025-04-01,4.0,20.0,24.0,4.0,52.0,13.0,52.0,104.0
50,CANESTEN 100 MG X 18 OVULOS VAG,7.0,,,,,,,,,,,,7.0,13.0,20.0,BAYER,2026-10-01 00:00:00,1.0,,2024-09-01,3.0,4.0,2.0,1.0,10.0,2.5,10.0,20.0
51,CANESTEN ORAL 150 MG X 1 CAP,0.0,,,,,,,,,,,,0.0,0.0,114.0,,,0.0,,,,,,,0.0,0.0,0.0,0.0
52,CANESTEN TRIPLE ACCION 15 GRS,1.0,,,,,,,,,,,,1.0,7.0,77.0,BAYER,2027-05-01 00:00:00,2.0,,2025-02-01,,1.0,1.0,2.0,4.0,1.0,4.0,8.0
53,CARDIOASPIRINA CAJA X 48 TAB ,66.0,,,,,,2.0,,,,,,64.0,10.0,3.0,BAYER,2026-05-01 00:00:00,2.0,,2025-03-01,7.0,5.0,17.0,8.0,37.0,9.25,37.0,74.0
54,CEREBREX GINKO AMP BEBIBLES X 10 ,16.0,,,,,,,,,,,,16.0,52.0,8.5,,2027-02-01 00:00:00,2.0,,2025-03-01,10.0,10.0,10.0,4.0,34.0,8.5,34.0,68.0
55,CIRBRAL 25 MG BLIST X 20 CAJA X 60,144.0,,,,,,,,,20.0,,,124.0,46.0,0.9,,2027-03-01 00:00:00,1.0,,2024-12-01,45.0,20.0,5.0,15.0,85.0,21.25,85.0,170.0
56,CIRBRAL FORTE 75 MG BLIST X 10 CAJA X 30 ,40.0,,,,2.0,,3.0,,,,,,35.0,33.0,2.8,,2027-09-01 00:00:00,0.0,,2025-04-01,22.0,6.0,3.0,3.0,34.0,8.5,34.0,68.0
57,CITRATO DE MAGNESIA BOLSA X 16 SOBRES ,7.0,,,,,,,,,,,,7.0,35.0,2.5,,2027-02-01 00:00:00,32.0,,2025-04-01,3.0,1.0,7.0,10.0,21.0,5.25,21.0,42.0
58,CLO-PRIM 0.1MG/GOTAS 15 ML,2.0,,,,,,,,,,,,2.0,8.0,55.0,,2028-01-01 00:00:00,0.0,,2025-02-01,1.0,1.0,2.0,1.0,5.0,1.25,5.0,10.0
59,CLO-PRIM 10MG BLIST X 10 CAJA X 40 TABS,20.0,,,,,2.0,4.0,,,,,,14.0,18.0,3.0,,2026-01-01 00:00:00,1.0,,2025-04-01,1.0,5.0,2.0,8.0,16.0,4.0,16.0,32.0
60,CLOPRIM 5MG/5ML JARABE 120 ML,1.0,,,,,,,,,,,,1.0,1.0,77.0,,2025-10-01 00:00:00,0.0,,2024-09-01,,1.0,,,1.0,0.25,1.0,2.0
61,CLOPRIM CAJA X 3 AMPOLLAS,3.0,,,,,,,,,,,,3.0,3.0,19.0,,2027-04-01 00:00:00,0.0,,2025-01-01,,2.0,,1.0,3.0,0.75,3.0,6.0
62,CODERPINA JBE 60 ML,1.0,,,,,,,,,,,,1.0,5.0,41.0,,2027-06-01 00:00:00,0.0,,2025-01-01,1.0,,1.0,1.0,3.0,0.75,3.0,6.0
63,CUAJO CAJA X 100 BLISTER X 10,62.0,,,,,,,,,,,,62.0,-14.0,1.8,BENDICION,2026-03-01 00:00:00,0.0,,2024-10-01,10.0,2.0,2.0,10.0,24.0,6.0,24.0,48.0
64,CURADERMA LATITA,4.0,,,,,,,,,,,,4.0,10.0,18.0,,2028-04-01 00:00:00,2.0,,2025-03-01,1.0,1.0,1.0,4.0,7.0,1.75,7.0,14.0
65,CURITA REDONDA  CUREBAND CAJA X 100,22.0,,,,,,,,,,,,22.0,42.0,0.25,BENDICION,2026-09-01 00:00:00,0.0,,2024-01-01,10.0,6.0,12.0,4.0,32.0,8.0,32.0,64.0
66,CURITAS CUREBAND CAJA X 100 + 10,200.0,,,,,,,,,,,,200.0,-92.0,0.25,,2027-07-01 00:00:00,0.0,,2024-01-01,14.0,16.0,12.0,12.0,54.0,13.5,54.0,108.0
67,DAPAZ (AMITRIP + CLORDIA)  CAJA X 30 BLIST X 10,28.0,,,,,,,,,,,,28.0,36.0,2.7,,2027-11-01 00:00:00,1.0,,2025-02-01,10.0,7.0,10.0,5.0,32.0,8.0,32.0,64.0
68,DEXAMICINA GOTASX 5 ML QUALIPHARM,1.0,,,,,,,,,,,,1.0,7.0,69.0,,2025-10-01 00:00:00,0.0,,2022-12-01,1.0,2.0,,1.0,4.0,1.0,4.0,8.0
69,DEXTROVITA AL 10% 1/2 LITRO,0.0,,,,,,,,,,,,0.0,8.0,40.0,,2025-08-01 00:00:00,0.0,,2023-10-01,1.0,1.0,1.0,1.0,4.0,1.0,4.0,8.0
70,DEXTROVITA AL 5% 1 LITRO ,1.0,,,,,,,,,,,,1.0,5.0,63.0,,2026-11-01 00:00:00,1.0,,2025-04-01,1.0,1.0,,1.0,3.0,0.75,3.0,6.0
71,DEXTROVITA AL 5% 1/2 LITRO,0.0,,,,,,,,,,,,0.0,8.0,42.0,,2026-12-01 00:00:00,0.0,,2025-01-01,1.0,1.0,1.0,1.0,4.0,1.0,4.0,8.0
72,DIYODO 650 CAJA X 100 BLIST X 10 TAB,133.0,,,,,,,,,,,,133.0,-63.0,1.0,,2028-02-01 00:00:00,0.0,,2024-09-01,1.0,20.0,4.0,10.0,35.0,8.75,35.0,70.0
73,DOLOFIN DISP X 60,0.0,,,,,,,,,,,,0.0,0.0,0.0,,,,,,,,,,0.0,0.0,0.0,0.0
74,DOLOVITANERVO KIT AMPOLLA,3.0,,,,,,,,,,,,3.0,9.0,19.0,,2026-10-01 00:00:00,9.0,,2025-02-01,2.0,2.0,1.0,1.0,6.0,1.5,6.0,12.0
75,DORIVAL GEL 200MG CAJA X 36 GELCAPS,41.0,,,,,,,,,,,,41.0,-5.0,4.0,BAYER,2026-07-01 00:00:00,1.0,,2025-04-01,2.0,3.0,2.0,11.0,18.0,4.5,18.0,36.0
76,ENTEROGUANIL ADULTO DIS X 200 BLIST X 4 TABS ,172.0,,,4.0,,,,,,,,,168.0,-112.0,1.0,,2028-01-01 00:00:00,0.0,,2025-02-01,6.0,2.0,4.0,16.0,28.0,7.0,28.0,56.0
77,ENTEROGUANIL NIÑO DIS X 200 BLIST X 4 TABS ,0.0,,,,,,,,,,,,0.0,48.0,0.5,,,0.0,,2022-08-01,8.0,6.0,6.0,4.0,24.0,6.0,24.0,48.0
78,ESCABIN JABON DE AZUFRE 80 GRS SANTE,2.0,,,,,,,,,,,,2.0,8.0,9.0,,2026-02-01 00:00:00,3.0,,2024-11-01,2.0,1.0,1.0,1.0,5.0,1.25,5.0,10.0
79,ESENCIA MARAVILLOSA SIERRA FCO,3.0,,,,,,,,,,,,3.0,7.0,18.0,,2026-11-01 00:00:00,3.0,,2025-02-01,1.0,2.0,1.0,1.0,5.0,1.25,5.0,10.0
80,FERRIDOCE CAJA X 30TAB BLIST X 10,6.0,,,,,,,,,,,,6.0,8.0,14.0,,2026-06-01 00:00:00,0.0,,2024-12-01,1.0,2.0,3.0,1.0,7.0,1.75,7.0,14.0
81,GASA ENFERMERITA  1/2 X 1 YD.,3.0,,,,,,,,,,,,3.0,11.0,7.0,,,11.0,,2025-04-01,1.0,2.0,3.0,1.0,7.0,1.75,7.0,14.0
82,GASA ENFERMERITA 3 X 1,2.0,,,,,,,,,,,,2.0,6.0,29.0,,,2.0,,2025-02-01,1.0,1.0,1.0,1.0,4.0,1.0,4.0,8.0
83,GASA SUPERIOR  3 X 10 YD,2.0,,,,,,,,,,,,2.0,6.0,12.0,,2029-04-01 00:00:00,1.0,,2025-01-01,1.0,1.0,1.0,1.0,4.0,1.0,4.0,8.0
84,GASA SUPERIOR  4 X 10,2.0,,,,,,,,,,,,2.0,8.0,13.0,,2029-05-01 00:00:00,4.0,,2025-04-01,1.0,2.0,1.0,1.0,5.0,1.25,5.0,10.0
85,GASA SUPERIOR 2 X 10 YD,3.0,,,,,,,,,,,,3.0,7.0,9.0,,2029-04-01 00:00:00,3.0,,2025-04-01,1.0,2.0,1.0,1.0,5.0,1.25,5.0,10.0
86,GASA SUPERIOR 6 X 10 YDS,2.0,,,,,,,,,,,,2.0,6.0,22.0,,2029-04-01 00:00:00,5.0,,2025-04-01,1.0,1.0,1.0,1.0,4.0,1.0,4.0,8.0
87,GINGIVEX PINCELADAS FCO. 27 ML,3.0,,,,,,,,,2.0,,,1.0,13.0,20.0,,2026-07-01 00:00:00,2.0,,2025-03-01,1.0,1.0,3.0,2.0,7.0,1.75,7.0,14.0
88,GLORANTA TE FRUTOS ROJOS CAJA X 25 SOBRES,5.0,,,,,,,,,,,,5.0,-5.0,10.0,,2025-10-01 00:00:00,0.0,,2024-11-01,,,,,0.0,0.0,0.0,0.0
89,GLORANTA TE LIMON/JENGIBRE CAJA X 25 SOBRES,0.0,,,,,,,,,,,,0.0,6.0,10.0,,2025-10-01 00:00:00,0.0,,2024-11-01,,,1.0,2.0,3.0,0.75,3.0,6.0
90,HARTMANN (1000) 1 LITRO,1.0,,,,,,,,,,,,1.0,7.0,25.0,,2029-01-01 00:00:00,1.0,,2025-04-01,1.0,1.0,1.0,1.0,4.0,1.0,4.0,8.0
91,JERINGA 5 CC 21  1 1/2 ,12.0,,,,,,,,,,,,12.0,8.0,1.0,,2026-03-01 00:00:00,0.0,,2022-12-01,2.0,3.0,4.0,1.0,10.0,2.5,10.0,20.0
92,JERINGA 5 CC 23 X 1 1/2,75.0,,,,,,,,,,,,75.0,-45.0,1.0,,2029-08-01 00:00:00,0.0,,2024-10-01,2.0,2.0,10.0,1.0,15.0,3.75,15.0,30.0
93,JERINGA 5 CC 23 X 1 1/4,3.0,,,,,,,,,,,,3.0,35.0,1.0,,,0.0,,2021-01-01,7.0,3.0,1.0,8.0,19.0,4.75,19.0,38.0
94,KOLIT BLISTER X 5 TAB,18.0,,,,,,,,,,,,18.0,32.0,3.5,,2027-03-01 00:00:00,0.0,,2025-03-01,5.0,4.0,13.0,3.0,25.0,6.25,25.0,50.0
95,KURA KURA LATA 13 GRS,2.0,,,,,,,,,,,,2.0,6.0,18.0,,2027-10-01 00:00:00,0.0,,2025-03-01,1.0,1.0,1.0,1.0,4.0,1.0,4.0,8.0
96,LASSAR CREMA LAFCO 120 GRS,2.0,,,,,,,,,,,,2.0,8.0,25.0,,2029-09-01 00:00:00,1.0,,2025-04-01,1.0,1.0,1.0,2.0,5.0,1.25,5.0,10.0
97,LEVADURA SANTE FRASCO X100TAB,2.0,,,,,,1.0,,,,,,1.0,11.0,17.0,,2027-02-01 00:00:00,1.0,,2025-04-01,1.0,3.0,1.0,1.0,6.0,1.5,6.0,12.0
98,LICOPODIO BOLSA X 32 SOBRES DISFAVIL,1.0,,,,,,,,,,,,1.0,9.0,5.0,,,0.0,,2023-02-01,1.0,1.0,1.0,2.0,5.0,1.25,5.0,10.0
99,MAGNESIA DE SALUD THERFAM DISPEN X 72 SOB,72.0,,5.0,,5.0,,,,,,,,62.0,38.0,2.0,,2028-05-01 00:00:00,0.0,,2025-04-01,5.0,5.0,19.0,21.0,50.0,12.5,50.0,100.0
100,MANA SOBRE (LAXANTE) 1 ONZ,9.0,,,,,,,,,,,,9.0,-1.0,10.0,,2025-08-01 00:00:00,0.0,,2024-01-01,1.0,1.0,1.0,1.0,4.0,1.0,4.0,8.0
101,MANTECA DE CACAO,83.0,,,,1.0,,,,,,,,82.0,-72.0,2.5,,2025-12-01 00:00:00,0.0,,2024-01-01,1.0,1.0,1.0,2.0,5.0,1.25,5.0,10.0
102,MENTOL DAVIS GRANDE 12 GRS,2.0,,,,,,,,,,,,2.0,6.0,10.0,,2027-03-01 00:00:00,3.0,,2025-04-01,1.0,1.0,1.0,1.0,4.0,1.0,4.0,8.0
103,MEPROGESICO II  BLISTER X 10,14.0,,,,,,,,,,,,14.0,-2.0,6.0,,2026-10-01 00:00:00,0.0,,2024-04-01,2.0,1.0,1.0,2.0,6.0,1.5,6.0,12.0
104,NAUSEOL 1 ML X 1 AMPOLLA,2.0,,,,,,,,,,,,2.0,12.0,10.0,,2029-01-01 00:00:00,6.0,,2025-04-01,2.0,2.0,1.0,2.0,7.0,1.75,7.0,14.0
105,NAUSEOL INFANTIL SUPOSITORIOS X 6 BONIN,6.0,,,,,,,,,,,,6.0,14.0,8.0,,2027-05-01 00:00:00,0.0,,2024-11-01,2.0,2.0,4.0,2.0,10.0,2.5,10.0,20.0
106,NAUSEOL SUSP JBE FCO 60 ML,2.0,,,,,,,,,,,,2.0,4.0,72.0,,2026-05-01 00:00:00,1.0,,2025-02-01,1.0,1.0,,1.0,3.0,0.75,3.0,6.0
107,NEO GRIPINA 500 MG INYECTADO,0.0,,,,,,,,,,,,0.0,8.0,8.0,,2026-02-01 00:00:00,0.0,,2022-04-01,,2.0,1.0,1.0,4.0,1.0,4.0,8.0
108,NEOFEBRINA JARABE 100 ML ,1.0,,,,,,,,,,,,1.0,7.0,34.0,,2027-02-01 00:00:00,2.0,,2025-03-01,1.0,1.0,1.0,1.0,4.0,1.0,4.0,8.0
109,NEOFEBRINA SUPOSITORIO NIÑOS 300 MGS CAJA X 5,5.0,,,,,,,,,,,,5.0,3.0,12.0,,2025-08-01 00:00:00,0.0,,2023-09-01,1.0,2.0,,1.0,4.0,1.0,4.0,8.0
110,NEOMELUBRINA CAJA X 5 SUPOSITORIOS,3.0,,,,,,,,,,,,3.0,13.0,13.0,,2026-04-01 00:00:00,1.0,,2025-04-01,2.0,2.0,2.0,2.0,8.0,2.0,8.0,16.0
111,NEOMELUBRINA JBE 100 ML ,1.0,,,,,,,,,,,,1.0,9.0,79.0,,2026-07-01 00:00:00,0.0,,2024-05-01,1.0,2.0,1.0,1.0,5.0,1.25,5.0,10.0
112,NERVADEN CAJA X 30 BLIST X 10 CAPS,33.0,10.0,,,,,,,,,,,23.0,23.0,4.4,,2026-07-01 00:00:00,0.0,,2025-02-01,,10.0,3.0,10.0,23.0,5.75,23.0,46.0
113,NERVIFEN BLIST X 10 CAJA X 30 PHENIEL,26.0,20.0,,,,,,,,,,,6.0,74.0,1.2,,2026-08-01 00:00:00,0.0,,2025-01-01,10.0,10.0,10.0,10.0,40.0,10.0,40.0,80.0
114,NEUMONIL FORTE DISP X 100 BLIST X 2 TAB ,93.0,,,,4.0,,,,,,,,89.0,-13.0,1.75,,2026-07-01 00:00:00,0.0,,2025-04-01,2.0,12.0,12.0,12.0,38.0,9.5,38.0,76.0
115,NEUMONIL G X 60 TABS,32.0,,,,,,,,,,,,32.0,0.0,2.5,,2026-01-01 00:00:00,0.0,,2024-12-01,6.0,2.0,2.0,6.0,16.0,4.0,16.0,32.0
116,OIDOL GOTAS 15 ML,2.0,,,,,,,,,,,,2.0,-2.0,44.0,,2027-06-01 00:00:00,2.0,,2025-04-01,,,,,0.0,0.0,0.0,0.0
117,OJO DE AGUILA GOTAS,8.0,,,,1.0,,1.0,,,,,,6.0,14.0,16.0,,2027-11-01 00:00:00,14.0,,2025-04-01,2.0,1.0,5.0,2.0,10.0,2.5,10.0,20.0
118,ORFENGESIC (ORFE/PARAC) BLIST X 10 CAJA X 20,13.0,,,,,,,,,,,,13.0,31.0,6.0,,2026-12-01 00:00:00,3.0,,2025-04-01,2.0,11.0,7.0,2.0,22.0,5.5,22.0,44.0
119,OTIK GOTAS,6.0,,,,,,,,,,,,6.0,6.0,23.0,,2027-02-01 00:00:00,7.0,,2025-03-01,3.0,1.0,1.0,1.0,6.0,1.5,6.0,12.0
120,PANADOL MUJER DISP. X 48 TAB (24 SOBRES),0.0,,,,,,,,,,,,0.0,0.0,3.0,,,0.0,,,,,,,0.0,0.0,0.0,0.0
121,PANADOL NIÑOS DISP X 100 TAB MASTIC,45.0,,,,,,,,,,,,45.0,-21.0,1.0,,2026-01-01 00:00:00,0.0,,2025-01-01,1.0,3.0,5.0,3.0,12.0,3.0,12.0,24.0
122,PANCLASA PAGUE 30 LLEVE 40 BLISTER X 10,2.0,,,,,,,,,,,,2.0,6.0,50.0,,2028-12-01 00:00:00,2.0,,2025-01-01,1.0,1.0,1.0,1.0,4.0,1.0,4.0,8.0
123,PARCHE LEON,2.0,,,,,,,,,,,,2.0,6.0,33.0,AMICELCO,2026-06-01 00:00:00,2.0,,2024-11-01,1.0,1.0,1.0,1.0,4.0,1.0,4.0,8.0
124,PASIFLORA COMP CAJA X 30 BLISTER X 10,36.0,,,,,,,,,,,,36.0,4.0,2.7,,2026-07-01 00:00:00,2.0,,2024-11-01,2.0,1.0,14.0,3.0,20.0,5.0,20.0,40.0
125,PEZONERA DE VIDRIO EDIGAR,1.0,,,,,,,,,,,,1.0,5.0,20.0,,,1.0,,2021-04-01,1.0,,1.0,1.0,3.0,0.75,3.0,6.0
126,PIOJINA SHAMPOO 60 ML SNTE,2.0,,,,,,,,,,,,2.0,6.0,13.0,,2025-11-01 00:00:00,0.0,,2024-01-01,1.0,1.0,1.0,1.0,4.0,1.0,4.0,8.0
127,POMADA GMS 12 GRS,4.0,,,,,,,,,,,,4.0,6.0,14.0,,2027-10-01 00:00:00,4.0,,2025-04-01,2.0,1.0,1.0,1.0,5.0,1.25,5.0,10.0
128,POMADA GMS TARRO 50 GRS,1.0,,,,,,,,,,,,1.0,1.0,49.0,,2026-07-01 00:00:00,0.0,,2023-11-01,,,,1.0,1.0,0.25,1.0,2.0
129,RELAFLEX KIT AMPOLLA VIJOSA,0.0,,,,,,,,,,,,0.0,0.0,45.0,GENESIS,,0.0,,,,,,,0.0,0.0,0.0,0.0
130,REUMETAN CREMA 30 GRS. TUBO ,1.0,,,,,,,,,,,,1.0,7.0,35.0,,2026-10-01 00:00:00,1.0,,2025-02-01,1.0,1.0,1.0,1.0,4.0,1.0,4.0,8.0
131,REUMETAN S 25 MG BLIST X 10 CAJA X 100,9.0,,1.0,,,1.0,,,,,,,7.0,13.0,8.0,,2028-02-01 00:00:00,1.0,,2025-04-01,4.0,3.0,1.0,2.0,10.0,2.5,10.0,20.0
132,ROWACHOL BLISTER X 10 CAJA X 50 GEL CPAS,12.0,,,,,,,,,,,,12.0,4.0,6.0,,2026-06-01 00:00:00,0.0,,2022-09-01,,,4.0,4.0,8.0,2.0,8.0,16.0
133,ROWATINEX PERLAS AMARILLAS BLI X 10,48.0,,,,,,,,,,,,48.0,-10.0,7.5,,2026-06-01 00:00:00,0.0,,2025-01-01,5.0,2.0,10.0,2.0,19.0,4.75,19.0,38.0
134,SCUDO NATURAL CAJA X 3 ,1.0,,,,,,,,,,,,1.0,7.0,14.0,,2029-01-01 00:00:00,0.0,,2025-02-01,1.0,1.0,1.0,1.0,4.0,1.0,4.0,8.0
135,SCUDO ORO ESTRIADO CAJA X 3,0.0,,,,,,,,,,,,0.0,0.0,24.0,,,0.0,,,,,,,0.0,0.0,0.0,0.0
136,SCUDO ORO RETARDANTE CAJA X 3,2.0,,2.0,,,,,,,,,,0.0,8.0,24.0,,2029-01-01 00:00:00,0.0,,2024-06-01,1.0,1.0,1.0,1.0,4.0,1.0,4.0,8.0
137,SINSUEÑO BLIST X 10 ,123.0,,,,,,,,,,,,123.0,19.0,1.0,,2029-05-01 00:00:00,0.0,,2025-04-01,21.0,10.0,10.0,30.0,71.0,17.75,71.0,142.0
138,SOLUCION SALINA ISOTONICA LITRO,1.0,,,,,,,,,,,,1.0,7.0,22.0,,2028-12-01 00:00:00,1.0,,2025-04-01,1.0,1.0,1.0,1.0,4.0,1.0,4.0,8.0
139,SOLUCION SALINA PARA NEBULIZAR 250 ML,3.0,,,,1.0,,,,,,,,2.0,8.0,16.0,,2029-02-01 00:00:00,2.0,,2025-04-01,1.0,2.0,1.0,1.0,5.0,1.25,5.0,10.0
140,SOLUTINA GOTAS OFTALMICAS,0.0,,,,,,,,,,,,0.0,0.0,26.0,,,0.0,,,,,,,0.0,0.0,0.0,0.0
141,SUDAGRIP CAJA X 12 CAPSULAS,0.0,,,,,,,,,,,,0.0,38.0,2.5,,2027-04-01 00:00:00,0.0,,2023-08-01,10.0,4.0,4.0,1.0,19.0,4.75,19.0,38.0
142,SUERO MIXTO 5% FCO 500 ML,1.0,,,,,,,,,,,,1.0,-1.0,19.0,,2026-06-01 00:00:00,0.0,,2024-09-01,,,,,0.0,0.0,0.0,0.0
143,TABCIN AD FM EF DISPEN X 72 SOBRES(CELESTE),41.0,,,,,,,,,,,,41.0,11.0,2.5,BAYER,2025-11-01 00:00:00,0.0,,2024-11-01,4.0,3.0,4.0,15.0,26.0,6.5,26.0,52.0
144,TABCIN EXTRA FUERTE X 60 EFERV (ROJO),63.0,,,,,,,,,,,,63.0,-43.0,2.5,BAYER,2026-05-01 00:00:00,0.0,,2025-01-01,4.0,2.0,2.0,2.0,10.0,2.5,10.0,20.0
145,TABCIN FLEMA Y CONGESTION CAJA X 30,35.0,,,,,,,,,,,,35.0,-11.0,5.0,BAYER,2025-09-01 00:00:00,0.0,,2024-09-01,1.0,1.0,1.0,9.0,12.0,3.0,12.0,24.0
146,TABCIN GRIPE Y TOS LIQUID GEL X 30,32.0,,,,,,,,,,,,32.0,-2.0,5.0,BAYER,2025-10-01 00:00:00,1.0,,2025-02-01,4.0,1.0,1.0,9.0,15.0,3.75,15.0,30.0
147,TABCIN GRIPE Y TOS X 60 TABS EFERV (MORADO),74.0,,4.0,,,,,,,,,,70.0,-24.0,2.5,BAYER,2026-04-01 00:00:00,0.0,,2025-04-01,12.0,3.0,4.0,4.0,23.0,5.75,23.0,46.0
148,TABCIN LIQUID GEL DIA X 30,42.0,,,,,,,,,,,,42.0,-12.0,5.0,BAYER,2025-11-01 00:00:00,1.0,,2024-12-01,3.0,4.0,5.0,3.0,15.0,3.75,15.0,30.0
149,TABCIN LIQUID GEL NOCHE X 30,30.0,,,,,1.0,,,,,,,29.0,7.0,5.0,BAYER,2025-10-01 00:00:00,3.0,,2025-02-01,7.0,5.0,4.0,2.0,18.0,4.5,18.0,36.0
150,TABCIN NIÑOS DISP X 48 BLIST X 12 MASTIC,21.0,,,,,,,,,,,,21.0,19.0,1.5,BAYER,2025-07-01 00:00:00,0.0,,2024-02-01,2.0,4.0,4.0,10.0,20.0,5.0,20.0,40.0
151,TABCIN NIÑOS X 60 EFERV,50.0,,,,,,,,,,,,50.0,-24.0,2.0,BAYER,2025-11-01 00:00:00,0.0,,2025-02-01,1.0,4.0,6.0,2.0,13.0,3.25,13.0,26.0
152,TALCO DERMO-G11 300 GRS,2.0,,,,,,,,,,,,2.0,6.0,25.0,,2027-11-01 00:00:00,2.0,,2025-01-01,1.0,1.0,1.0,1.0,4.0,1.0,4.0,8.0
153,TALCO SUDORIN 110 GRS,1.0,,,,,,,,,,,,1.0,7.0,18.0,,2026-04-01 00:00:00,1.0,,2025-04-01,1.0,1.0,1.0,1.0,4.0,1.0,4.0,8.0
154,TENSIL 25 MG CAJA X 40 BLIST X 20,97.0,,3.0,1.0,4.0,,1.0,,,,,,88.0,82.0,4.3,,2027-01-01 00:00:00,2.0,,2024-12-01,26.0,26.0,10.0,23.0,85.0,21.25,85.0,170.0
155,TERMOMETRO DE CINTA MEDITEM FRONT,2.0,,,,,,,,,,,,2.0,6.0,25.0,,2028-07-01 00:00:00,0.0,,2024-10-01,1.0,1.0,1.0,1.0,4.0,1.0,4.0,8.0
156,TIAMINA 100 MG FCO X 10  ML PIERSAN,2.0,,,,,,,,,,,,2.0,8.0,15.0,,2026-09-01 00:00:00,3.0,,2025-04-01,1.0,2.0,1.0,1.0,5.0,1.25,5.0,10.0
157,TINTURA DE YODO NEGRO 1 ONZ,3.0,,,,,,,,,,,,3.0,5.0,19.0,,2026-11-01 00:00:00,0.0,,2025-03-01,1.0,1.0,1.0,1.0,4.0,1.0,4.0,8.0
158,TIRA LECHE DE VIDRIO,1.0,,,,,,,,,,,,1.0,7.0,39.0,,,0.0,,2024-12-01,1.0,1.0,1.0,1.0,4.0,1.0,4.0,8.0
159,UNI-PULMIN ANTIGRIPAL CAJA X 25 SOBRES,0.0,,,,,,,,,,,,0.0,0.0,3.5,,,,,,,,,,0.0,0.0,0.0,0.0
160,VICK INHALADOR,6.0,,,,,,,,,,,,6.0,8.0,27.0,COIDE,2027-09-01 00:00:00,5.0,,2025-03-01,1.0,2.0,2.0,2.0,7.0,1.75,7.0,14.0
161,VICK TARRO 100 GRS,1.0,,,,,,,,,,,,1.0,5.0,68.0,,2026-09-01 00:00:00,0.0,,2025-01-01,1.0,1.0,,1.0,3.0,0.75,3.0,6.0
162,VICK TARRO 50 GRS,2.0,,1.0,,,,,,,,,,1.0,11.0,38.0,,2026-10-01 00:00:00,3.0,,2025-04-01,2.0,1.0,1.0,2.0,6.0,1.5,6.0,12.0
163,VIRO GRIP GRIPE Y TOS JBE 120 ML,5.0,,1.0,,,,,,,,,,4.0,8.0,35.0,,2027-12-01 00:00:00,10.0,,2025-03-01,1.0,2.0,1.0,2.0,6.0,1.5,6.0,12.0
164,VITAFLENACO GEL TOPICA 20 G,1.0,,,,,,,,,,,,1.0,3.0,38.0,,2026-07-01 00:00:00,0.0,,2024-11-01,1.0,,,1.0,2.0,0.5,2.0,4.0
165,VITAL FUERTE 10 AMP BEB 10 ML,0.0,,,,,,,,,,,,0.0,0.0,5.8,BENDICION,,0.0,,,,,,,0.0,0.0,0.0,0.0
166,"VITANERVO 25,000 KIT AMP PIERSAN ",3.0,,,,,,,,,,,,3.0,13.0,19.0,,2026-07-01 00:00:00,2.0,,2024-11-01,4.0,1.0,2.0,1.0,8.0,2.0,8.0,16.0
167,VITAPYRENA DISP X50,17.0,,,,,,,,,,,,17.0,-5.0,3.5,,2026-01-01 00:00:00,0.0,,2024-08-01,2.0,1.0,2.0,1.0,6.0,1.5,6.0,12.0
168,VITAPYRENA FORTE DISP X50,28.0,,,,,,,,,,,,28.0,-10.0,6.0,,2025-12-01 00:00:00,0.0,,2024-07-01,6.0,1.0,1.0,1.0,9.0,2.25,9.0,18.0
169,XICONEURAL CAJA X 30 INDUCTOR DEL SUEÑO,20.0,,,,,,,,,,,,20.0,12.0,2.5,,2026-09-01 00:00:00,0.0,,2025-01-01,4.0,4.0,4.0,4.0,16.0,4.0,16.0,32.0
170,XIRMEN 4 MG /2 ML X 1 AMP INYECT ,1.0,,,,,,,,,,,,1.0,7.0,48.0,,2028-08-01 00:00:00,2.0,,2025-04-01,,1.0,2.0,1.0,4.0,1.0,4.0,8.0
171,ZORRITONE CARAMELO JENGIBRE POWER X 100,14.0,,,,,,,,,,,,14.0,8.0,0.75,,2026-07-01 00:00:00,0.0,,2024-02-01,4.0,2.0,3.0,2.0,11.0,2.75,11.0,22.0
172,,,,,,,,,,,,,,,,,,,,,,,,,,,,,
173,,,,,,,,,,,,,,,,,,,,,,,,,,,,,
174,,,,,,,,,,,,,,,,,,,,,,,,,,,,,
175,,,,,,,,,,,,,,,,,,,,,,,,,,,,,
176,,,,,,,,,,,,,,,,,,,,,,,,,,,,,
177,,,,,,,,,,,,,,,,,,,,,,,,,,,,,
