ID,PRODUCTO,INV,COST,PRESENTACION COSTO,PP,VC,FC,UBICA,FF,QUE ES,P QUE S,DOSIFICA,PA
1,ACEITE DE RECINO 1 ONZ LASANA,3.0,6.5,FRASCO,11.0,2026-08-01,2024-12-01,,,,,,
2,ACETAMINOFEN  500 MG BLISTR X 10 CAJA X 100,147.0,1.27,CAJA,2.1,2025-03-01,2024-11-01,,,,,,
3,ACICLOVIR 400 MG/5ML  FCO 100 ML CAPLIN,2.0,19.95,FRASCO,38.0,2025-10-01,2023-11-01,,,,,,
4,ACIDO ACETILSALICILICO 100 MG BLISTER X 10 CAJA X 100,8.0,0.8,BLSTER,2.5,2025-04-01,2024-03-01,,,,,,
5,ACIDO BORICO POLVO 1 ONZ BOLSA X 8,12.0,1.65,BOLSA,5.0,2027-11-01,2024-12-01,,,,,,
6,ALBENDAZOL 400 MG SUSP FCO X 10 ML CAPLIN,7.0,3.25,FRASCO,7.0,2025-10-01,2025-01-01,,,,,,
7,ALBENDAZOL CAJA X 2 TAB CAPLIN Y ARGUS,9.0,0.817,CAJA,5.0,2026-04-01,2024-03-01,,,,,,
8,ALCOHOL  ELITICO70% 1/2 LITRO VESA,3.0,9.5,BOTELLA,15.0,2026-10-01,2024-11-01,,,,,,
9,ALCOHOL ALCANFORADO 120 ML SANTE,3.0,4.55,BOTELLA,8.0,2026-05-01,2024-09-01,,,,,,
10,ALOPURINOL 300 MG BLISTER X 10 CAJA X 100,8.0,3.0,BLISTER,5.0,2026-10-01,2024-12-01,,,,,,
11,AMLODIPINA 10 MG BLISTER X 10 CAJA X 100,16.0,2.23,BLISTER,5.0,2025-10-01,2024-01-01,,,,,,
12,AMLODIPINA 5 MG BLISTER X 10 CAJA X 100,22.0,1.624,BLISTER,4.0,2027-03-01,2024-12-01,,,,,,
13,AMOXI+CLAV 400+57MG BID 70 ML (LEVECILIN) ,2.0,51.95,FRASCO,85.0,2026-05-01,2024-12-01,,,,,,
14,AMOXICILINA 500 MG BLIST X 10 CAJA X 100 (ARGUS O CAPLIN),17.0,2.77,BLISTER,6.0,2026-10-01,2024-12-01,,,,,,
15,AMPICILINA 500 MG BLISTER X 10 CAJA X  100,0.0,4.63,BLISTER,10.0,2027-05-01,2025-01-01,,,,,,
16,ATENOLOL 100 MG BLIST X A10 CAJA X 100 (ARGUS O CAPLIN),13.0,1.78,BLISTER,5.0,2026-04-01,2024-08-01,,,,,,
17,AZITROMICINA 200 MGS FCO X 30 ML CAPLIN,2.0,12.0,FRASCO,23.0,2026-10-01,2025-01-01,,,,,,
18,AZITROMICINA 200 MGS SUSP FCO X 15 ML SELEC,3.0,14.65,FRASCO,25.0,2026-03-01,2024-03-01,,,,,,
19,AZITROMICINA 500 MG CAJA X 3 TAB,14.0,8.04,CAJA,18.0,2027-03-01,2025-01-01,,,,,,
20,BENZOATO DE BENCILO FCO X 120 ML SELEC,2.0,10.8,FRASCO,19.0,2026-04-01,2024-08-01,,,,,,
21,BICARBONATO DE SODIO MEDIA LIBRA DISFAVIL,7.0,3.9,BOLSA,7.0,2026-06-01,2025-01-01,,,,,,
22,CALCIO + VITAMINA D  BLISTER X 10 CAJA X 100 SELEC,10.0,3.56,BLISTER,6.0,2028-06-01,2025-01-01,,,,,,
23,CARBAMAZEPINA 200 MG BLIST X 10 CAJA X 100 SELEC,14.0,5.0,BLISTER,9.0,2028-07-01,2024-12-01,,,,,,
24,CARBAMAZEPINA 200 MGS BLIST X 10 CAJA X 100 CAPLIN,9.0,2.595,BLISTER,5.0,2026-04-01,2024-11-01,,,,,,
25,CEFIXIMA 100MG/5ML X FCO 60 ML ARGUS O CAPLIN,2.0,18.0,FRASCO,34.0,2026-08-01,2024-10-01,,,,,,
26,CEFTRIAXONA 1G VIAL PANAL CAJA X 10 ARGUS,9.0,5.25,VIAL,10.0,2025-03-01,2024-07-01,,,,,,
27,CELECOXIB 200 MGS BLIST X 10 CAJA X 100 CAPLIN,16.0,4.595,TABLETA,10.0,2027-05-01,2024-12-01,,,,,,
28,CETIRIZINA 10 MG CAJA X 10 TAB CAPLIN,40.0,0.695,TABLETA,1.5,2026-08-01,2024-12-01,,,,,,
29,CIPROFLOXACINA 0.3 % SOL OFTALMICAS  FACO X 5 ML SELEC ,2.0,17.55,FRASCO,30.0,2027-02-01,2024-09-01,,,,,,
30,CLOPIDROGEL 75 MGS BLIST X 10 CAJA X 100,10.0,8.315,BLISTER,17.0,2028-12-01,2024-10-01,,,,,,
31,CLOTRIMAZOL 2 % CREMA VAG 20 GRS SELEC,3.0,9.75,TUBO,17.0,2028-02-01,2024-12-01,,,,,,
32,CLOTRIMAZOL 2 % CREMA VAG 30 GRS CAPLIN,2.0,8.75,TUBO,16.0,2026-08-01,2024-09-01,,,,,,
33,CLOTRIPLEX LATITA X  12.5 GRS CAJA X 40 ,63.0,5.3,LATITA,8.0,2027-08-01,2025-01-01,,,,,,
34,COMPLEJO B BLISTER X 10 CAJA X 100 CAPLIN,10.0,0.8,BLISTER,2.0,2026-10-01,2024-12-01,,,,,,
35,COMPLEJO B JARABE CAJA X 10 SOBRES CAPLIN ,1.0,22.95,SOBRE,40.0,2026-05-01,2024-12-01,,,,,,
36,COQUELUCHE FCO 120 ML,1.0,23.85,FRASCO,39.0,2026-02-01,2023-03-01,,,,,,
37,CREMA LASSAR BB COOL 120 GRS,3.0,13.45,FRASCO,23.0,2027-08-01,2025-01-01,,,,,,
38,DESLORATADINA 5 MG BLISTER X 10 CAJA X 100 CAPLIN,14.0,2.78,BLISTER,5.0,2027-03-01,2024-11-01,,,,,,
39,DESLORATADINA 5 MG BLISTER X 20 CAJA X 100 SELEC,20.0,4.4,BLISTER,8.0,2027-07-01,2025-01-01,,,,,,
40,DESLORTADINA JARABE FCO X 60 ML SELEC,4.0,22.95,FRASCO,39.0,2027-06-01,2024-10-01,,,,,,
41,DEXAMETASONA BLIST X 10 CAJA X 100 CAPLIN,12.0,4.0,BLISTER,7.0,2027-03-01,2025-01-01,,,,,,
42,DEXTROMETORFANO  JBE 120 ML SELEC,5.0,9.85,FRASCO,17.0,2026-02-01,2023-08-01,,,,,,
43,DICLOCIEN 100 MGS CAPS GRANU BLIST X 10 CAJA X 100,12.0,2.875,BLISTER,7.0,2026-06-01,2024-09-01,,,,,,
44,DICLOCIEN 100 MGS GEL CAPS BLIST X 10 CAJA X 100,11.0,4.4,BLISTER,9.0,2025-10-01,2024-12-01,,,,,,
45,DICLOFENACO 100 MGS SOD GEL CAPS BLIST X 10 CAJA X 100 AR,55.0,0.43,GEL CAPS,0.8,2026-06-01,2025-01-01,,,,,,
46,DICLOFENACO POT 50 MG BLIST X 10 CAJA X 100 ARGUS,27.0,0.94,BLISTER,2.5,2027-02-01,2024-11-01,,,,,,
47,DICLOFENACO SOD 50 MG BLIS X 10 CAJA X 100 SELEC,14.0,1.265,BLISTER,2.5,2028-04-01,2024-03-01,,,,,,
48,DICLOXACILINA 500 MG BLISTER X 10 CAPLIN CAJA X 100,5.0,8.35,BLISTER,17.0,2026-07-01,2024-08-01,,,,,,
49,DIPIRONA AMPOLLA 2 ML CAPLIN,8.0,1.75,AMPOLLA,3.0,2027-06-01,2025-01-01,,,,,,
50,DOLFIX 100 MGS CAPS GRANU BLIST X 10 CAJA X 100,7.0,6.5,BLISTER,12.0,2026-03-01,2024-05-01,,,,,,
51,DOLFIX 100 MGS GEL CAPS BLIST X 10 CAJA X 20,4.0,6.75,BLISTER,13.0,2026-09-01,2024-09-01,,,,,,
52,DOLODENT SANTE 18 ML CAJA X 12 UNIDADES,5.0,4.04,FRASCO,7.0,2025-11-01,2024-11-01,,,,,,
53,DOLO-NERVISEL  KIT ,12.0,10.88,BLISTER,19.0,2027-05-01,2024-12-01,,,,,,
54,DROPADEX 25 MGS GEL CAPS BLIST X 10 CAJA X 50,66.0,1.25,BLISTER,4.0,2025-08-01,2024-09-01,,,,,,
55,DROPADEX DUO BLIST X 10 CAJA X 50 ,26.0,2.5,BLISTER,4.5,2026-04-01,2024-12-01,,,,,,
56,ENALAPRIL 20MG BLIST X 20 SELECT CAJA X 100,17.0,4.25,BLISTER,8.0,2026-01-01,2025-01-01,,,,,,
57,ENZIMAS DIGES BLIST X 10 CAJA X 30 CONAMEP,10.0,8.03,BLISTER,15.0,2027-08-01,2025-01-01,,,,,,
58,ENZITROL BLIST X 10 CAJA X 100,13.0,7.92,BLISTER,13.0,2027-08-01,2025-01-01,,,,,,
59,ERITROMICINA 500 MGS BLIST X 10 CAJA X 50,6.0,11.46,BLISTER,20.0,2026-01-01,2024-01-01,,,,,,
60,ERITROMICINA SUSP 250 MGS/5ML FCO X  60 ML THERFAM,2.0,12.15,FRASCO,22.0,2027-09-01,2024-02-01,,,,,,
61,ERMAVIGOR PLUS X 10 AMP BEBIBLE PHENIEL ,1.0,50.55,AMPOLLA BEBIBLE,85.0,2025-04-01,2024-06-01,,,,,,
62,ESOMEPRAZOL 40 MG BLIST X 10 CAJA X 100 WASHINGTON,10.0,0.75,BLISTER,1.8,2025-02-01,2024-11-01,,,,,,
63,ESOMEPRAZOL 40 MGS BLIST X CAJA X 30 CAPLIN,19.0,10.857,BLISTER,20.0,2027-02-01,2024-12-01,,,,,,
64,ETORICOXIB 60 MG CAJA X 10 TAB CAPLIN,5.0,4.0,BLISTER,6.0,2026-02-01,2023-10-01,,,,,,
65,ETORICOXIB 90 MG CAJA X 10 TAB CAPLIN,22.0,5.0,BLISTER,8.3,2026-09-01,2024-12-01,,,,,,
66,EXFLU ADULTO SINUS FCO 120 ML,1.0,18.95,FRASCO,32.0,2026-09-01,2024-12-01,,,,,,
67,EX-FLU JARABE FCO X 120 ML MULTISINTOMAS,4.0,11.65,FRASCO,20.0,2027-02-01,2024-12-01,,,,,,
68,FEXADRIL(DEXCLO+BETAM) JBE 120 ML WINZER,1.0,59.95,FRASCO,94.0,2025-11-01,2024-10-01,,,,,,
69,FLUCONAZOL 150 MG CAJA X 2 CAPS CAPLIN,4.0,3.25,CAJA,6.0,2027-05-01,2025-01-01,,,,,,
70,FLUCONAZOL 150 MGS CAJA X 2 CAPS SELEC,5.0,3.6,CAJA,6.0,2027-05-01,2024-12-01,,,,,,
71,FOSFOLIP ESENC DR KENDAL CAJA X 30 BLIST X 10,12.0,8.65,BLISTER,15.0,2027-06-01,2024-12-01,,,,,,
72,GABAPENTINA 400 MG BLIST X 10  CAJA X 100 ARGUS,71.0,1.58,BLISTER,3.0,2027-05-01,2024-12-01,,,,,,
73,GASTROPRAL BLIST X 10 CAJA X 100 ,9.0,5.895,BLISTER,12.0,2027-02-01,2024-12-01,,,,,,
74,GENCLOBEN CREMA TUBO 30 GMS,1.0,13.95,TUBO,24.0,2026-10-01,2024-09-01,,,,,,
75,GERIATRI H3 C/GINS ROJO GEL CAPS BLIST X 10 CAJA X 30 CONA,7.0,5.855,BIS,12.0,2027-02-01,2024-10-01,,,,,,
76,GINKO BILOBA+G BLIST X 10 CAJA X 50 GEL CAPS  CONAMEP,61.0,1.19,BLISTER,2.0,2027-02-01,2024-11-01,,,,,,
77,GINSENG JALEA REAL CAJA X 10 ML CAPLIN,1.0,18.8,SASHET,35.0,2025-10-01,2025-01-01,,,,,,
78,GLICITOS JBE FCO X 120 ML ,5.0,10.65,FRASCO,19.0,2027-05-01,2024-12-01,,,,,,
79,GLUXICAM SOBRE CAJA X 14 (MELOXICAM + GLUCOS),19.0,5.34,SOBRE,9.0,2026-04-01,2024-08-01,,,,,,
80,GRIIN VITAMIN LIQUIPACK SOBRE CAJA X 12 ,2.0,44.95,SOBRE,75.0,2026-02-01,2024-06-01,,,,,,
81,GUAYATOS FCO X 120 ML ,7.0,8.1,FRASCO,13.0,2028-05-01,2024-12-01,,,,,,
82,HIDROCLOROTIAZIDA 50 MG BLIST X 10 CAJA X 100 CAPLIN ,9.0,2.5,BLISTER,5.0,2027-04-01,2025-01-01,,,,,,
83,IBUPROFEN 400 MGS BLISTER X 10  CAJA X 100 ARGUS ,14.0,1.73,BLISTER,4.0,2027-07-01,2024-12-01,,,,,,
84,IBUPROFEN 600 MGS BLISTER X 10 CAJA X 100  ARGUS,17.0,1.9,BLISTER,5.0,2025-06-01,2024-12-01,,,,,,
85,IBUPROFEN 800 MGS BLISTER X 10 CAJA X 100 ARGUS,23.0,3.4,BLISTER,7.0,2026-10-01,2024-12-01,,,,,,
86,IBUWIN 400 GEL CAPS BLIST X 10  CAJA X 50,26.0,0.47,BLISTER,1.0,2026-10-01,2024-10-01,,,,,,
87,IBUWIN 600 GEL CAPS BLIST X 10 CAJA X 100 ,55.0,0.78,BLISTER,1.4,2026-04-01,2024-10-01,,,,,,
88,IBUWIN FORTE  GEL CAPS BLIST X 10  CAJA X 100 ,15.0,9.916,BLISTER,20.0,2026-12-01,2024-11-01,,,,,,
89,IRBERSA+HIDRO 300/25 BLIST X 10 CAJ X 30 CAPLIN,2.0,33.85,BLISTER,55.0,2026-05-01,2024-08-01,,,,,,
90,IRBERSARTAN 150 MG BLIST X 10 CAJA X 30CAPLIN,5.0,24.98,BLISTER,39.6,2025-10-01,2024-03-01,,,,,,
91,IRBERSARTAN 300MG BLIST X 10 CAJA X 30 CAPLIN,5.0,25.33,BLISTER,40.0,2026-01-01,2024-02-01,,,,,,
92,JERINGA 10 ML 21 X 1 1/2 CAJA X 100,27.0,0.65,,1.5,2025-05-01,2022-12-01,,,,,,
93,JERINGA 10 ML 22 X 1 1/2 CAJA X 100,33.0,0.6,UNIDAD,1.5,2029-06-01,2025-01-01,,,,,,
94,JERINGA 3 ML 21 X1 1/2 DIFASA CAJA X 100,70.0,0.5,UNIDAD,1.0,2025-05-01,2021-01-01,,,,,,
95,JERINGA 3 ML 22 X1 1/2 SUM SHIN CAJA X 100,36.0,0.36,UNIDAD,1.0,2028-09-01,2025-01-01,,,,,,
96,JERINGA 3 ML 23 X 1 1/4 THERFAM CAJA X 100,120.0,0.34,UNIDAD,1.0,2029-08-01,2024-11-01,,,,,,
97,JERINGA 3ML 23X1 1/12 DIFASA CAJA X 100,89.0,0.4,UNIDAD,1.0,2028-08-01,2024-11-01,,,,,,
98,JERINGA 5 ML 22 X 1 1/2 CAJA X 100,127.0,0.37,UNIDAD,1.0,2026-09-01,2025-01-01,,,,,,
99,KETOCONAZOL CREMA 15 GM ARGUS CAPLIN,2.0,4.95,TUBO,10.0,2026-10-01,2025-01-01,,,,,,
100,KETOROLACO 20 MG BLIST X 10 CAJA X 50,133.0,0.97,BLISTER,2.0,2025-10-01,2024-08-01,,,,,,
101,KLORPROSIN  (CLONIS+PRO)  BLIST X 10 CAJA X 100,96.0,0.84,BLISTER,1.4,2026-11-01,2024-08-01,,,,,,
102,KLORPROSIN KIT INY X UNIDAD,2.0,13.75,KIT,25.0,2027-02-01,2024-08-01,,,,,,
103,KOLICON 15 ML ,2.0,15.95,FRASCO,27.0,2026-07-01,2023-11-01,,,,,,
104,LANSOPRAZOL 30MG BLIS X 10 CAJA X 100 ARGUS ,19.0,3.42,BLISTER,9.0,2025-09-01,2024-08-01,,,,,,
105,LEVOCETIRIZINA 5 MG  CAJA X 10 TAB ,75.0,0.58,BLISTER,1.2,2025-10-01,2024-12-01,,,,,,
106,LEVOGASTRIC CAJA X 30 BLISTER X 5 ,14.0,6.78,BLISTER,13.0,2026-03-01,2024-11-01,,,,,,
107,LORATADINA 10MG  BLISTX 10 TABS CAPLIN CAJA X 100,12.0,1.57,BLISTER,5.0,2025-10-01,2024-12-01,,,,,,
108,LORATADINA 10MG X BLIS X 20 CAJA X 100 SELEC,19.0,4.2,BLISTER,8.0,2028-08-01,2024-12-01,,,,,,
109,LORATADINA 5 MG JBE SELEC ,4.0,8.09,FRASCO,15.0,2027-06-01,2024-12-01,,,,,,
110,LUBRICANTE VIVE 120 ML NATURAL,1.0,25.35,FRASCO,40.0,2026-01-01,2024-08-01,,,,,,
111,LUBRICANTE VIVE 120 ML S. FRESA,1.0,25.35,FRASCO,40.0,2025-11-01,2024-05-01,,,,,,
112,MAGNESIO LIVE VIT C CAJA X 18 SOBRES ,13.0,8.35,SOBRE,15.0,2027-03-01,2024-09-01,,,,,,
113,MESI 3 ( ANTICONCEPTIVO 3 MESES) PIERSAN,1.0,33.5,KIT,53.0,2026-02-01,2024-10-01,,,,,,
114,METFORMINA 1 GM BLIST X 10 CAJA X 100 CAPLIN,11.0,5.995,BLISTER,10.0,2026-04-01,2025-01-01,,,,,,
115,METFORMINA 1G BLIST X10 TAB CAJA X 100 INFASA,13.0,6.63,BIS,10.5,2027-06-01,2024-12-01,,,,,,
116,METFORMINA 850 MG BLIST X 10 CAJA X 100 CAPLIN,6.0,3.33,BLISTER,6.0,2025-11-01,2024-12-01,,,,,,
117,METICOBALAMINA 500MG/ML CAJA X 5 AMP LOKET,0.0,10.99,AMPOLLA,18.0,2025-12-01,2023-11-01,,,,,,
118,METOCARBAMOL BLIST X 10 CAJA X 100 CAPLIN,6.0,3.3,BLISTER,8.0,2025-09-01,2024-10-01,,,,,,
119,METOCARBAMOL BLIST X 10 CAJA X 100 SELECT,11.3,4.5,BLISTER,8.0,2027-04-01,2024-11-01,,,,,,
120,NAFASOLINA .025% DE 15 ML,2.0,10.51,FRASCO,19.0,2026-03-01,2024-08-01,,,,,,
121,NAPROLIV  (NAPROXENO  550 MG) CAJA X 50 BLIST X 10,4.0,10.26,BLISTER,17.0,2028-05-01,2024-10-01,,,,,,
122,NAPROXENO 550 MG BLIST X 10 CAJA X 100 CAPLIN/ARGUS,9.0,8.0,BLISTER,15.0,2027-03-01,2024-12-01,,,,,,
123,NASOLIN GOTAS 15 ML  MEDIPROD,2.0,18.25,FRASCO,32.0,2027-09-01,2024-07-01,,,,,,
124,NEUROTROPAS GEL CAPS CAJA X 50 BLIST X 10 CONAMEP,75.0,0.864,BLISTER,1.5,2026-04-01,2024-08-01,,,,,,
125,NISTATINA 30ML GOTAS SELEC,2.0,9.95,FRASCO,18.0,2027-08-01,2024-11-01,,,,,,
126,NISTATINA CREMA SELEC,1.0,10.95,TUBO,19.0,2027-09-01,2024-12-01,,,,,,
127,NISTATINA SUSPENSION  30 ML CAPLIN ,2.0,8.95,FRASCO,16.0,2027-05-01,2024-11-01,,,,,,
128,NITASEL NITAXOZANIDA 100MG/5ML SUS SELEC ,4.0,25.95,FRASCO,44.0,2027-03-01,2024-10-01,,,,,,
129,NITASEL NITAZOXANIDA 500MG X6TAB SELECT,7.0,17.85,CAJA,32.0,2026-06-01,2025-01-01,,,,,,
130,OMEPRAZOL 20 MG BLISTER X 10 ARGUS CAJA X 100,7.0,2.095,BLISTER,5.0,2026-03-01,2024-10-01,,,,,,
131,PENETRACINA 3 CREMA 15 GR MEDIPROD,2.0,29.95,TUBO,49.0,2025-09-01,2024-01-01,,,,,,
132,PODOFILINA 25% X 5 ML F QUIMICA,1.0,30.65,FRASCO,52.0,2026-01-01,2025-01-01,,,,,,
133,PREDNISONA 50MG BLISTER X 10 SELEC CAJA X 100,52.0,1.879,BLISTER,4.2,2027-04-01,2024-10-01,,,,,,
134,PRENATALES (MULTIVI+MINERA) GEL CAPS KURANTIS ,3.0,6.095,BLISTER,10.0,2026-04-01,2024-02-01,,,,,,
135,PRENATALES C/FLUOR BLIST X 10 CAJA X 50 CONAMEP,0.0,6.55,BLISTER,12.0,2026-02-01,2023-05-01,,,,,,
136,PRENATALES PLUS 6 BLIS X 5 CAJA X 30 CAP CONAMEP,22.0,6.57,BLISTER,11.0,2027-08-01,2025-01-01,,,,,,
137,PROSTALINE CAJA X 30 BLISTER X 10 CAP,3.0,11.833,BLISTER,20.0,2026-08-01,2024-12-01,,,,,,
138,PRUDENCE ANILLOS Y PUNTOS CAJA X 3 PERSERVATIVOS,2.0,14.9,CAJA,25.0,2027-10-01,2024-12-01,,,,,,
139,"PRUDENCE CAJA X 3   MENTA, FRESA,CHOCOLATE,UVA",6.0,14.15,CAJA,24.0,2027-11-01,2024-08-01,,,,,,
140,PRUDENCE CLASICO SOBRE X 3 PERSERVATIVO,2.0,11.75,CAJA,20.0,2028-05-01,2024-09-01,,,,,,
141,PRUDENCE RETARDANTE SOBRE X 3 PERSERVATIVOS ,2.0,20.95,CAJA,35.0,2027-02-01,2024-09-01,,,,,,
142,PRUDENCE SENSITIVE SOBRE X 3 PERSERVATIVOS ,1.0,16.1,CAJA,27.0,2026-10-01,2024-09-01,,,,,,
143,RELAX PLUS CAJA X 30 CAPS BLIST X 10 CONAMEP,32.0,0.88,BLISTER,1.5,2027-06-01,2025-01-01,,,,,,
144,SAL INGLESA SOBRE X 25 VESA,32.0,0.302,SOBRE,1.0,2027-01-01,2025-01-01,,,,,,
145,SECNIDAZOL 125 MG SUSP FCO X 30 ML,2.0,13.4,FRASCO,23.0,2025-06-01,2023-09-01,,,,,,
146,SECNIDAZOL 500 MG X 4 TAB ARGUS,7.0,3.54,CAJA,9.0,2026-06-01,2024-10-01,,,,,,
147,SECNIDAZOL 500 MG X 4 TAB CAPLIN,6.0,4.43,CAJA,8.0,2026-08-01,2024-07-01,,,,,,
148,SECNIDAZOL SUSP 125 MG 5ML CAPLIN ,3.0,11.0,FRASCO,20.0,2026-07-01,2024-06-01,,,,,,
149,SEGURA PLUS ,5.0,13.2,CAJA,23.0,2029-02-01,2024-12-01,,,,,,
150,SENOSIDOS  CAJA X 30 BLIST X 10 CONAMEP,133.0,0.57,BLISTER,1.0,2026-08-01,2024-10-01,,,,,,
151,SOSTENGO SILDENAFIL 100MG CAJA X 24 SOB Y CAJITA X 2 TAB,11.0,4.92,CAJA,10.0,2026-11-01,2024-12-01,,,,,,
152,SPASMOCLOR (CLORDIA+BROM DE CLID) BLISX 20 CJA X 100,107.0,0.939,BLISTER,1.6,2025-05-01,2024-07-01,,,,,,
153,SPORT GEL FORTE 30 GRS,2.0,11.25,TUBO,20.0,2026-06-01,2024-08-01,,,,,,
154,SULFATO DE SODA X 16 SOBRES DISFAVIL,7.0,0.28,RU,0.5,,2022-09-01,,,,,,
155,SULFATO FERROSO 350 MG BLIST X 10 SELEC,6.0,1.62,BLISTER,3.0,2026-05-01,2024-03-01,,,,,,
156,SUPOSITORIOS ACETAMINF 300MG CAPLIN,5.0,1.44,UNIDAD,3.0,2025-09-01,2023-04-01,,,,,,
157,TELMISARTAN 80 MG CAJA X 30 BLIST X 10,3.0,26.72,BLISTER,44.0,2026-06-01,2024-12-01,,,,,,
158,TETRACICLINA 500 MG BLISTER X 10 CAJA X 100,11.0,3.09,BLISTER,7.0,2027-03-01,2024-12-01,,,,,,
159,TRIMETOSE VIJOSA 120ML JARABE,5.0,21.95,FRASCO,35.0,2026-12-01,2024-12-01,,,,,,
160,"TRIPLE C FLUID CAJA X 30 SOBRES (ACETIL,PIRIDOXINA, VIT C)",29.0,8.298,SASHET,15.0,2026-09-01,2024-09-01,,,,,,
161,UNIACT KIT (medroxiprogesterona 150m) CA,1.0,33.3,KIT,60.0,2025-08-01,2024-07-01,,,,,,
162,VALSARTAN 160 CAJA X 30  BLIST X 10 TAB CAPLIN,2.0,21.08,BLISTER,46.66,2026-03-01,2024-03-01,,,,,,
163,VIRO GRIP AM SOBRE X 2 GEL CAP CAJA X 24,39.0,2.81,SOBRE,5.0,2026-06-01,2025-01-01,,,,,,
164,VIRO GRIP GRIPE Y TOS JBE 120 ML,6.0,21.55,FRASCO,35.0,2027-05-01,2024-12-01,,,,,,
165,VIRO GRIP PM SOBRE X 2 GEL CAP CAJA X 24,44.0,2.81,SOBRE,5.0,2026-05-01,2024-12-01,,,,,,
166,VIROGRIP NF LIMON POLVO AM X 24 SOBRES,20.0,3.047,SOBRE,5.0,2026-02-01,2024-11-01,,,,,,
167,VIROGRIP NF LIMON POLVO PM X 24 SOBRES,22.0,3.05,SOBRE,5.0,2026-04-01,2024-10-01,,,,,,
168,VITAMINA K AMPOLLA SELEC,5.0,4.3,AMPOLLA,8.0,2027-07-01,2025-01-01,,,,,,
169,VITAMINAS PARA DIABETICOS CAJA X 30  BLIST X 10 GELCAPS,4.0,15.38,BLISTER,25.0,2026-06-01,2023-04-01,,,,,,
170,WARFARINA 5 MG BLIST X 10 ,20.0,1.195,BLISTER,2.5,2026-07-01,2024-12-01,,,,,,
171,ZETAWIN FORTE 1G CAJA X 20 TAB BLIST X 10,14.0,3.337,BLISTER,5.7,2026-06-01,2024-08-01,,,,,,
172,ZINC 15 MG GEL BLISTER X 10  CAJA X 50,6.0,3.95,BLISTER,7.0,2027-07-01,2024-11-01,,,,,,
173,ZINC 20 MG CAJA X 100  BLIST X 10 TAB CAPLIN,9.0,2.5,BLISTER,4.0,2025-06-01,2024-03-01,,,,,,
174,ZINKVANZ (ZINC)10MG/5ML JBE 120ML SEVEN ,1.0,41.05,FRASCO,69.0,2027-07-01,2025-01-01,,,,,,
175,ZORRIPULMIN 240 ML ,2.0,22.8,FRASCO,36.0,2025-10-01,2023-11-01,,,,,,
176,ZORRITONE JARABE 120 ML ,2.0,20.95,FRASCO,33.0,2026-02-01,2024-11-01,,,,,,
